,rdkit_qed,rdkit_BCUT2D_LOGPLOW,rdkit_HallKierAlpha,rdkit_Kappa3,rdkit_PEOE_VSA1,rdkit_PEOE_VSA10,rdkit_SMR_VSA1,rdkit_SlogP_VSA2,rdkit_SlogP_VSA3,rdkit_TPSA,rdkit_EState_VSA10,rdkit_VSA_EState3,rdkit_VSA_EState7,rdkit_NHOHCount,rdkit_NOCount,rdkit_NumAtomStereoCenters,rdkit_NumHAcceptors,rdkit_NumHDonors,rdkit_NumHeteroatoms,rdkit_MolLogP
rdkit_qed,1.0,0.7146899504655193,0.6561066790660026,-0.834794094475636,-0.8216036622059957,-0.8084525646276743,-0.8219975597399922,-0.8194526638814036,-0.7632997307491834,-0.8341891085270404,-0.8592724222080546,-0.8270482244479913,0.8324630263198624,-0.8453779529165715,-0.8226384476535431,-0.8373554274935782,-0.8198578510579176,-0.8501602163318422,-0.8153122274177804,0.8035641688895954
rdkit_BCUT2D_LOGPLOW,0.7146899504655193,1.0,0.30137959813064563,-0.5024808737234787,-0.5485078182552041,-0.5462659916962912,-0.5566183924528886,-0.5609118450896382,-0.5461225492372119,-0.5554304735813544,-0.6396508643800396,-0.5421853699903115,0.5947701298210186,-0.5608275112404756,-0.560497182706121,-0.6123008002927339,-0.55616484213966,-0.5552893239353328,-0.5647255091471544,0.5274135581227525
rdkit_HallKierAlpha,0.6561066790660026,0.30137959813064563,1.0,-0.7131857798093871,-0.7250811749220295,-0.7067793457159475,-0.6894837095913257,-0.6620674001293826,-0.664326223372709,-0.7065434849449903,-0.6962121448011034,-0.6958282519262007,0.683807613988258,-0.7051744213256951,-0.6894621324285116,-0.6692308896589628,-0.6776053935924929,-0.7057076024541311,-0.6606988165770681,0.692601049738922
rdkit_Kappa3,-0.834794094475636,-0.5024808737234787,-0.7131857798093871,1.0,0.9487644953038977,0.9383083874641638,0.9572098188713083,0.9566158712984406,0.9356876249841881,0.9658570323522211,0.9550082192496001,0.9524483359692428,-0.931409629985938,0.9595620019973818,0.9609443710876014,0.946223045127836,0.9560237467155922,0.9616356239901083,0.9613312136646561,-0.9170871407615641
rdkit_PEOE_VSA1,-0.8216036622059957,-0.5485078182552041,-0.7250811749220295,0.9487644953038977,1.0,0.9960502232308481,0.9948929364817432,0.9912779340395753,0.9711382711565331,0.993774877730952,0.9753970560969124,0.9945852775968163,-0.9782598883089781,0.9918326007258291,0.9932757433544394,0.9799289755981566,0.9936217532628572,0.9926353651910016,0.9881288996950283,-0.9717237723326104
rdkit_PEOE_VSA10,-0.8084525646276743,-0.5462659916962912,-0.7067793457159475,0.9383083874641638,0.9960502232308481,1.0,0.9920663837700096,0.9907320475653569,0.9716556421980929,0.9891710356863335,0.9705146643113538,0.9927174573239564,-0.9795776870971167,0.9851224627111131,0.9905959615859911,0.9718120275955877,0.9932527340026085,0.9892743258557516,0.986066413536238,-0.9760547861149945
rdkit_SMR_VSA1,-0.8219975597399922,-0.5566183924528886,-0.6894837095913257,0.9572098188713083,0.9948929364817432,0.9920663837700096,1.0,0.9976872601380781,0.9828793136202227,0.9984348800235252,0.980285118119187,0.9950379235570798,-0.9800534722534432,0.9919921968139829,0.9994802450779516,0.9798198529764753,0.9984813536660643,0.9932130925451498,0.9974602529086148,-0.9734114044385441
rdkit_SlogP_VSA2,-0.8194526638814036,-0.5609118450896382,-0.6620674001293826,0.9566158712984406,0.9912779340395753,0.9907320475653569,0.9976872601380781,1.0,0.9801676609067036,0.9954960544478922,0.980729182194807,0.9958661836457423,-0.9790047559786292,0.9893052911558972,0.99778251652139,0.9810947949656518,0.9993086153958131,0.9924769933648517,0.9971041217871254,-0.9710860443021573
rdkit_SlogP_VSA3,-0.7632997307491834,-0.5461225492372119,-0.664326223372709,0.9356876249841881,0.9711382711565331,0.9716556421980929,0.9828793136202227,0.9801676609067036,1.0,0.9766491357747159,0.9700698499409252,0.9652230860746193,-0.9668061365563091,0.9553691906891799,0.9853065510209791,0.9667941558253804,0.9824613641554317,0.9586460671871461,0.9872189157419092,-0.9439716068144774
rdkit_TPSA,-0.8341891085270404,-0.5554304735813544,-0.7065434849449903,0.9658570323522211,0.993774877730952,0.9891710356863335,0.9984348800235252,0.9954960544478922,0.9766491357747159,1.0,0.9794320687475829,0.9941927579953862,-0.9770289398794284,0.9958770053581469,0.9984944660633416,0.9755610525965159,0.9960675284762054,0.9949292412701972,0.9959731694128057,-0.9755145258605297
rdkit_EState_VSA10,-0.8592724222080546,-0.6396508643800396,-0.6962121448011034,0.9550082192496001,0.9753970560969124,0.9705146643113538,0.980285118119187,0.980729182194807,0.9700698499409252,0.9794320687475829,1.0,0.9733694130619407,-0.9674830634744389,0.970122701042257,0.9822605364030031,0.9796387570090949,0.9814936071458846,0.9751505487902103,0.9810716223569262,-0.946736748274371
rdkit_VSA_EState3,-0.8270482244479913,-0.5421853699903115,-0.6958282519262007,0.9524483359692428,0.9945852775968163,0.9927174573239564,0.9950379235570798,0.9958661836457423,0.9652230860746193,0.9941927579953862,0.9733694130619407,1.0,-0.973996957526622,0.9931338182176503,0.9936157947105279,0.9764530058467665,0.9961579432250627,0.9973003748533591,0.9894020945405954,-0.972335570190718
rdkit_VSA_EState7,0.8324630263198624,0.5947701298210186,0.683807613988258,-0.931409629985938,-0.9782598883089781,-0.9795776870971167,-0.9800534722534432,-0.9790047559786292,-0.9668061365563091,-0.9770289398794284,-0.9674830634744389,-0.973996957526622,1.0,-0.9690587066932689,-0.9793910643254549,-0.9711885325664518,-0.9803053772313759,-0.972091416092574,-0.9763391333535165,0.9697251718461338
rdkit_NHOHCount,-0.8453779529165715,-0.5608275112404756,-0.7051744213256951,0.9595620019973818,0.9918326007258291,0.9851224627111131,0.9919921968139829,0.9893052911558972,0.9553691906891799,0.9958770053581469,0.970122701042257,0.9931338182176503,-0.9690587066932689,1.0,0.9909517696223448,0.9696223258795289,0.9889748873813484,0.9956212111690348,0.9867667501704349,-0.9747875943468384
rdkit_NOCount,-0.8226384476535431,-0.560497182706121,-0.6894621324285116,0.9609443710876014,0.9932757433544394,0.9905959615859911,0.9994802450779516,0.99778251652139,0.9853065510209791,0.9984944660633416,0.9822605364030031,0.9936157947105279,-0.9793910643254549,0.9909517696223448,1.0,0.9795824739056408,0.9984716890418436,0.9923973538439752,0.9986350104582846,-0.9723610661523879
rdkit_NumAtomStereoCenters,-0.8373554274935782,-0.6123008002927339,-0.6692308896589628,0.946223045127836,0.9799289755981566,0.9718120275955877,0.9798198529764753,0.9810947949656518,0.9667941558253804,0.9755610525965159,0.9796387570090949,0.9764530058467665,-0.9711885325664518,0.9696223258795289,0.9795824739056408,1.0,0.9815900643064808,0.9722253379216423,0.9779238502607143,-0.9264164397453554
rdkit_NumHAcceptors,-0.8198578510579176,-0.55616484213966,-0.6776053935924929,0.9560237467155922,0.9936217532628572,0.9932527340026085,0.9984813536660643,0.9993086153958131,0.9824613641554317,0.9960675284762054,0.9814936071458846,0.9961579432250627,-0.9803053772313759,0.9889748873813484,0.9984716890418436,0.9815900643064808,1.0,0.9930971757798531,0.9968370513637878,-0.9722594019477849
rdkit_NumHDonors,-0.8501602163318422,-0.5552893239353328,-0.7057076024541311,0.9616356239901083,0.9926353651910016,0.9892743258557516,0.9932130925451498,0.9924769933648517,0.9586460671871461,0.9949292412701972,0.9751505487902103,0.9973003748533591,-0.972091416092574,0.9956212111690348,0.9923973538439752,0.9722253379216423,0.9930971757798531,1.0,0.988249599368257,-0.9740144645205356
rdkit_NumHeteroatoms,-0.8153122274177804,-0.5647255091471544,-0.6606988165770681,0.9613312136646561,0.9881288996950283,0.986066413536238,0.9974602529086148,0.9971041217871254,0.9872189157419092,0.9959731694128057,0.9810716223569262,0.9894020945405954,-0.9763391333535165,0.9867667501704349,0.9986350104582846,0.9779238502607143,0.9968370513637878,0.988249599368257,1.0,-0.9668821787792732
rdkit_MolLogP,0.8035641688895954,0.5274135581227525,0.692601049738922,-0.9170871407615641,-0.9717237723326104,-0.9760547861149945,-0.9734114044385441,-0.9710860443021573,-0.9439716068144774,-0.9755145258605297,-0.946736748274371,-0.972335570190718,0.9697251718461338,-0.9747875943468384,-0.9723610661523879,-0.9264164397453554,-0.9722594019477849,-0.9740144645205356,-0.9668821787792732,1.0
