ID,Sugar name,"Molecular 
weight (Da)",Solubility (mg/mL),"Glass transition
temperature (Tg, °C)",Viscosity (mPa·s),Concentration,Luciferase expression (RLU),SMILES
1,D-Galactose,180.16,625,115,1.51,3,1196000,O=C[C@@H]([C@H]([C@H]([C@@H](CO)O)O)O)O
2,D-Mannose,180.16,710,120,1.37,3,3202500,OC[C@@H](O)[C@@H](O)[C@H](O)[C@H](O)C=O
3,D-Xylose,150.13,512.4,95,1.38,3,6274300,O=C[C@@H]([C@H]([C@@H](CO)O)O)O
4,D-Arabinose,150.13,100,102,2.89,3,3604500,O=C[C@H]([C@@H]([C@@H](CO)O)O)O
5,D-Lyxose,150.13,125,85,3.03,3,4519800,O=C[C@H]([C@H]([C@@H](CO)O)O)O
6,D-Ribose,150.13,100,98,1.96,3,1946000,O=C[C@@H]([C@@H]([C@@H](CO)O)O)O
7,D-Tagatose,180.16,582,55,1.58,3,8888800,OCC([C@@H](O)[C@@H](O)[C@H](O)CO)=O
8,D-Psicose,180.16,2901,105,2.08,3,6268500,OC[C@H]([C@H]([C@H](C(CO)=O)O)O)O
9,D-Sorbose,180.16,100,115,2.06,3,2237300,OCC([C@H](O)[C@@H](O)[C@H](O)CO)=O
10,D-Fucose,164.16,200,87,2.45,3,3640950,O=C[C@@H]([C@H]([C@H]([C@@H](C)O)O)O)O
11,2-Deoxy-D-ribose,134.13,100,42,2.5,3,6947100,C(C=O)[C@@H]([C@@H](CO)O)O
12,N-Acetyl-D-Glucosamine,221.21,100,165,2.88,3,4185000,O=C[C@@H]([C@@H](O)[C@H](O)[C@H](O)CO)NC(C)=O
13,D-Glucosamine Hydrochloride,215.63,50,155,1.74,3,5189400,O=C[C@H](N)[C@H]([C@@H]([C@@H](CO)O)O)O.Cl
14,N-Acetylneuraminic Acid,309.27,125,185,3.26,3,753300,OC[C@@H](O)[C@@H](O)[C@H](O)[C@H](NC(C)=O)[C@@H](O)CC(C(O)=O)=O
15,Sucrose,342.3,2110,70,2,3,8680000,O[C@@H]1[C@@H](O)[C@H](O)[C@@H](CO)O[C@@H]1O[C@@]2(CO)[C@@H](O)[C@H](O)[C@@H](CO)O2
16,D-Maltose,342.3,125,85,2.2,3,672000,O[C@H]1[C@H](O)[C@@H](O)[C@@H](O[C@H]2[C@H](O)[C@@H](O)[C@@H](O)O[C@@H]2CO)O[C@@H]1CO
17,β-Lactose,342.3,62.5,95,2.1,3,107000,C([C@@H]1[C@@H]([C@@H]([C@H]([C@@H](O1)O[C@@H]2[C@@H](CO)O[C@H]([C@@H]([C@H]2O)O)O)O)O)O)O
18,D-Trehalose,342.3,250,120,2.3,3,1272000,O[C@H]([C@H]([C@@H]([C@@H](CO)O1)O)O)[C@H]1O[C@@H]2[C@@H]([C@H]([C@@H]([C@@H](CO)O2)O)O)O
19,D-Trehalose Dihydrate,378.33,970,130,2.13,3,6089100,"	
O[C@H]1[C@@H](O[C@H]2O[C@H](CO)[C@@H](O)[C@H](O)[C@H]2O)O[C@H](CO)[C@@H](O)[C@@H]1O.[2 H2O]"
20,Lactulose,342.3,760,95,2.34,3,4770900,OCC([C@H]([C@@H]([C@@H](CO)O)O[C@H]1[C@@H]([C@H]([C@H]([C@@H](CO)O1)O)O)O)O)=O
21,D-Cellobiose,342.3,35,130,3,3,753300,O[C@@H]1[C@@H](CO)O[C@@H](O[C@@H]2[C@@H](CO)O[C@@H](O)[C@H](O)[C@H]2O)[C@H](O)[C@H]1O
22,Isomaltulose,342.3,125,95,2.38,3,1392100,C([C@@H]1[C@H]([C@@H]([C@H]([C@H](O1)OC[C@@H]2[C@H]([C@@H](C(O2)(CO)O)O)O)O)O)O)O
23,Isomaltose,342.3,125,150,3.52,3,165700,O=C[C@H](O)[C@@H](O)[C@H](O)[C@H](O)CO[C@H]1O[C@@H]([C@@H](O)[C@H](O)[C@H]1O)CO
24,β-Gentiobiose,342.3,100,110,3.01,3,596360,O=C[C@@H]([C@H]([C@@H]([C@@H](CO[C@H]1[C@@H]([C@H]([C@@H]([C@@H](CO)O1)O)O)O)O)O)O)O
25,Kojibiose,342.3,116.67,125,1.43,3,489640,OC[C@@H](O)[C@@H](O)[C@H](O)[C@H](C=O)O[C@H]1-;@O-;@[C@@H](-;@[C@@H](O)-;@[C@H](O)-;@[C@H]-;@1O)CO
26,Turanose,"	
342.30",130,28,3.8,3,184500,OCC([C@H]([C@@H]([C@@H](CO)O)O)O[C@@H]1[C@@H]([C@H]([C@@H]([C@@H](CO)O1)O)O)O)=O
27,Sucralose,397.63,282,142,3.15,3,6277500,ClC[C@]1(O[C@H](CCl)[C@@H](O)[C@@H]1O)O[C@H]([C@@H]([C@@H](O)[C@H]2Cl)O)O[C@@H]2CO
28,Lactobionic Acid,358.3,125,138,2.78,3,1161300,O[C@H]([C@H]([C@@H]([C@@H](CO)O)O[C@H]1[C@@H]([C@H]([C@H]([C@@H](CO)O1)O)O)O)O)C(O)=O
29,D-Glucose 6-Phosphate,260.14,250,52,2.15,3,3487500,O=C[C@@H]([C@H]([C@@H]([C@@H](COP(O)(O)=O)O)O)O)O
30,D-Galactose 1-Phosphate,260.14,125,128,1.98,3,897680,OC[C@H]1O[C@H](OP(O)(O)=O)[C@H](O)[C@@H](O)[C@H]1O
31,Raffinose,504.44,250,135,1.67,3,834200,OC[C@]1(O[C@H](CO)[C@@H](O)[C@@H]1O)O[C@H]2O[C@@H]([C@@H](O)[C@H](O)[C@H]2O)CO[C@H]3O[C@@H]([C@H](O)[C@H](O)[C@H]3O)CO
32,Stachyose,666.58,250,160,2.72,3,828600,OC[C@@](O[C@@H]1CO)([C@H]([C@@H]1O)O)O[C@H]([C@@H]([C@H]2O)O)O[C@@H]([C@H]2O)CO[C@H]([C@@H]([C@H]3O)O)O[C@@H]([C@@H]3O)CO[C@H]([C@@H]([C@H]4O)O)O[C@@H]([C@@H]4O)CO
33,Fructo-oligosaccharide (DP8/GF7),1315.14,150,51,4.1,3,629800,OC[C@]1(O[C@H](CO)[C@@H](O)[C@@H]1O)OC[C@]2(O[C@H](CO)[C@@H](O)[C@@H]2O)OC[C@]3(O[C@H](CO)[C@@H](O)[C@@H]3O)OC[C@]4(O[C@H](CO)[C@@H](O)[C@@H]4O)OC[C@]5(O[C@H](CO)[C@@H](O)[C@@H]5O)OC[C@]6(O[C@H](CO)[C@@H](O)[C@@H]6O)OC[C@]7(O[C@H](CO)[C@@H](O)[C@@H]7O)O[C@H]8O[C@@H]([C@@H](O)[C@H](O)[C@H]8O)CO
34,Fructo-oligosaccharide (DP10/GF9),1639.42,125,72,2.94,3,238540,O[C@@H]([C@@H]1O)[C@](O[C@H]([C@@H]([C@H]2O)O)O[C@@H]([C@H]2O)CO)(O[C@@H]1CO)CO[C@](O[C@@H]3CO)([C@H]([C@@H]3O)O)CO[C@](O[C@@H]4CO)([C@H]([C@@H]4O)O)CO[C@](O[C@@H]5CO)([C@H]([C@@H]5O)O)CO[C@](O[C@@H]6CO)([C@H]([C@@H]6O)O)CO[C@](O[C@@H]7CO)([C@H]([C@@H]7O)O)CO[C@](O[C@@H]8CO)([C@H]([C@@H]8O)O)CO[C@](O[C@@H]9CO)([C@H]([C@@H]9O)O)CO[C@](O[C@@H]%10CO)([C@H]([C@@H]%10O)O)CO
35,Inulin (short-chain),1963.7,500,150,2.17,3,627750,OC[C@H]1O[C@@](CO)(OC[C@@]2(OC[C@@]3(OC[C@@]4(OC[C@@]5(OC[C@@]6(OC[C@@]7(OC[C@@]8(OC[C@@]9(OC[C@@]%10(OC[C@@]%11(O[C@H]%12O[C@H](CO)[C@@H](O)[C@H](O)[C@H]%12O)O[C@H](CO)[C@@H](O)[C@@H]%11O)O[C@H](CO)[C@@H](O)[C@@H]%10O)O[C@H](CO)[C@@H](O)[C@@H]9O)O[C@H](CO)[C@@H](O)[C@@H]8O)O[C@H](CO)[C@@H](O)[C@@H]7O)O[C@H](CO)[C@@H](O)[C@@H]6O)O[C@H](CO)[C@@H](O)[C@@H]5O)O[C@H](CO)[C@@H](O)[C@@H]4O)O[C@H](CO)[C@@H](O)[C@@H]3O)O[C@H](CO)[C@@H](O)[C@@H]2O)[C@@H](O)[C@@H]1O
36,α-Cyclodextrin,972.84,110,220,1.4,3,1548450,OC[C@@H](O[C@@](O[C@]([C@@H]1O)([H])[C@H](O[C@@](O[C@]([C@@H]2O)([H])[C@H](O[C@@](O[C@@]3([H])[C@@H]4O)([H])[C@@H]2O)CO)([H])[C@@H]1O)CO)([H])[C@@H]5O)[C@](O[C@](O[C@H](CO)[C@](O[C@](O[C@H](CO)[C@](O[C@](O[C@@H]3CO)([H])[C@@H]4O)([H])[C@@H]6O)([H])[C@@H]6O)([H])[C@@H]7O)([H])[C@@H]7O)([H])[C@@H]5O
37,Maltotetraose,666.58,125,75,1.81,3,2456380,"	OC[C@@H](O[C@H](O[C@@]([C@H](O)CO)([H])[C@H](O)[C@@H](O)C=O)[C@H](O)[C@H]1O)[C@@]1([H])O[C@H]2O[C@@H]([C@@H](O[C@@]3([H])O[C@@H]([C@@H](O)[C@H](O)[C@H]3O)CO)[C@H](O)[C@H]2O)CO"
38,Maltopentaose,828.72,116.67,68,1.64,3,1161140,O[C@H]1[C@@H]([C@H](O[C@H](O[C@]([C@@H]2O)([H])[C@H](O[C@H](O[C@@]([C@H](O)CO)([H])[C@H](O)[C@@H](O)C=O)[C@@H]2O)CO)[C@@H]1O)CO)O[C@@]([C@@H]([C@@H](O)[C@@H]3O[C@@]([C@@H]([C@@H](O)[C@@H]4O)O)([H])O[C@@H]4CO)O)([H])O[C@@H]3CO
39,4′-Galactosyllactose,504.44,680,140,1.85,3,5859000,C([C@@H]1[C@@H]([C@@H]([C@H]([C@@H](O1)O[C@H]2[C@H](O[C@H]([C@@H]([C@H]2O)O)O[C@@H]3[C@H](OC([C@@H]([C@H]3O)O)O)CO)CO)O)O)O)O
40,1-Kestose,504.44,116.67,130,2.64,3,6277500,OC[C@]1(O[C@H](CO)[C@@H](O)[C@@H]1O)OC[C@]2(O[C@H](CO)[C@@H](O)[C@@H]2O)O[C@H]3O[C@@H]([C@@H](O)[C@H](O)[C@H]3O)CO
41,D-Mannitol,182.17,182,165,2.68,3,1104840,OC[C@H]([C@H]([C@@H]([C@@H](CO)O)O)O)O
42,D-Sorbitol,182.17,100,110,2.57,3,6286460,OC[C@@H]([C@H]([C@@H]([C@@H](CO)O)O)O)O
43,Xylitol,152.15,110,93,2.8,3,6304400,OC[C@@H](O)[C@H](O)[C@@H](O)CO
44,Erythritol,122.12,100,118,2.35,3,3829270,OC[C@@H](O)[C@@H](O)CO
45,Dulcitol,182.17,100,105,2.62,3,2853120,"	OC[C@@H]([C@H]([C@H]([C@@H](CO)O)O)O)O"
46,D-Arabitol,152.15,100,95,2.9,3,3677350,"	OCC(O)C(O)C(O)CO"
47,D-Maltitol,344.31,175,145,1.87,3,5057870,O[C@H](CO)[C@H]([C@H](O)[C@H](CO)O)O[C@@H]1[C@H](O)[C@@H](O)[C@H](O)[C@@H](CO)O1
48,Isomalt,688.62,250,150,2.02,3,1775270,OC[C@H](O)[C@@H](O)[C@H](O)[C@H](O)CO[C@@H](O1)[C@H](O)[C@@H](O)[C@H](O)[C@H]1CO.O[C@H]([C@@H](CO[C@H]([C@@H]([C@@H](O)[C@@H]2O)O)O[C@@H]2CO)O)[C@H](O)[C@@H](CO)O
49,D-Lactitol,344.31,50,135,3.35,3,6340270,OC[C@@H]([C@H]([C@@H]([C@@H](CO)O)O[C@H]1[C@@H]([C@H]([C@H]([C@@H](CO)O1)O)O)O)O)O
50,Mogroside III,963.15,100,114,2.06,3,4448220,C[C@@]([C@@](CC[C@H](O[C@]([C@@H]([C@@H](O)[C@@H]1O)O)([H])O[C@@H]1CO)C2(C)C)([H])C2=CC3)([C@@H](C[C@@]45C)O)[C@]3([H])[C@@]4(CC[C@]5([H])[C@H](C)CC[C@H](C(C)(O)C)O[C@@H]([C@@H]([C@@H](O)[C@@H]6O)O)O[C@@H]6CO[C@@H]([C@@H]([C@@H](O)[C@@H]7O)O)O[C@@H]7CO)C
51,D-Allose,180.16,100,30,1.23,3,4230000,O=C[C@@H]([C@@H]([C@@H]([C@@H](CO)O)O)O)O
52,D-Talose,180.16,50,27,1.2,3,3567000,O=C[C@@H](O)[C@@H](O)[C@@H](O)[C@H](O)CO
53,L-Gulose,180.16,175,32,1.22,3,3679000,O=C[C@H]([C@@H]([C@H]([C@H](CO)O)O)O)O
54,α-L-Rhamnose monohydrate,182.17,100,15,1.18,3,1937000,O[C@@H]([C@@H](O[C@H]1O)C)[C@H]([C@H]1O)O.O
55,3-O-Methyl-D-glucopyranose,194.18,100,45,1.2,3,1154000,CO[C@H]1[C@@H]([C@H](O[C@@H]([C@@H]1O)O)CO)O
56,Methyl α-D-glucoside,194.18,100,55,1.23,3,1064000,OC[C@H]1O[C@@H]([C@@H]([C@H]([C@@H]1O)O)O)OC
57,D-Glucuronic acid ,194.14,100,65,1.26,3,1723000,O=C[C@@H]([C@H]([C@@H]([C@@H](C(O)=O)O)O)O)O
58,D-Galacturonic acid hydrate ,212.15,125,58,1.28,3,1532000,O=C[C@@H]([C@H]([C@H]([C@@H](C(O)=O)O)O)O)O.O
59,D-chiro-Inositol,180.16,75,75,1.21,3,1367000,O[C@H]1[C@@H]([C@@H]([C@H]([C@@H]([C@H]1O)O)O)O)O
60,N-Acetyl-D-mannosamine,221.21,100,62,1.26,3,2232000,OC[C@@H](O)[C@@H](O)[C@H](O)[C@@H](C=O)NC(C)=O
61,Rhamnose,164.16,100,18,1.17,3,1421000,O=C[C@@H]([C@@H]([C@H]([C@H](C)O)O)O)O
62,L-Fucose,164.16,100,21,1.17,3,1607000,O=C[C@H]([C@@H]([C@@H]([C@H](C)O)O)O)O
63,β-D-Glucose,180.16,116.67,31,1.23,3,5600000,O[C@@H]1O[C@@H]([C@H]([C@@H]([C@H]1O)O)O)CO
64,α-D-Glucose-1-phosphate disodium ,304.1,125,108,1.31,3,4160000,O[C@H]1[C@@H](OP(O[Na])(O[Na])=O)O[C@H](CO)[C@@H](O)[C@@H]1O
65,D-Arabinopyranose,150.13,125,24,1.16,3,1482000,OC1[C@H]([C@@H]([C@@H](CO1)O)O)O
66,Acarbose,"	645.60",100,138,1.35,3,758000,OC[C@H]([C@]1(O[C@@H]2[C@H](O)[C@@H](O)[C@@H]([C@H](O2)C)N[C@]3(C=C(CO)[C@H]([C@@H]([C@H]3O)O)O)[H])[H])O[C@@H]([C@@H]([C@H]1O)O)O[C@@]([H])([C@@H]([C@H](C=O)O)O)[C@@H](CO)O
67,L-Mannose,180.16,125,30,1.2,3,3336000,O=C[C@H](O)[C@H](O)[C@@H](O)[C@@H](O)CO
68,6-Deoxy-D-glucose,164.16,125,22,1.18,3,1779000,C[C@@H](O)[C@@H](O)[C@H](O)[C@@H](O)C=O
69,α-D-glucose,180.16,500,31,1.23,3,5720000,O[C@@H]1[C@@H]([C@H]([C@@H]([C@@H](CO)O1)O)O)O
70,Trehalulose,342.3,1000,42,1.28,3,2756000,O(CC([C@H]([C@@H]([C@@H](CO)O)O)O)=O)[C@H]1O[C@H](CO)[C@@H](O)[C@H](O)[C@H]1O
71,Leucrose,342.3,70,50,1.27,3,1283000,OCC([C@@H](O)[C@H](O)[C@@H](CO)O[C@H]1O[C@@H]([C@H]([C@@H]([C@H]1O)O)O)CO)=O
72,Lacto-N-tetraose,707.63,100,148,1.38,3,921000,CC(N[C@H]([C@H]([C@@H]([C@H](O1)CO)O)O[C@@H]2O[C@@H]([C@@H]([C@@H]([C@H]2O)O)O)CO)[C@@H]1O[C@@H]3[C@H]([C@@H](O[C@@H]([C@@H]3O)CO)O[C@H]([C@H](O)CO)[C@H](O)[C@@H](O)C=O)O)=O
73,D-Melezitose,504.44,100,108,1.33,3,1263000,OC[C@@]1([C@H]([C@H](O)[C@@H](CO)O1)O[C@@]2([H])O[C@@H]([C@@H](O)[C@H](O)[C@H]2O)CO)O[C@H]3O[C@@H]([C@@H](O)[C@H](O)[C@H]3O)CO
74,Epilactose,342.3,50,88,1.29,3,1160000,O=C[C@@H](O)[C@@H](O)[C@@H]([C@H](O)CO)O[C@@H]1O[C@@H]([C@@H]([C@@H]([C@H]1O)O)O)CO
75,Xylobiose,282.24,125,76,1.25,3,1328000,O=C[C@H](O)[C@@H](O)[C@@H](CO)O[C@H]1[C@@H]([C@H]([C@H](O)CO1)O)O
76,D-Galactose,180.16,625,115,1.58,6,1016600,O=C[C@@H]([C@H]([C@H]([C@@H](CO)O)O)O)O
77,D-Mannose,180.16,710,120,1.63,6,4270000,OC[C@@H](O)[C@@H](O)[C@H](O)[C@H](O)C=O
78,D-Xylose,150.13,512.4,95,1.47,6,7092900,O=C[C@@H]([C@H]([C@@H](CO)O)O)O
79,D-Arabinose,150.13,100,102,3.02,6,4806000,O=C[C@H]([C@@H]([C@@H](CO)O)O)O
80,D-Lyxose,150.13,125,85,3.25,6,5122400,O=C[C@H]([C@H]([C@@H](CO)O)O)O
81,D-Ribose,150.13,100,98,3.25,6,2594700,O=C[C@@H]([C@@H]([C@@H](CO)O)O)O
82,D-Tagatose,180.16,582,55,1.76,6,8154800,OCC([C@@H](O)[C@@H](O)[C@H](O)CO)=O
83,D-Psicose,180.16,2901,105,2.22,6,9358000,OC[C@H]([C@H]([C@H](C(CO)=O)O)O)O
84,D-Sorbose,180.16,100,115,2.57,6,2796600,OCC([C@H](O)[C@@H](O)[C@H](O)CO)=O
85,D-Fucose,164.16,200,87,3.65,6,4551180,O=C[C@@H]([C@H]([C@H]([C@@H](C)O)O)O)O
86,2-Deoxy-D-ribose,134.13,100,42,2.86,6,5905030,C(C=O)[C@@H]([C@@H](CO)O)O
87,N-Acetyl-D-Glucosamine,221.21,100,165,3.14,6,3557250,O=C[C@@H]([C@@H](O)[C@H](O)[C@H](O)CO)NC(C)=O
88,D-Glucosamine Hydrochloride,215.63,50,155,1.83,6,4410990,O=C[C@H](N)[C@H]([C@@H]([C@@H](CO)O)O)O.Cl
89,N-Acetylneuraminic Acid,309.27,125,185,4.59,6,853740,OC[C@@H](O)[C@@H](O)[C@H](O)[C@H](NC(C)=O)[C@@H](O)CC(C(O)=O)=O
90,Sucrose,342.3,2110,70,2.09,6,9240000,O[C@@H]1[C@@H](O)[C@H](O)[C@@H](CO)O[C@@H]1O[C@@]2(CO)[C@@H](O)[C@H](O)[C@@H](CO)O2
91,D-Maltose,342.3,125,85,3.21,6,896000,O[C@H]1[C@H](O)[C@@H](O)[C@@H](O[C@H]2[C@H](O)[C@@H](O)[C@@H](O)O[C@@H]2CO)O[C@@H]1CO
92,β-Lactose,342.3,62.5,95,2.51,6,90950,C([C@@H]1[C@@H]([C@@H]([C@H]([C@@H](O1)O[C@@H]2[C@@H](CO)O[C@H]([C@@H]([C@H]2O)O)O)O)O)O)O
93,D-Trehalose,342.3,250,120,3.36,6,1590000,O[C@H]([C@H]([C@@H]([C@@H](CO)O1)O)O)[C@H]1O[C@@H]2[C@@H]([C@H]([C@@H]([C@@H](CO)O2)O)O)O
94,D-Trehalose Dihydrate,378.33,970,130,2.81,6,8118900,"	
O[C@H]1[C@@H](O[C@H]2O[C@H](CO)[C@@H](O)[C@H](O)[C@H]2O)O[C@H](CO)[C@@H](O)[C@@H]1O.[2 H2O]"
95,Lactulose,342.3,760,95,3,6,6361200,OCC([C@H]([C@@H]([C@@H](CO)O)O[C@H]1[C@@H]([C@H]([C@H]([C@@H](CO)O1)O)O)O)O)=O
96,D-Cellobiose,342.3,35,130,3.31,6,853740,O[C@@H]1[C@@H](CO)O[C@@H](O[C@@H]2[C@@H](CO)O[C@@H](O)[C@H](O)[C@H]2O)[C@H](O)[C@H]1O
97,Isomaltulose,342.3,125,95,2.94,6,1740120,C([C@@H]1[C@H]([C@@H]([C@H]([C@H](O1)OC[C@@H]2[C@H]([C@@H](C(O2)(CO)O)O)O)O)O)O)O
98,Isomaltose,342.3,125,150,5.01,6,171200,O=C[C@H](O)[C@@H](O)[C@H](O)[C@H](O)CO[C@H]1O[C@@H]([C@@H](O)[C@H](O)[C@H]1O)CO
99,β-Gentiobiose,342.3,100,110,4.1,6,675870,O=C[C@@H]([C@H]([C@@H]([C@@H](CO[C@H]1[C@@H]([C@H]([C@@H]([C@@H](CO)O1)O)O)O)O)O)O)O
100,Kojibiose,342.3,116.67,125,2,6,652860,OC[C@@H](O)[C@@H](O)[C@H](O)[C@H](C=O)O[C@H]1-;@O-;@[C@@H](-;@[C@@H](O)-;@[C@H](O)-;@[C@H]-;@1O)CO
101,Turanose,"	
342.30",130,28,4.28,6,263400,OCC([C@H]([C@@H]([C@@H](CO)O)O)O[C@@H]1[C@@H]([C@H]([C@@H]([C@@H](CO)O1)O)O)O)=O
102,Sucralose,397.63,282,142,3.89,6,8370000,ClC[C@]1(O[C@H](CCl)[C@@H](O)[C@@H]1O)O[C@H]([C@@H]([C@@H](O)[C@H]2Cl)O)O[C@@H]2CO
103,Lactobionic Acid,358.3,125,138,3.54,6,1548450,O[C@H]([C@H]([C@@H]([C@@H](CO)O)O[C@H]1[C@@H]([C@H]([C@H]([C@@H](CO)O1)O)O)O)O)C(O)=O
104,D-Glucose 6-Phosphate,260.14,250,52,2.72,6,4650000,O=C[C@@H]([C@H]([C@@H]([C@@H](COP(O)(O)=O)O)O)O)O
105,D-Galactose 1-Phosphate,260.14,125,128,2.45,6,1017370,OC[C@H]1O[C@H](OP(O)(O)=O)[C@H](O)[C@@H](O)[C@H]1O
106,Raffinose,504.44,250,135,2.72,6,625600,OC[C@]1(O[C@H](CO)[C@@H](O)[C@@H]1O)O[C@H]2O[C@@H]([C@@H](O)[C@H](O)[C@H]2O)CO[C@H]3O[C@@H]([C@H](O)[C@H](O)[C@H]3O)CO
107,Stachyose,666.58,250,160,4.12,6,621000,OC[C@@](O[C@@H]1CO)([C@H]([C@@H]1O)O)O[C@H]([C@@H]([C@H]2O)O)O[C@@H]([C@H]2O)CO[C@H]([C@@H]([C@H]3O)O)O[C@@H]([C@@H]3O)CO[C@H]([C@@H]([C@H]4O)O)O[C@@H]([C@@H]4O)CO
108,Fructo-oligosaccharide (DP8/GF7),1315.14,150,51,5.26,6,839700,OC[C@]1(O[C@H](CO)[C@@H](O)[C@@H]1O)OC[C@]2(O[C@H](CO)[C@@H](O)[C@@H]2O)OC[C@]3(O[C@H](CO)[C@@H](O)[C@@H]3O)OC[C@]4(O[C@H](CO)[C@@H](O)[C@@H]4O)OC[C@]5(O[C@H](CO)[C@@H](O)[C@@H]5O)OC[C@]6(O[C@H](CO)[C@@H](O)[C@@H]6O)OC[C@]7(O[C@H](CO)[C@@H](O)[C@@H]7O)O[C@H]8O[C@@H]([C@@H](O)[C@H](O)[C@H]8O)CO
109,Fructo-oligosaccharide (DP10/GF9),1639.42,125,72,3.48,6,318060,O[C@@H]([C@@H]1O)[C@](O[C@H]([C@@H]([C@H]2O)O)O[C@@H]([C@H]2O)CO)(O[C@@H]1CO)CO[C@](O[C@@H]3CO)([C@H]([C@@H]3O)O)CO[C@](O[C@@H]4CO)([C@H]([C@@H]4O)O)CO[C@](O[C@@H]5CO)([C@H]([C@@H]5O)O)CO[C@](O[C@@H]6CO)([C@H]([C@@H]6O)O)CO[C@](O[C@@H]7CO)([C@H]([C@@H]7O)O)CO[C@](O[C@@H]8CO)([C@H]([C@@H]8O)O)CO[C@](O[C@@H]9CO)([C@H]([C@@H]9O)O)CO[C@](O[C@@H]%10CO)([C@H]([C@@H]%10O)O)CO
110,Inulin (short-chain),1963.7,500,150,3.54,6,837000,OC[C@H]1O[C@@](CO)(OC[C@@]2(OC[C@@]3(OC[C@@]4(OC[C@@]5(OC[C@@]6(OC[C@@]7(OC[C@@]8(OC[C@@]9(OC[C@@]%10(OC[C@@]%11(O[C@H]%12O[C@H](CO)[C@@H](O)[C@H](O)[C@H]%12O)O[C@H](CO)[C@@H](O)[C@@H]%11O)O[C@H](CO)[C@@H](O)[C@@H]%10O)O[C@H](CO)[C@@H](O)[C@@H]9O)O[C@H](CO)[C@@H](O)[C@@H]8O)O[C@H](CO)[C@@H](O)[C@@H]7O)O[C@H](CO)[C@@H](O)[C@@H]6O)O[C@H](CO)[C@@H](O)[C@@H]5O)O[C@H](CO)[C@@H](O)[C@@H]4O)O[C@H](CO)[C@@H](O)[C@@H]3O)O[C@H](CO)[C@@H](O)[C@@H]2O)[C@@H](O)[C@@H]1O
111,α-Cyclodextrin,972.84,110,220,2.37,6,1161330,OC[C@@H](O[C@@](O[C@]([C@@H]1O)([H])[C@H](O[C@@](O[C@]([C@@H]2O)([H])[C@H](O[C@@](O[C@@]3([H])[C@@H]4O)([H])[C@@H]2O)CO)([H])[C@@H]1O)CO)([H])[C@@H]5O)[C@](O[C@](O[C@H](CO)[C@](O[C@](O[C@H](CO)[C@](O[C@](O[C@@H]3CO)([H])[C@@H]4O)([H])[C@@H]6O)([H])[C@@H]6O)([H])[C@@H]7O)([H])[C@@H]7O)([H])[C@@H]5O
112,Maltotetraose,666.58,125,75,1.91,6,1941840,"	OC[C@@H](O[C@H](O[C@@]([C@H](O)CO)([H])[C@H](O)[C@@H](O)C=O)[C@H](O)[C@H]1O)[C@@]1([H])O[C@H]2O[C@@H]([C@@H](O[C@@]3([H])O[C@@H]([C@@H](O)[C@H](O)[C@H]3O)CO)[C@H](O)[C@H]2O)CO"
113,Maltopentaose,828.72,116.67,68,2.39,6,1526430,O[C@H]1[C@@H]([C@H](O[C@H](O[C@]([C@@H]2O)([H])[C@H](O[C@H](O[C@@]([C@H](O)CO)([H])[C@H](O)[C@@H](O)C=O)[C@@H]2O)CO)[C@@H]1O)CO)O[C@@]([C@@H]([C@@H](O)[C@@H]3O[C@@]([C@@H]([C@@H](O)[C@@H]4O)O)([H])O[C@@H]4CO)O)([H])O[C@@H]3CO
114,4′-Galactosyllactose,504.44,680,140,2.51,6,4980150,C([C@@H]1[C@@H]([C@@H]([C@H]([C@@H](O1)O[C@H]2[C@H](O[C@H]([C@@H]([C@H]2O)O)O[C@@H]3[C@H](OC([C@@H]([C@H]3O)O)O)CO)CO)O)O)O)O
115,1-Kestose,504.44,116.67,130,3.06,6,5335800,OC[C@]1(O[C@H](CO)[C@@H](O)[C@@H]1O)OC[C@]2(O[C@H](CO)[C@@H](O)[C@@H]2O)O[C@H]3O[C@@H]([C@@H](O)[C@H](O)[C@H]3O)CO
116,D-Mannitol,182.17,182,165,4.08,6,1381050,OC[C@H]([C@H]([C@@H]([C@@H](CO)O)O)O)O
117,D-Sorbitol,182.17,100,110,2.99,6,7124660,OC[C@@H]([C@H]([C@@H]([C@@H](CO)O)O)O)O
118,Xylitol,152.15,110,93,3.34,6,8405870,OC[C@@H](O)[C@H](O)[C@@H](O)CO
119,Erythritol,122.12,100,118,3,6,4339840,OC[C@@H](O)[C@@H](O)CO
120,Dulcitol,182.17,100,105,2.78,6,3804160,"	OC[C@@H]([C@H]([C@H]([C@@H](CO)O)O)O)O"
121,D-Arabitol,152.15,100,95,4.26,6,4903140,"	OCC(O)C(O)C(O)CO"
122,D-Maltitol,344.31,175,145,2.49,6,6322330,O[C@H](CO)[C@H]([C@H](O)[C@H](CO)O)O[C@@H]1[C@H](O)[C@@H](O)[C@H](O)[C@@H](CO)O1
123,Isomalt,688.62,250,150,2.16,6,2011980,OC[C@H](O)[C@@H](O)[C@H](O)[C@H](O)CO[C@@H](O1)[C@H](O)[C@@H](O)[C@H](O)[C@H]1CO.O[C@H]([C@@H](CO[C@H]([C@@H]([C@@H](O)[C@@H]2O)O)O[C@@H]2CO)O)[C@H](O)[C@@H](CO)O
124,D-Lactitol,344.31,50,135,4,6,8453700,OC[C@@H]([C@H]([C@@H]([C@@H](CO)O)O[C@H]1[C@@H]([C@H]([C@H]([C@@H](CO)O1)O)O)O)O)O
125,Mogroside III,963.15,100,114,2.2,6,7774600,C[C@@]([C@@](CC[C@H](O[C@]([C@@H]([C@@H](O)[C@@H]1O)O)([H])O[C@@H]1CO)C2(C)C)([H])C2=CC3)([C@@H](C[C@@]45C)O)[C@]3([H])[C@@]4(CC[C@]5([H])[C@H](C)CC[C@H](C(C)(O)C)O[C@@H]([C@@H]([C@@H](O)[C@@H]6O)O)O[C@@H]6CO[C@@H]([C@@H]([C@@H](O)[C@@H]7O)O)O[C@@H]7CO)C
126,D-Allose,180.16,100,30,1.74,6,7159000,O=C[C@@H]([C@@H]([C@@H]([C@@H](CO)O)O)O)O
127,D-Talose,180.16,50,27,1.68,6,5916000,O=C[C@@H](O)[C@@H](O)[C@@H](O)[C@H](O)CO
128,L-Gulose,180.16,175,32,1.72,6,6263000,O=C[C@H]([C@@H]([C@H]([C@H](CO)O)O)O)O
129,α-L-Rhamnose monohydrate,182.17,100,15,1.62,6,3175000,O[C@@H]([C@@H](O[C@H]1O)C)[C@H]([C@H]1O)O.O
130,3-O-Methyl-D-glucopyranose,194.18,100,45,1.7,6,1718000,CO[C@H]1[C@@H]([C@H](O[C@@H]([C@@H]1O)O)CO)O
131,Methyl α-D-glucoside,194.18,100,55,1.78,6,1562000,OC[C@H]1O[C@@H]([C@@H]([C@H]([C@@H]1O)O)O)OC
132,D-Glucuronic acid ,194.14,100,65,1.86,6,2814000,O=C[C@@H]([C@H]([C@@H]([C@@H](C(O)=O)O)O)O)O
133,D-Galacturonic acid hydrate ,212.15,125,58,1.92,6,2412000,O=C[C@@H]([C@H]([C@H]([C@@H](C(O)=O)O)O)O)O.O
134,D-chiro-Inositol,180.16,75,75,1.75,6,2138000,O[C@H]1[C@@H]([C@@H]([C@H]([C@@H]([C@H]1O)O)O)O)O
135,N-Acetyl-D-mannosamine,221.21,100,62,1.88,6,3528000,OC[C@@H](O)[C@@H](O)[C@H](O)[C@@H](C=O)NC(C)=O
136,Rhamnose,164.16,100,18,1.6,6,2206000,O=C[C@@H]([C@@H]([C@H]([C@H](C)O)O)O)O
137,L-Fucose,164.16,100,21,1.62,6,2630000,O=C[C@H]([C@@H]([C@@H]([C@H](C)O)O)O)O
138,β-D-Glucose,180.16,116.67,31,1.78,6,10200000,O[C@@H]1O[C@@H]([C@H]([C@@H]([C@H]1O)O)O)CO
139,α-D-Glucose-1-phosphate disodium ,304.1,125,108,2.1,6,9070000,O[C@H]1[C@@H](OP(O[Na])(O[Na])=O)O[C@H](CO)[C@@H](O)[C@@H]1O
140,D-Arabinopyranose,150.13,125,24,1.56,6,2313000,OC1[C@H]([C@@H]([C@@H](CO1)O)O)O
141,Acarbose,"	645.60",100,138,2.25,6,910000,OC[C@H]([C@]1(O[C@@H]2[C@H](O)[C@@H](O)[C@@H]([C@H](O2)C)N[C@]3(C=C(CO)[C@H]([C@@H]([C@H]3O)O)O)[H])[H])O[C@@H]([C@@H]([C@H]1O)O)O[C@@]([H])([C@@H]([C@H](C=O)O)O)[C@@H](CO)O
142,L-Mannose,180.16,125,30,1.7,6,5577000,O=C[C@H](O)[C@H](O)[C@@H](O)[C@@H](O)CO
143,6-Deoxy-D-glucose,164.16,125,22,1.61,6,2915000,C[C@@H](O)[C@@H](O)[C@H](O)[C@@H](O)C=O
144,α-D-glucose,180.16,500,31,1.78,6,10380000,O[C@@H]1[C@@H]([C@H]([C@@H]([C@@H](CO)O1)O)O)O
145,Trehalulose,342.3,1000,42,2,6,4061000,O(CC([C@H]([C@@H]([C@@H](CO)O)O)O)=O)[C@H]1O[C@H](CO)[C@@H](O)[C@H](O)[C@H]1O
146,Leucrose,342.3,70,50,1.94,6,1999000,OCC([C@@H](O)[C@H](O)[C@@H](CO)O[C@H]1O[C@@H]([C@H]([C@@H]([C@H]1O)O)O)CO)=O
147,Lacto-N-tetraose,707.63,100,148,2.35,6,1167000,CC(N[C@H]([C@H]([C@@H]([C@H](O1)CO)O)O[C@@H]2O[C@@H]([C@@H]([C@@H]([C@H]2O)O)O)CO)[C@@H]1O[C@@H]3[C@H]([C@@H](O[C@@H]([C@@H]3O)CO)O[C@H]([C@H](O)CO)[C@H](O)[C@@H](O)C=O)O)=O
148,D-Melezitose,504.44,100,108,2.18,6,1711000,OC[C@@]1([C@H]([C@H](O)[C@@H](CO)O1)O[C@@]2([H])O[C@@H]([C@@H](O)[C@H](O)[C@H]2O)CO)O[C@H]3O[C@@H]([C@@H](O)[C@H](O)[C@H]3O)CO
149,Epilactose,342.3,50,88,1.95,6,1711000,O=C[C@@H](O)[C@@H](O)[C@@H]([C@H](O)CO)O[C@@H]1O[C@@H]([C@@H]([C@@H]([C@H]1O)O)O)CO
150,Xylobiose,282.24,125,76,1.85,6,1990000,O=C[C@H](O)[C@@H](O)[C@@H](CO)O[C@H]1[C@@H]([C@H]([C@H](O)CO1)O)O
151,D-Galactose,180.16,625,115,1.72,9,897000,O=C[C@@H]([C@H]([C@H]([C@@H](CO)O)O)O)O
152,D-Mannose,180.16,710,120,2.35,9,3629500,OC[C@@H](O)[C@@H](O)[C@H](O)[C@H](O)C=O
153,D-Xylose,150.13,512.4,95,1.63,9,8457200,O=C[C@@H]([C@H]([C@@H](CO)O)O)O
154,D-Arabinose,150.13,100,102,3.17,9,4085000,O=C[C@H]([C@@H]([C@@H](CO)O)O)O
155,D-Lyxose,150.13,125,85,3.98,9,6026400,O=C[C@H]([C@H]([C@@H](CO)O)O)O
156,D-Ribose,150.13,100,98,4.16,9,2205400,O=C[C@@H]([C@@H]([C@@H](CO)O)O)O
157,D-Tagatose,180.16,582,55,1.9,9,7666600,OCC([C@@H](O)[C@@H](O)[C@H](O)CO)=O
158,D-Psicose,180.16,2901,105,2.44,9,8104300,OC[C@H]([C@H]([C@H](C(CO)=O)O)O)O
159,D-Sorbose,180.16,100,115,3.28,9,3169500,OCC([C@H](O)[C@@H](O)[C@H](O)CO)=O
160,D-Fucose,164.16,200,87,4.19,9,5158010,O=C[C@@H]([C@H]([C@H]([C@@H](C)O)O)O)O
161,2-Deoxy-D-ribose,134.13,100,42,3.05,9,5210320,C(C=O)[C@@H]([C@@H](CO)O)O
162,N-Acetyl-D-Glucosamine,221.21,100,165,3.29,9,3138750,O=C[C@@H]([C@@H](O)[C@H](O)[C@H](O)CO)NC(C)=O
163,D-Glucosamine Hydrochloride,215.63,50,155,1.94,9,3892050,O=C[C@H](N)[C@H]([C@@H]([C@@H](CO)O)O)O.Cl
164,N-Acetylneuraminic Acid,309.27,125,185,6.23,9,1004400,OC[C@@H](O)[C@@H](O)[C@H](O)[C@H](NC(C)=O)[C@@H](O)CC(C(O)=O)=O
165,Sucrose,342.3,2110,70,2.95,9,8190400,O[C@@H]1[C@@H](O)[C@H](O)[C@@H](CO)O[C@@H]1O[C@@]2(CO)[C@@H](O)[C@H](O)[C@@H](CO)O2
166,D-Maltose,342.3,125,85,4.52,9,761600,O[C@H]1[C@H](O)[C@@H](O)[C@@H](O[C@H]2[C@H](O)[C@@H](O)[C@@H](O)O[C@@H]2CO)O[C@@H]1CO
167,β-Lactose,342.3,62.5,95,2.94,9,80250,C([C@@H]1[C@@H]([C@@H]([C@H]([C@@H](O1)O[C@@H]2[C@@H](CO)O[C@H]([C@@H]([C@H]2O)O)O)O)O)O)O
168,D-Trehalose,342.3,250,120,3.46,9,2120000,O[C@H]([C@H]([C@@H]([C@@H](CO)O1)O)O)[C@H]1O[C@@H]2[C@@H]([C@H]([C@@H]([C@@H](CO)O2)O)O)O
169,D-Trehalose Dihydrate,378.33,970,130,3.67,9,6901600,"	
O[C@H]1[C@@H](O[C@H]2O[C@H](CO)[C@@H](O)[C@H](O)[C@H]2O)O[C@H](CO)[C@@H](O)[C@@H]1O.[2 H2O]"
170,Lactulose,342.3,760,95,4.96,9,5407200,OCC([C@H]([C@@H]([C@@H](CO)O)O[C@H]1[C@@H]([C@H]([C@H]([C@@H](CO)O1)O)O)O)O)=O
171,D-Cellobiose,342.3,35,130,3.86,9,1004400,O[C@@H]1[C@@H](CO)O[C@@H](O[C@@H]2[C@@H](CO)O[C@@H](O)[C@H](O)[C@H]2O)[C@H](O)[C@H]1O
172,Isomaltulose,342.3,125,95,4.08,9,1972130,C([C@@H]1[C@H]([C@@H]([C@H]([C@H](O1)OC[C@@H]2[C@H]([C@@H](C(O2)(CO)O)O)O)O)O)O)O
173,Isomaltose,342.3,125,150,6.48,9,161300,O=C[C@H](O)[C@@H](O)[C@H](O)[C@H](O)CO[C@H]1O[C@@H]([C@@H](O)[C@H](O)[C@H]1O)CO
174,β-Gentiobiose,342.3,100,110,4.29,9,795150,O=C[C@@H]([C@H]([C@@H]([C@@H](CO[C@H]1[C@@H]([C@H]([C@@H]([C@@H](CO)O1)O)O)O)O)O)O)O
175,Kojibiose,342.3,116.67,125,2.24,9,554930,OC[C@@H](O)[C@@H](O)[C@H](O)[C@H](C=O)O[C@H]1-;@O-;@[C@@H](-;@[C@@H](O)-;@[C@H](O)-;@[C@H]-;@1O)CO
176,Turanose,"	
342.30",130,28,5.49,9,171850,OCC([C@H]([C@@H]([C@@H](CO)O)O)O[C@@H]1[C@@H]([C@H]([C@@H]([C@@H](CO)O1)O)O)O)=O
177,Sucralose,397.63,282,142,4.59,9,7114500,ClC[C@]1(O[C@H](CCl)[C@@H](O)[C@@H]1O)O[C@H]([C@@H]([C@@H](O)[C@H]2Cl)O)O[C@@H]2CO
178,Lactobionic Acid,358.3,125,138,4.17,9,1316100,O[C@H]([C@H]([C@@H]([C@@H](CO)O)O[C@H]1[C@@H]([C@H]([C@H]([C@@H](CO)O1)O)O)O)O)C(O)=O
179,D-Glucose 6-Phosphate,260.14,250,52,3.32,9,3952500,O=C[C@@H]([C@H]([C@@H]([C@@H](COP(O)(O)=O)O)O)O)O
180,D-Galactose 1-Phosphate,260.14,125,128,2.91,9,1196910,OC[C@H]1O[C@H](OP(O)(O)=O)[C@H](O)[C@@H](O)[C@H]1O
181,Raffinose,504.44,250,135,2.89,9,709000,OC[C@]1(O[C@H](CO)[C@@H](O)[C@@H]1O)O[C@H]2O[C@@H]([C@@H](O)[C@H](O)[C@H]2O)CO[C@H]3O[C@@H]([C@H](O)[C@H](O)[C@H]3O)CO
182,Stachyose,666.58,250,160,4.99,9,704300,OC[C@@](O[C@@H]1CO)([C@H]([C@@H]1O)O)O[C@H]([C@@H]([C@H]2O)O)O[C@@H]([C@H]2O)CO[C@H]([C@@H]([C@H]3O)O)O[C@@H]([C@@H]3O)CO[C@H]([C@@H]([C@H]4O)O)O[C@@H]([C@@H]4O)CO
183,Fructo-oligosaccharide (DP8/GF7),1315.14,150,51,6.79,9,713800,OC[C@]1(O[C@H](CO)[C@@H](O)[C@@H]1O)OC[C@]2(O[C@H](CO)[C@@H](O)[C@@H]2O)OC[C@]3(O[C@H](CO)[C@@H](O)[C@@H]3O)OC[C@]4(O[C@H](CO)[C@@H](O)[C@@H]4O)OC[C@]5(O[C@H](CO)[C@@H](O)[C@@H]5O)OC[C@]6(O[C@H](CO)[C@@H](O)[C@@H]6O)OC[C@]7(O[C@H](CO)[C@@H](O)[C@@H]7O)O[C@H]8O[C@@H]([C@@H](O)[C@H](O)[C@H]8O)CO
184,Fructo-oligosaccharide (DP10/GF9),1639.42,125,72,4.81,9,270350,O[C@@H]([C@@H]1O)[C@](O[C@H]([C@@H]([C@H]2O)O)O[C@@H]([C@H]2O)CO)(O[C@@H]1CO)CO[C@](O[C@@H]3CO)([C@H]([C@@H]3O)O)CO[C@](O[C@@H]4CO)([C@H]([C@@H]4O)O)CO[C@](O[C@@H]5CO)([C@H]([C@@H]5O)O)CO[C@](O[C@@H]6CO)([C@H]([C@@H]6O)O)CO[C@](O[C@@H]7CO)([C@H]([C@@H]7O)O)CO[C@](O[C@@H]8CO)([C@H]([C@@H]8O)O)CO[C@](O[C@@H]9CO)([C@H]([C@@H]9O)O)CO[C@](O[C@@H]%10CO)([C@H]([C@@H]%10O)O)CO
185,Inulin (short-chain),1963.7,500,150,4.19,9,711450,OC[C@H]1O[C@@](CO)(OC[C@@]2(OC[C@@]3(OC[C@@]4(OC[C@@]5(OC[C@@]6(OC[C@@]7(OC[C@@]8(OC[C@@]9(OC[C@@]%10(OC[C@@]%11(O[C@H]%12O[C@H](CO)[C@@H](O)[C@H](O)[C@H]%12O)O[C@H](CO)[C@@H](O)[C@@H]%11O)O[C@H](CO)[C@@H](O)[C@@H]%10O)O[C@H](CO)[C@@H](O)[C@@H]9O)O[C@H](CO)[C@@H](O)[C@@H]8O)O[C@H](CO)[C@@H](O)[C@@H]7O)O[C@H](CO)[C@@H](O)[C@@H]6O)O[C@H](CO)[C@@H](O)[C@@H]5O)O[C@H](CO)[C@@H](O)[C@@H]4O)O[C@H](CO)[C@@H](O)[C@@H]3O)O[C@H](CO)[C@@H](O)[C@@H]2O)[C@@H](O)[C@@H]1O
186,α-Cyclodextrin,972.84,110,220,4.02,9,1316180,OC[C@@H](O[C@@](O[C@]([C@@H]1O)([H])[C@H](O[C@@](O[C@]([C@@H]2O)([H])[C@H](O[C@@](O[C@@]3([H])[C@@H]4O)([H])[C@@H]2O)CO)([H])[C@@H]1O)CO)([H])[C@@H]5O)[C@](O[C@](O[C@H](CO)[C@](O[C@](O[C@H](CO)[C@](O[C@](O[C@@H]3CO)([H])[C@@H]4O)([H])[C@@H]6O)([H])[C@@H]6O)([H])[C@@H]7O)([H])[C@@H]7O)([H])[C@@H]5O
187,Maltotetraose,666.58,125,75,2.65,9,1650560,"	OC[C@@H](O[C@H](O[C@@]([C@H](O)CO)([H])[C@H](O)[C@@H](O)C=O)[C@H](O)[C@H]1O)[C@@]1([H])O[C@H]2O[C@@H]([C@@H](O[C@@]3([H])O[C@@H]([C@@H](O)[C@H](O)[C@H]3O)CO)[C@H](O)[C@H]2O)CO"
188,Maltopentaose,828.72,116.67,68,3.58,9,1469950,O[C@H]1[C@@H]([C@H](O[C@H](O[C@]([C@@H]2O)([H])[C@H](O[C@H](O[C@@]([C@H](O)CO)([H])[C@H](O)[C@@H](O)C=O)[C@@H]2O)CO)[C@@H]1O)CO)O[C@@]([C@@H]([C@@H](O)[C@@H]3O[C@@]([C@@H]([C@@H](O)[C@@H]4O)O)([H])O[C@@H]4CO)O)([H])O[C@@H]3CO
189,4′-Galactosyllactose,504.44,680,140,4.17,9,4394250,C([C@@H]1[C@@H]([C@@H]([C@H]([C@@H](O1)O[C@H]2[C@H](O[C@H]([C@@H]([C@H]2O)O)O[C@@H]3[C@H](OC([C@@H]([C@H]3O)O)O)CO)CO)O)O)O)O
190,1-Kestose,504.44,116.67,130,5.23,9,4708120,OC[C@]1(O[C@H](CO)[C@@H](O)[C@@H]1O)OC[C@]2(O[C@H](CO)[C@@H](O)[C@@H]2O)O[C@H]3O[C@@H]([C@@H](O)[C@H](O)[C@H]3O)CO
191,D-Mannitol,182.17,182,165,6.62,9,1565190,OC[C@H]([C@H]([C@@H]([C@@H](CO)O)O)O)O
192,D-Sorbitol,182.17,100,110,3.93,9,8381950,OC[C@@H]([C@H]([C@@H]([C@@H](CO)O)O)O)O
193,Xylitol,152.15,110,93,4.87,9,7144990,OC[C@@H](O)[C@H](O)[C@@H](O)CO
194,Erythritol,122.12,100,118,4.02,9,5105700,OC[C@@H](O)[C@@H](O)CO
195,Dulcitol,182.17,100,105,3.02,9,3233540,"	OC[C@@H]([C@H]([C@H]([C@@H](CO)O)O)O)O"
196,D-Arabitol,152.15,100,95,5.45,9,4167670,"	OCC(O)C(O)C(O)CO"
197,D-Maltitol,344.31,175,145,3.36,9,7165310,O[C@H](CO)[C@H]([C@H](O)[C@H](CO)O)O[C@@H]1[C@H](O)[C@@H](O)[C@H](O)[C@@H](CO)O1
198,Isomalt,688.62,250,150,2.43,9,2367030,OC[C@H](O)[C@@H](O)[C@H](O)[C@H](O)CO[C@@H](O1)[C@H](O)[C@@H](O)[C@H](O)[C@H]1CO.O[C@H]([C@@H](CO[C@H]([C@@H]([C@@H](O)[C@@H]2O)O)O[C@@H]2CO)O)[C@H](O)[C@@H](CO)O
199,D-Lactitol,344.31,50,135,5.46,9,7185640,OC[C@@H]([C@H]([C@@H]([C@@H](CO)O)O[C@H]1[C@@H]([C@H]([C@H]([C@@H](CO)O1)O)O)O)O)O
200,Mogroside III,963.15,100,114,3.72,9,6264300,C[C@@]([C@@](CC[C@H](O[C@]([C@@H]([C@@H](O)[C@@H]1O)O)([H])O[C@@H]1CO)C2(C)C)([H])C2=CC3)([C@@H](C[C@@]45C)O)[C@]3([H])[C@@]4(CC[C@]5([H])[C@H](C)CC[C@H](C(C)(O)C)O[C@@H]([C@@H]([C@@H](O)[C@@H]6O)O)O[C@@H]6CO[C@@H]([C@@H]([C@@H](O)[C@@H]7O)O)O[C@@H]7CO)C
201,D-Allose,180.16,100,30,2.59,9,6360000,O=C[C@@H]([C@@H]([C@@H]([C@@H](CO)O)O)O)O
202,D-Talose,180.16,50,27,2.46,9,5224000,O=C[C@@H](O)[C@@H](O)[C@@H](O)[C@H](O)CO
203,L-Gulose,180.16,175,32,2.53,9,5519000,O=C[C@H]([C@@H]([C@H]([C@H](CO)O)O)O)O
204,α-L-Rhamnose monohydrate,182.17,100,15,2.33,9,2875000,O[C@@H]([C@@H](O[C@H]1O)C)[C@H]([C@H]1O)O.O
205,3-O-Methyl-D-glucopyranose,194.18,100,45,2.53,9,2113000,CO[C@H]1[C@@H]([C@H](O[C@@H]([C@@H]1O)O)CO)O
206,Methyl α-D-glucoside,194.18,100,55,2.71,9,1897000,OC[C@H]1O[C@@H]([C@@H]([C@H]([C@@H]1O)O)O)OC
207,D-Glucuronic acid ,194.14,100,65,2.93,9,2512000,O=C[C@@H]([C@H]([C@@H]([C@@H](C(O)=O)O)O)O)O
208,D-Galacturonic acid hydrate ,212.15,125,58,3.05,9,2175000,O=C[C@@H]([C@H]([C@H]([C@@H](C(O)=O)O)O)O)O.O
209,D-chiro-Inositol,180.16,75,75,2.67,9,2637000,O[C@H]1[C@@H]([C@@H]([C@H]([C@@H]([C@H]1O)O)O)O)O
210,N-Acetyl-D-mannosamine,221.21,100,62,2.98,9,3132000,OC[C@@H](O)[C@@H](O)[C@H](O)[C@@H](C=O)NC(C)=O
211,Rhamnose,164.16,100,18,2.29,9,2684000,O=C[C@@H]([C@@H]([C@H]([C@H](C)O)O)O)O
212,L-Fucose,164.16,100,21,2.35,9,3278000,O=C[C@H]([C@@H]([C@@H]([C@H](C)O)O)O)O
213,β-D-Glucose,180.16,116.67,31,2.69,9,8720000,O[C@@H]1O[C@@H]([C@H]([C@@H]([C@H]1O)O)O)CO
214,α-D-Glucose-1-phosphate disodium ,304.1,125,108,3.57,9,7680000,O[C@H]1[C@@H](OP(O[Na])(O[Na])=O)O[C@H](CO)[C@@H](O)[C@@H]1O
215,D-Arabinopyranose,150.13,125,24,2.19,9,2843000,OC1[C@H]([C@@H]([C@@H](CO1)O)O)O
216,Acarbose,"	645.60",100,138,4.06,9,949000,OC[C@H]([C@]1(O[C@@H]2[C@H](O)[C@@H](O)[C@@H]([C@H](O2)C)N[C@]3(C=C(CO)[C@H]([C@@H]([C@H]3O)O)O)[H])[H])O[C@@H]([C@@H]([C@H]1O)O)O[C@@]([H])([C@@H]([C@H](C=O)O)O)[C@@H](CO)O
217,L-Mannose,180.16,125,30,2.49,9,4863000,O=C[C@H](O)[C@H](O)[C@@H](O)[C@@H](O)CO
218,6-Deoxy-D-glucose,164.16,125,22,2.29,9,3680000,C[C@@H](O)[C@@H](O)[C@H](O)[C@@H](O)C=O
219,α-D-glucose,180.16,500,31,2.69,9,8810000,O[C@@H]1[C@@H]([C@H]([C@@H]([C@@H](CO)O1)O)O)O
220,Trehalulose,342.3,1000,42,3.3,9,4358000,O(CC([C@H]([C@@H]([C@@H](CO)O)O)O)=O)[C@H]1O[C@H](CO)[C@@H](O)[C@H](O)[C@H]1O
221,Leucrose,342.3,70,50,3.12,9,2355000,OCC([C@@H](O)[C@H](O)[C@@H](CO)O[C@H]1O[C@@H]([C@H]([C@@H]([C@H]1O)O)O)CO)=O
222,Lacto-N-tetraose,707.63,100,148,4.35,9,1231000,CC(N[C@H]([C@H]([C@@H]([C@H](O1)CO)O)O[C@@H]2O[C@@H]([C@@H]([C@@H]([C@H]2O)O)O)CO)[C@@H]1O[C@@H]3[C@H]([C@@H](O[C@@H]([C@@H]3O)CO)O[C@H]([C@H](O)CO)[C@H](O)[C@@H](O)C=O)O)=O
223,D-Melezitose,504.44,100,108,3.83,9,1774000,OC[C@@]1([C@H]([C@H](O)[C@@H](CO)O1)O[C@@]2([H])O[C@@H]([C@@H](O)[C@H](O)[C@H]2O)CO)O[C@H]3O[C@@H]([C@@H](O)[C@H](O)[C@H]3O)CO
224,Epilactose,342.3,50,88,3.17,9,2123000,O=C[C@@H](O)[C@@H](O)[C@@H]([C@H](O)CO)O[C@@H]1O[C@@H]([C@@H]([C@@H]([C@H]1O)O)O)CO
225,Xylobiose,282.24,125,76,2.88,9,2446000,O=C[C@H](O)[C@@H](O)[C@@H](CO)O[C@H]1[C@@H]([C@H]([C@H](O)CO1)O)O
226,D-Galactose,180.16,625,115,1.88,12,717600,O=C[C@@H]([C@H]([C@H]([C@@H](CO)O)O)O)O
227,D-Mannose,180.16,710,120,3.06,12,2562000,OC[C@@H](O)[C@@H](O)[C@H](O)[C@H](O)C=O
228,D-Xylose,150.13,512.4,95,1.74,12,7638000,O=C[C@@H]([C@H]([C@@H](CO)O)O)O
229,D-Arabinose,150.13,100,102,3.64,12,2883000,O=C[C@H]([C@@H]([C@@H](CO)O)O)O
230,D-Lyxose,150.13,125,85,5.06,12,3615800,O=C[C@H]([C@H]([C@@H](CO)O)O)O
231,D-Ribose,150.13,100,98,4.78,12,1556800,O=C[C@@H]([C@@H]([C@@H](CO)O)O)O
232,D-Tagatose,180.16,582,55,2.03,12,6932800,OCC([C@@H](O)[C@@H](O)[C@H](O)CO)=O
233,D-Psicose,180.16,2901,105,3.16,12,7014800,OC[C@H]([C@H]([C@H](C(CO)=O)O)O)O
234,D-Sorbose,180.16,100,115,3.71,12,3728830,OCC([C@H](O)[C@@H](O)[C@H](O)CO)=O
235,D-Fucose,164.16,200,87,5.48,12,6068250,O=C[C@@H]([C@H]([C@H]([C@@H](C)O)O)O)O
236,2-Deoxy-D-ribose,134.13,100,42,3.21,12,4168260,C(C=O)[C@@H]([C@@H](CO)O)O
237,N-Acetyl-D-Glucosamine,221.21,100,165,3.62,12,2511000,O=C[C@@H]([C@@H](O)[C@H](O)[C@H](O)CO)NC(C)=O
238,D-Glucosamine Hydrochloride,215.63,50,155,2.19,12,3113640,O=C[C@H](N)[C@H]([C@@H]([C@@H](CO)O)O)O.Cl
239,N-Acetylneuraminic Acid,309.27,125,185,6.56,12,602640,OC[C@@H](O)[C@@H](O)[C@H](O)[C@H](NC(C)=O)[C@@H](O)CC(C(O)=O)=O
240,Sucrose,342.3,2110,70,3.74,12,7344000,O[C@@H]1[C@@H](O)[C@H](O)[C@@H](CO)O[C@@H]1O[C@@]2(CO)[C@@H](O)[C@H](O)[C@@H](CO)O2
241,D-Maltose,342.3,125,85,7.75,12,537600,O[C@H]1[C@H](O)[C@@H](O)[C@@H](O[C@H]2[C@H](O)[C@@H](O)[C@@H](O)O[C@@H]2CO)O[C@@H]1CO
242,β-Lactose,342.3,62.5,95,4.16,12,64200,C([C@@H]1[C@@H]([C@@H]([C@H]([C@@H](O1)O[C@@H]2[C@@H](CO)O[C@H]([C@@H]([C@H]2O)O)O)O)O)O)O
243,D-Trehalose,342.3,250,120,4.39,12,1802000,O[C@H]([C@H]([C@@H]([C@@H](CO)O1)O)O)[C@H]1O[C@@H]2[C@@H]([C@H]([C@@H]([C@@H](CO)O2)O)O)O
244,D-Trehalose Dihydrate,378.33,970,130,3.96,12,4871300,"	
O[C@H]1[C@@H](O[C@H]2O[C@H](CO)[C@@H](O)[C@H](O)[C@H]2O)O[C@H](CO)[C@@H](O)[C@@H]1O.[2 H2O]"
245,Lactulose,342.3,760,95,7.07,12,4816700,OCC([C@H]([C@@H]([C@@H](CO)O)O[C@H]1[C@@H]([C@H]([C@H]([C@@H](CO)O1)O)O)O)O)=O
246,D-Cellobiose,342.3,35,130,5.9,12,602640,O[C@@H]1[C@@H](CO)O[C@@H](O[C@@H]2[C@@H](CO)O[C@@H](O)[C@H](O)[C@H]2O)[C@H](O)[C@H]1O
247,Isomaltulose,342.3,125,95,6.81,12,2320160,C([C@@H]1[C@H]([C@@H]([C@H]([C@H](O1)OC[C@@H]2[C@H]([C@@H](C(O2)(CO)O)O)O)O)O)O)O
248,Isomaltose,342.3,125,150,7.16,12,158400,O=C[C@H](O)[C@@H](O)[C@H](O)[C@H](O)CO[C@H]1O[C@@H]([C@@H](O)[C@H](O)[C@H]1O)CO
249,β-Gentiobiose,342.3,100,110,5.88,12,477090,O=C[C@@H]([C@H]([C@@H]([C@@H](CO[C@H]1[C@@H]([C@H]([C@@H]([C@@H](CO)O1)O)O)O)O)O)O)O
250,Kojibiose,342.3,116.67,125,2.77,12,391710,OC[C@@H](O)[C@@H](O)[C@H](O)[C@H](C=O)O[C@H]1-;@O-;@[C@@H](-;@[C@@H](O)-;@[C@H](O)-;@[C@H]-;@1O)CO
251,Turanose,"	
342.30",130,28,6.08,12,150720,OCC([C@H]([C@@H]([C@@H](CO)O)O)O[C@@H]1[C@@H]([C@H]([C@@H]([C@@H](CO)O1)O)O)O)=O
252,Sucralose,397.63,282,142,4.94,12,5022000,ClC[C@]1(O[C@H](CCl)[C@@H](O)[C@@H]1O)O[C@H]([C@@H]([C@@H](O)[C@H]2Cl)O)O[C@@H]2CO
253,Lactobionic Acid,358.3,125,138,5.04,12,929070,O[C@H]([C@H]([C@@H]([C@@H](CO)O)O[C@H]1[C@@H]([C@H]([C@H]([C@@H](CO)O1)O)O)O)O)C(O)=O
254,D-Glucose 6-Phosphate,260.14,250,52,4.23,12,2790000,O=C[C@@H]([C@H]([C@@H]([C@@H](COP(O)(O)=O)O)O)O)O
255,D-Galactose 1-Phosphate,260.14,125,128,3.06,12,718140,OC[C@H]1O[C@H](OP(O)(O)=O)[C@H](O)[C@@H](O)[C@H]1O
256,Raffinose,504.44,250,135,4.54,12,500500,OC[C@]1(O[C@H](CO)[C@@H](O)[C@@H]1O)O[C@H]2O[C@@H]([C@@H](O)[C@H](O)[C@H]2O)CO[C@H]3O[C@@H]([C@H](O)[C@H](O)[C@H]3O)CO
257,Stachyose,666.58,250,160,8.33,12,497100,OC[C@@](O[C@@H]1CO)([C@H]([C@@H]1O)O)O[C@H]([C@@H]([C@H]2O)O)O[C@@H]([C@H]2O)CO[C@H]([C@@H]([C@H]3O)O)O[C@@H]([C@@H]3O)CO[C@H]([C@@H]([C@H]4O)O)O[C@@H]([C@@H]4O)CO
258,Fructo-oligosaccharide (DP8/GF7),1315.14,150,51,8.24,12,503800,OC[C@]1(O[C@H](CO)[C@@H](O)[C@@H]1O)OC[C@]2(O[C@H](CO)[C@@H](O)[C@@H]2O)OC[C@]3(O[C@H](CO)[C@@H](O)[C@@H]3O)OC[C@]4(O[C@H](CO)[C@@H](O)[C@@H]4O)OC[C@]5(O[C@H](CO)[C@@H](O)[C@@H]5O)OC[C@]6(O[C@H](CO)[C@@H](O)[C@@H]6O)OC[C@]7(O[C@H](CO)[C@@H](O)[C@@H]7O)O[C@H]8O[C@@H]([C@@H](O)[C@H](O)[C@H]8O)CO
259,Fructo-oligosaccharide (DP10/GF9),1639.42,125,72,6.14,12,190830,O[C@@H]([C@@H]1O)[C@](O[C@H]([C@@H]([C@H]2O)O)O[C@@H]([C@H]2O)CO)(O[C@@H]1CO)CO[C@](O[C@@H]3CO)([C@H]([C@@H]3O)O)CO[C@](O[C@@H]4CO)([C@H]([C@@H]4O)O)CO[C@](O[C@@H]5CO)([C@H]([C@@H]5O)O)CO[C@](O[C@@H]6CO)([C@H]([C@@H]6O)O)CO[C@](O[C@@H]7CO)([C@H]([C@@H]7O)O)CO[C@](O[C@@H]8CO)([C@H]([C@@H]8O)O)CO[C@](O[C@@H]9CO)([C@H]([C@@H]9O)O)CO[C@](O[C@@H]%10CO)([C@H]([C@@H]%10O)O)CO
260,Inulin (short-chain),1963.7,500,150,4.58,12,502200,OC[C@H]1O[C@@](CO)(OC[C@@]2(OC[C@@]3(OC[C@@]4(OC[C@@]5(OC[C@@]6(OC[C@@]7(OC[C@@]8(OC[C@@]9(OC[C@@]%10(OC[C@@]%11(O[C@H]%12O[C@H](CO)[C@@H](O)[C@H](O)[C@H]%12O)O[C@H](CO)[C@@H](O)[C@@H]%11O)O[C@H](CO)[C@@H](O)[C@@H]%10O)O[C@H](CO)[C@@H](O)[C@@H]9O)O[C@H](CO)[C@@H](O)[C@@H]8O)O[C@H](CO)[C@@H](O)[C@@H]7O)O[C@H](CO)[C@@H](O)[C@@H]6O)O[C@H](CO)[C@@H](O)[C@@H]5O)O[C@H](CO)[C@@H](O)[C@@H]4O)O[C@H](CO)[C@@H](O)[C@@H]3O)O[C@H](CO)[C@@H](O)[C@@H]2O)[C@@H](O)[C@@H]1O
261,α-Cyclodextrin,972.84,110,220,6.56,12,929070,OC[C@@H](O[C@@](O[C@]([C@@H]1O)([H])[C@H](O[C@@](O[C@]([C@@H]2O)([H])[C@H](O[C@@](O[C@@]3([H])[C@@H]4O)([H])[C@@H]2O)CO)([H])[C@@H]1O)CO)([H])[C@@H]5O)[C@](O[C@](O[C@H](CO)[C@](O[C@](O[C@H](CO)[C@](O[C@](O[C@@H]3CO)([H])[C@@H]4O)([H])[C@@H]6O)([H])[C@@H]6O)([H])[C@@H]7O)([H])[C@@H]7O)([H])[C@@H]5O
262,Maltotetraose,666.58,125,75,4.89,12,1165100,"	OC[C@@H](O[C@H](O[C@@]([C@H](O)CO)([H])[C@H](O)[C@@H](O)C=O)[C@H](O)[C@H]1O)[C@@]1([H])O[C@H]2O[C@@H]([C@@H](O[C@@]3([H])O[C@@H]([C@@H](O)[C@H](O)[C@H]3O)CO)[C@H](O)[C@H]2O)CO"
263,Maltopentaose,828.72,116.67,68,6.03,12,1035240,O[C@H]1[C@@H]([C@H](O[C@H](O[C@]([C@@H]2O)([H])[C@H](O[C@H](O[C@@]([C@H](O)CO)([H])[C@H](O)[C@@H](O)C=O)[C@@H]2O)CO)[C@@H]1O)CO)O[C@@]([C@@H]([C@@H](O)[C@@H]3O[C@@]([C@@H]([C@@H](O)[C@@H]4O)O)([H])O[C@@H]4CO)O)([H])O[C@@H]3CO
264,4′-Galactosyllactose,504.44,680,140,6.7,12,3515400,C([C@@H]1[C@@H]([C@@H]([C@H]([C@@H](O1)O[C@H]2[C@H](O[C@H]([C@@H]([C@H]2O)O)O[C@@H]3[C@H](OC([C@@H]([C@H]3O)O)O)CO)CO)O)O)O)O
265,1-Kestose,504.44,116.67,130,6.86,12,3766500,OC[C@]1(O[C@H](CO)[C@@H](O)[C@@H]1O)OC[C@]2(O[C@H](CO)[C@@H](O)[C@@H]2O)O[C@H]3O[C@@H]([C@@H](O)[C@H](O)[C@H]3O)CO
266,D-Mannitol,182.17,182,165,7.56,12,1841400,OC[C@H]([C@H]([C@@H]([C@@H](CO)O)O)O)O
267,D-Sorbitol,182.17,100,110,5.55,12,5029170,OC[C@@H]([C@H]([C@@H]([C@@H](CO)O)O)O)O
268,Xylitol,152.15,110,93,5.3,12,5043520,OC[C@@H](O)[C@H](O)[C@@H](O)CO
269,Erythritol,122.12,100,118,4.99,12,3063420,OC[C@@H](O)[C@@H](O)CO
270,Dulcitol,182.17,100,105,3.98,12,2282490,"	OC[C@@H]([C@H]([C@H]([C@@H](CO)O)O)O)O"
271,D-Arabitol,152.15,100,95,7.03,12,2941880,"	OCC(O)C(O)C(O)CO"
272,D-Maltitol,344.31,175,145,3.86,12,8429780,O[C@H](CO)[C@H]([C@H](O)[C@H](CO)O)O[C@@H]1[C@H](O)[C@@H](O)[C@H](O)[C@@H](CO)O1
273,Isomalt,688.62,250,150,2.53,12,1420200,OC[C@H](O)[C@@H](O)[C@H](O)[C@H](O)CO[C@@H](O1)[C@H](O)[C@@H](O)[C@H](O)[C@H]1CO.O[C@H]([C@@H](CO[C@H]([C@@H]([C@@H](O)[C@@H]2O)O)O[C@@H]2CO)O)[C@H](O)[C@@H](CO)O
274,D-Lactitol,344.31,50,135,7.41,12,5072200,OC[C@@H]([C@H]([C@@H]([C@@H](CO)O)O[C@H]1[C@@H]([C@H]([C@H]([C@@H](CO)O1)O)O)O)O)O
275,Mogroside III,963.15,100,114,5.76,12,5958500,C[C@@]([C@@](CC[C@H](O[C@]([C@@H]([C@@H](O)[C@@H]1O)O)([H])O[C@@H]1CO)C2(C)C)([H])C2=CC3)([C@@H](C[C@@]45C)O)[C@]3([H])[C@@]4(CC[C@]5([H])[C@H](C)CC[C@H](C(C)(O)C)O[C@@H]([C@@H]([C@@H](O)[C@@H]6O)O)O[C@@H]6CO[C@@H]([C@@H]([C@@H](O)[C@@H]7O)O)O[C@@H]7CO)C
276,D-Allose,180.16,100,30,4.03,12,4566000,O=C[C@@H]([C@@H]([C@@H]([C@@H](CO)O)O)O)O
277,D-Talose,180.16,50,27,3.74,12,3875000,O=C[C@@H](O)[C@@H](O)[C@@H](O)[C@H](O)CO
278,L-Gulose,180.16,175,32,3.93,12,4161000,O=C[C@H]([C@@H]([C@H]([C@H](CO)O)O)O)O
279,α-L-Rhamnose monohydrate,182.17,100,15,3.5,12,2213000,O[C@@H]([C@@H](O[C@H]1O)C)[C@H]([C@H]1O)O.O
280,3-O-Methyl-D-glucopyranose,194.18,100,45,3.9,12,1774000,CO[C@H]1[C@@H]([C@H](O[C@@H]([C@@H]1O)O)CO)O
281,Methyl α-D-glucoside,194.18,100,55,4.3,12,1625000,OC[C@H]1O[C@@H]([C@@H]([C@H]([C@@H]1O)O)O)OC
282,D-Glucuronic acid ,194.14,100,65,4.88,12,1937000,O=C[C@@H]([C@H]([C@@H]([C@@H](C(O)=O)O)O)O)O
283,D-Galacturonic acid hydrate ,212.15,125,58,5.14,12,1704000,O=C[C@@H]([C@H]([C@H]([C@@H](C(O)=O)O)O)O)O.O
284,D-chiro-Inositol,180.16,75,75,4.31,12,2152000,O[C@H]1[C@@H]([C@@H]([C@H]([C@@H]([C@H]1O)O)O)O)O
285,N-Acetyl-D-mannosamine,221.21,100,62,5.04,12,2414000,OC[C@@H](O)[C@@H](O)[C@H](O)[C@@H](C=O)NC(C)=O
286,Rhamnose,164.16,100,18,3.37,12,2230000,O=C[C@@H]([C@@H]([C@H]([C@H](C)O)O)O)O
287,L-Fucose,164.16,100,21,3.51,12,2614000,O=C[C@H]([C@@H]([C@@H]([C@H](C)O)O)O)O
288,β-D-Glucose,180.16,116.67,31,4.25,12,6280000,O[C@@H]1O[C@@H]([C@H]([C@@H]([C@H]1O)O)O)CO
289,α-D-Glucose-1-phosphate disodium ,304.1,125,108,6.61,12,5430000,O[C@H]1[C@@H](OP(O[Na])(O[Na])=O)O[C@H](CO)[C@@H](O)[C@@H]1O
290,D-Arabinopyranose,150.13,125,24,3.24,12,2260000,OC1[C@H]([C@@H]([C@@H](CO1)O)O)O
291,Acarbose,"	645.60",100,138,7.76,12,862000,OC[C@H]([C@]1(O[C@@H]2[C@H](O)[C@@H](O)[C@@H]([C@H](O2)C)N[C@]3(C=C(CO)[C@H]([C@@H]([C@H]3O)O)O)[H])[H])O[C@@H]([C@@H]([C@H]1O)O)O[C@@]([H])([C@@H]([C@H](C=O)O)O)[C@@H](CO)O
292,L-Mannose,180.16,125,30,3.82,12,3675000,O=C[C@H](O)[C@H](O)[C@@H](O)[C@@H](O)CO
293,6-Deoxy-D-glucose,164.16,125,22,3.45,12,3001000,C[C@@H](O)[C@@H](O)[C@H](O)[C@@H](O)C=O
294,α-D-glucose,180.16,500,31,4.25,12,6420000,O[C@@H]1[C@@H]([C@H]([C@@H]([C@@H](CO)O1)O)O)O
295,Trehalulose,342.3,1000,42,5.76,12,3616000,O(CC([C@H]([C@@H]([C@@H](CO)O)O)O)=O)[C@H]1O[C@H](CO)[C@@H](O)[C@H](O)[C@H]1O
296,Leucrose,342.3,70,50,5.39,12,1965000,OCC([C@@H](O)[C@H](O)[C@@H](CO)O[C@H]1O[C@@H]([C@H]([C@@H]([C@H]1O)O)O)CO)=O
297,Lacto-N-tetraose,707.63,100,148,8.78,12,1092000,CC(N[C@H]([C@H]([C@@H]([C@H](O1)CO)O)O[C@@H]2O[C@@H]([C@@H]([C@@H]([C@H]2O)O)O)CO)[C@@H]1O[C@@H]3[C@H]([C@@H](O[C@@H]([C@@H]3O)CO)O[C@H]([C@H](O)CO)[C@H](O)[C@@H](O)C=O)O)=O
298,D-Melezitose,504.44,100,108,7.14,12,1514000,OC[C@@]1([C@H]([C@H](O)[C@@H](CO)O1)O[C@@]2([H])O[C@@H]([C@@H](O)[C@H](O)[C@H]2O)CO)O[C@H]3O[C@@H]([C@@H](O)[C@H](O)[C@H]3O)CO
299,Epilactose,342.3,50,88,5.42,12,1752000,O=C[C@@H](O)[C@@H](O)[C@@H]([C@H](O)CO)O[C@@H]1O[C@@H]([C@@H]([C@@H]([C@H]1O)O)O)CO
300,Xylobiose,282.24,125,76,4.8,12,2040000,O=C[C@H](O)[C@@H](O)[C@@H](CO)O[C@H]1[C@@H]([C@H]([C@H](O)CO1)O)O
