No.,Sugar,Molecular weight,Solubility,Tg,Viscosity,Concentration,SMILES,,,,,
1,D-Galactose,180.16,625,115,1.51,3,O=C[C@@H]([C@H]([C@H]([C@@H](CO)O)O)O)O,,,,,
2,D-Mannose,180.16,710,120,1.37,3,OC[C@@H](O)[C@@H](O)[C@H](O)[C@H](O)C=O,,,,,
3,D-Xylose,150.13,512.4,95,1.38,3,O=C[C@@H]([C@H]([C@@H](CO)O)O)O,,,,,
4,D-Arabinose,150.13,100,102,2.89,3,O=C[C@H]([C@@H]([C@@H](CO)O)O)O,,,,,
5,D-Lyxose,150.13,125,85,3.03,3,O=C[C@H]([C@H]([C@@H](CO)O)O)O,,,,,
6,D-Ribose,150.13,100,98,1.96,3,O=C[C@@H]([C@@H]([C@@H](CO)O)O)O,,,,,
7,D-Tagatose,180.16,582,55,1.58,3,OCC([C@@H](O)[C@@H](O)[C@H](O)CO)=O,,,,,
8,D-Psicose,180.16,2901,105,2.08,3,OC[C@H]([C@H]([C@H](C(CO)=O)O)O)O,,,,,
9,D-Sorbose,180.16,100,115,2.06,3,OCC([C@H](O)[C@@H](O)[C@H](O)CO)=O,,,,,
10,D-Fucose,164.16,200,87,2.45,3,O=C[C@@H]([C@H]([C@H]([C@@H](C)O)O)O)O,,,,,
11,2-Deoxy-D-ribose,134.13,100,42,2.5,3,C(C=O)[C@@H]([C@@H](CO)O)O,,,,,
12,N-Acetyl-D-Glucosamine,221.21,100,165,2.88,3,O=C[C@@H]([C@@H](O)[C@H](O)[C@H](O)CO)NC(C)=O,,,,,
13,D-Glucosamine Hydrochloride,215.63,50,155,1.74,3,O=C[C@H](N)[C@H]([C@@H]([C@@H](CO)O)O)O.Cl,,,,,
14,N-Acetylneuraminic Acid,309.27,125,185,3.26,3,OC[C@@H](O)[C@@H](O)[C@H](O)[C@H](NC(C)=O)[C@@H](O)CC(C(O)=O)=O,,,,,
15,Sucrose,342.3,2110,70,2,3,O[C@@H]1[C@@H](O)[C@H](O)[C@@H](CO)O[C@@H]1O[C@@]2(CO)[C@@H](O)[C@H](O)[C@@H](CO)O2,,,,,
16,D-Maltose,342.3,125,85,2.2,3,O[C@H]1[C@H](O)[C@@H](O)[C@@H](O[C@H]2[C@H](O)[C@@H](O)[C@@H](O)O[C@@H]2CO)O[C@@H]1CO,,,,,
17,β-Lactose,342.3,62.5,95,2.1,3,C([C@@H]1[C@@H]([C@@H]([C@H]([C@@H](O1)O[C@@H]2[C@@H](CO)O[C@H]([C@@H]([C@H]2O)O)O)O)O)O)O,,,,,
18,D-Trehalose,342.3,250,120,2.3,3,O[C@H]([C@H]([C@@H]([C@@H](CO)O1)O)O)[C@H]1O[C@@H]2[C@@H]([C@H]([C@@H]([C@@H](CO)O2)O)O)O,,,,,
19,D-Trehalose Dihydrate,378.33,970,130,2.13,3,"	
O[C@H]1[C@@H](O[C@H]2O[C@H](CO)[C@@H](O)[C@H](O)[C@H]2O)O[C@H](CO)[C@@H](O)[C@@H]1O.[2 H2O]",,,,,
20,Lactulose,342.3,760,95,2.34,3,OCC([C@H]([C@@H]([C@@H](CO)O)O[C@H]1[C@@H]([C@H]([C@H]([C@@H](CO)O1)O)O)O)O)=O,,,,,
21,D-Cellobiose,342.3,35,130,3,3,O[C@@H]1[C@@H](CO)O[C@@H](O[C@@H]2[C@@H](CO)O[C@@H](O)[C@H](O)[C@H]2O)[C@H](O)[C@H]1O,,,,,
22,Isomaltulose,342.3,125,95,2.38,3,C([C@@H]1[C@H]([C@@H]([C@H]([C@H](O1)OC[C@@H]2[C@H]([C@@H](C(O2)(CO)O)O)O)O)O)O)O,,,,,
23,Isomaltose,342.3,125,150,3.52,3,O=C[C@H](O)[C@@H](O)[C@H](O)[C@H](O)CO[C@H]1O[C@@H]([C@@H](O)[C@H](O)[C@H]1O)CO,,,,,
24,β-Gentiobiose,342.3,100,110,3.01,3,O=C[C@@H]([C@H]([C@@H]([C@@H](CO[C@H]1[C@@H]([C@H]([C@@H]([C@@H](CO)O1)O)O)O)O)O)O)O,,,,,
25,Kojibiose,342.3,116.67,125,1.43,3,OC[C@@H](O)[C@@H](O)[C@H](O)[C@H](C=O)O[C@H]1-;@O-;@[C@@H](-;@[C@@H](O)-;@[C@H](O)-;@[C@H]-;@1O)CO,,,,,
26,Turanose,"	
342.30",130,28,3.8,3,OCC([C@H]([C@@H]([C@@H](CO)O)O)O[C@@H]1[C@@H]([C@H]([C@@H]([C@@H](CO)O1)O)O)O)=O,,,,,
27,Sucralose,397.63,282,142,3.15,3,ClC[C@]1(O[C@H](CCl)[C@@H](O)[C@@H]1O)O[C@H]([C@@H]([C@@H](O)[C@H]2Cl)O)O[C@@H]2CO,,,,,
28,Lactobionic Acid,358.3,125,138,2.78,3,O[C@H]([C@H]([C@@H]([C@@H](CO)O)O[C@H]1[C@@H]([C@H]([C@H]([C@@H](CO)O1)O)O)O)O)C(O)=O,,,,,
29,D-Glucose 6-Phosphate,260.14,250,52,2.15,3,O=C[C@@H]([C@H]([C@@H]([C@@H](COP(O)(O)=O)O)O)O)O,,,,,
30,D-Galactose 1-Phosphate,260.14,125,128,1.98,3,OC[C@H]1O[C@H](OP(O)(O)=O)[C@H](O)[C@@H](O)[C@H]1O,,,,,
31,Raffinose,504.44,250,135,1.67,3,OC[C@]1(O[C@H](CO)[C@@H](O)[C@@H]1O)O[C@H]2O[C@@H]([C@@H](O)[C@H](O)[C@H]2O)CO[C@H]3O[C@@H]([C@H](O)[C@H](O)[C@H]3O)CO,,,,,
32,Stachyose,666.58,250,160,2.72,3,OC[C@@](O[C@@H]1CO)([C@H]([C@@H]1O)O)O[C@H]([C@@H]([C@H]2O)O)O[C@@H]([C@H]2O)CO[C@H]([C@@H]([C@H]3O)O)O[C@@H]([C@@H]3O)CO[C@H]([C@@H]([C@H]4O)O)O[C@@H]([C@@H]4O)CO,,,,,
33,Fructo-oligosaccharide (DP8/GF7),1315.14,150,51,4.1,3,OC[C@]1(O[C@H](CO)[C@@H](O)[C@@H]1O)OC[C@]2(O[C@H](CO)[C@@H](O)[C@@H]2O)OC[C@]3(O[C@H](CO)[C@@H](O)[C@@H]3O)OC[C@]4(O[C@H](CO)[C@@H](O)[C@@H]4O)OC[C@]5(O[C@H](CO)[C@@H](O)[C@@H]5O)OC[C@]6(O[C@H](CO)[C@@H](O)[C@@H]6O)OC[C@]7(O[C@H](CO)[C@@H](O)[C@@H]7O)O[C@H]8O[C@@H]([C@@H](O)[C@H](O)[C@H]8O)CO,,,,,
34,Fructo-oligosaccharide (DP10/GF9),1639.42,125,72,2.94,3,O[C@@H]([C@@H]1O)[C@](O[C@H]([C@@H]([C@H]2O)O)O[C@@H]([C@H]2O)CO)(O[C@@H]1CO)CO[C@](O[C@@H]3CO)([C@H]([C@@H]3O)O)CO[C@](O[C@@H]4CO)([C@H]([C@@H]4O)O)CO[C@](O[C@@H]5CO)([C@H]([C@@H]5O)O)CO[C@](O[C@@H]6CO)([C@H]([C@@H]6O)O)CO[C@](O[C@@H]7CO)([C@H]([C@@H]7O)O)CO[C@](O[C@@H]8CO)([C@H]([C@@H]8O)O)CO[C@](O[C@@H]9CO)([C@H]([C@@H]9O)O)CO[C@](O[C@@H]%10CO)([C@H]([C@@H]%10O)O)CO,,,,,
35,Inulin (short-chain),1963.7,500,150,2.17,3,OC[C@H]1O[C@@](CO)(OC[C@@]2(OC[C@@]3(OC[C@@]4(OC[C@@]5(OC[C@@]6(OC[C@@]7(OC[C@@]8(OC[C@@]9(OC[C@@]%10(OC[C@@]%11(O[C@H]%12O[C@H](CO)[C@@H](O)[C@H](O)[C@H]%12O)O[C@H](CO)[C@@H](O)[C@@H]%11O)O[C@H](CO)[C@@H](O)[C@@H]%10O)O[C@H](CO)[C@@H](O)[C@@H]9O)O[C@H](CO)[C@@H](O)[C@@H]8O)O[C@H](CO)[C@@H](O)[C@@H]7O)O[C@H](CO)[C@@H](O)[C@@H]6O)O[C@H](CO)[C@@H](O)[C@@H]5O)O[C@H](CO)[C@@H](O)[C@@H]4O)O[C@H](CO)[C@@H](O)[C@@H]3O)O[C@H](CO)[C@@H](O)[C@@H]2O)[C@@H](O)[C@@H]1O,,,,,
36,α-Cyclodextrin,972.84,110,220,1.4,3,OC[C@@H](O[C@@](O[C@]([C@@H]1O)([H])[C@H](O[C@@](O[C@]([C@@H]2O)([H])[C@H](O[C@@](O[C@@]3([H])[C@@H]4O)([H])[C@@H]2O)CO)([H])[C@@H]1O)CO)([H])[C@@H]5O)[C@](O[C@](O[C@H](CO)[C@](O[C@](O[C@H](CO)[C@](O[C@](O[C@@H]3CO)([H])[C@@H]4O)([H])[C@@H]6O)([H])[C@@H]6O)([H])[C@@H]7O)([H])[C@@H]7O)([H])[C@@H]5O,,,,,
37,Maltotetraose,666.58,125,75,1.81,3,"	OC[C@@H](O[C@H](O[C@@]([C@H](O)CO)([H])[C@H](O)[C@@H](O)C=O)[C@H](O)[C@H]1O)[C@@]1([H])O[C@H]2O[C@@H]([C@@H](O[C@@]3([H])O[C@@H]([C@@H](O)[C@H](O)[C@H]3O)CO)[C@H](O)[C@H]2O)CO",,,,,
38,Maltopentaose,828.72,116.67,68,1.64,3,O[C@H]1[C@@H]([C@H](O[C@H](O[C@]([C@@H]2O)([H])[C@H](O[C@H](O[C@@]([C@H](O)CO)([H])[C@H](O)[C@@H](O)C=O)[C@@H]2O)CO)[C@@H]1O)CO)O[C@@]([C@@H]([C@@H](O)[C@@H]3O[C@@]([C@@H]([C@@H](O)[C@@H]4O)O)([H])O[C@@H]4CO)O)([H])O[C@@H]3CO,,,,,
39,4′-Galactosyllactose,504.44,680,140,1.85,3,C([C@@H]1[C@@H]([C@@H]([C@H]([C@@H](O1)O[C@H]2[C@H](O[C@H]([C@@H]([C@H]2O)O)O[C@@H]3[C@H](OC([C@@H]([C@H]3O)O)O)CO)CO)O)O)O)O,,,,,
40,1-Kestose,504.44,116.67,130,2.64,3,OC[C@]1(O[C@H](CO)[C@@H](O)[C@@H]1O)OC[C@]2(O[C@H](CO)[C@@H](O)[C@@H]2O)O[C@H]3O[C@@H]([C@@H](O)[C@H](O)[C@H]3O)CO,,,,,
41,D-Mannitol,182.17,182,165,2.68,3,OC[C@H]([C@H]([C@@H]([C@@H](CO)O)O)O)O,,,,,
42,D-Sorbitol,182.17,100,110,2.57,3,OC[C@@H]([C@H]([C@@H]([C@@H](CO)O)O)O)O,,,,,
43,Xylitol,152.15,110,93,2.8,3,OC[C@@H](O)[C@H](O)[C@@H](O)CO,,,,,
44,Erythritol,122.12,100,118,2.35,3,OC[C@@H](O)[C@@H](O)CO,,,,,
45,Dulcitol,182.17,100,105,2.62,3,"	OC[C@@H]([C@H]([C@H]([C@@H](CO)O)O)O)O",,,,,
46,D-Arabitol,152.15,100,95,2.9,3,"	OCC(O)C(O)C(O)CO",,,,,
47,D-Maltitol,344.31,175,145,1.87,3,O[C@H](CO)[C@H]([C@H](O)[C@H](CO)O)O[C@@H]1[C@H](O)[C@@H](O)[C@H](O)[C@@H](CO)O1,,,,,
48,Isomalt,688.62,250,150,2.02,3,OC[C@H](O)[C@@H](O)[C@H](O)[C@H](O)CO[C@@H](O1)[C@H](O)[C@@H](O)[C@H](O)[C@H]1CO.O[C@H]([C@@H](CO[C@H]([C@@H]([C@@H](O)[C@@H]2O)O)O[C@@H]2CO)O)[C@H](O)[C@@H](CO)O,,,,,
49,D-Lactitol,344.31,50,135,3.35,3,OC[C@@H]([C@H]([C@@H]([C@@H](CO)O)O[C@H]1[C@@H]([C@H]([C@H]([C@@H](CO)O1)O)O)O)O)O,,,,,
50,Mogroside III,963.15,100,114,2.06,3,C[C@@]([C@@](CC[C@H](O[C@]([C@@H]([C@@H](O)[C@@H]1O)O)([H])O[C@@H]1CO)C2(C)C)([H])C2=CC3)([C@@H](C[C@@]45C)O)[C@]3([H])[C@@]4(CC[C@]5([H])[C@H](C)CC[C@H](C(C)(O)C)O[C@@H]([C@@H]([C@@H](O)[C@@H]6O)O)O[C@@H]6CO[C@@H]([C@@H]([C@@H](O)[C@@H]7O)O)O[C@@H]7CO)C,,,,,
51,D-Allose,180.16,100,30,1.23,3,O=C[C@@H]([C@@H]([C@@H]([C@@H](CO)O)O)O)O,,,,,
52,D-Talose,180.16,50,27,1.2,3,O=C[C@@H](O)[C@@H](O)[C@@H](O)[C@H](O)CO,,,,,
53,L-Gulose,180.16,175,32,1.22,3,O=C[C@H]([C@@H]([C@H]([C@H](CO)O)O)O)O,,,,,
54,α-L-Rhamnose monohydrate,182.17,100,15,1.18,3,O[C@@H]([C@@H](O[C@H]1O)C)[C@H]([C@H]1O)O.O,,,,,
55,3-O-Methyl-D-glucopyranose,194.18,100,45,1.2,3,CO[C@H]1[C@@H]([C@H](O[C@@H]([C@@H]1O)O)CO)O,,,,,
56,Methyl α-D-glucoside,194.18,100,55,1.23,3,OC[C@H]1O[C@@H]([C@@H]([C@H]([C@@H]1O)O)O)OC,,,,,
57,D-Glucuronic acid ,194.14,100,65,1.26,3,O=C[C@@H]([C@H]([C@@H]([C@@H](C(O)=O)O)O)O)O,,,,,
58,D-Galacturonic acid hydrate ,212.15,125,58,1.28,3,O=C[C@@H]([C@H]([C@H]([C@@H](C(O)=O)O)O)O)O.O,,,,,
59,D-chiro-Inositol,180.16,75,75,1.21,3,O[C@H]1[C@@H]([C@@H]([C@H]([C@@H]([C@H]1O)O)O)O)O,,,,,
60,N-Acetyl-D-mannosamine,221.21,100,62,1.26,3,OC[C@@H](O)[C@@H](O)[C@H](O)[C@@H](C=O)NC(C)=O,,,,,
61,Rhamnose,164.16,100,18,1.17,3,O=C[C@@H]([C@@H]([C@H]([C@H](C)O)O)O)O,,,,,
62,L-Fucose,164.16,100,21,1.17,3,O=C[C@H]([C@@H]([C@@H]([C@H](C)O)O)O)O,,,,,
63,β-D-Glucose,180.16,116.67,31,1.23,3,O[C@@H]1O[C@@H]([C@H]([C@@H]([C@H]1O)O)O)CO,,,,,
64,α-D-Glucose-1-phosphate disodium ,304.1,125,108,1.31,3,O[C@H]1[C@@H](OP(O[Na])(O[Na])=O)O[C@H](CO)[C@@H](O)[C@@H]1O,,,,,
65,D-Arabinopyranose,150.13,125,24,1.16,3,OC1[C@H]([C@@H]([C@@H](CO1)O)O)O,,,,,
66,Acarbose,"	645.60",100,138,1.35,3,OC[C@H]([C@]1(O[C@@H]2[C@H](O)[C@@H](O)[C@@H]([C@H](O2)C)N[C@]3(C=C(CO)[C@H]([C@@H]([C@H]3O)O)O)[H])[H])O[C@@H]([C@@H]([C@H]1O)O)O[C@@]([H])([C@@H]([C@H](C=O)O)O)[C@@H](CO)O,,,,,
67,L-Mannose,180.16,125,30,1.2,3,O=C[C@H](O)[C@H](O)[C@@H](O)[C@@H](O)CO,,,,,
68,6-Deoxy-D-glucose,164.16,125,22,1.18,3,C[C@@H](O)[C@@H](O)[C@H](O)[C@@H](O)C=O,,,,,
69,α-D-glucose,180.16,500,31,1.23,3,O[C@@H]1[C@@H]([C@H]([C@@H]([C@@H](CO)O1)O)O)O,,,,,
70,Trehalulose,342.3,1000,42,1.28,3,O(CC([C@H]([C@@H]([C@@H](CO)O)O)O)=O)[C@H]1O[C@H](CO)[C@@H](O)[C@H](O)[C@H]1O,,,,,
71,Leucrose,342.3,70,50,1.27,3,OCC([C@@H](O)[C@H](O)[C@@H](CO)O[C@H]1O[C@@H]([C@H]([C@@H]([C@H]1O)O)O)CO)=O,,,,,
72,Lacto-N-tetraose,707.63,100,148,1.38,3,CC(N[C@H]([C@H]([C@@H]([C@H](O1)CO)O)O[C@@H]2O[C@@H]([C@@H]([C@@H]([C@H]2O)O)O)CO)[C@@H]1O[C@@H]3[C@H]([C@@H](O[C@@H]([C@@H]3O)CO)O[C@H]([C@H](O)CO)[C@H](O)[C@@H](O)C=O)O)=O,,,,,
73,D-Melezitose,504.44,100,108,1.33,3,OC[C@@]1([C@H]([C@H](O)[C@@H](CO)O1)O[C@@]2([H])O[C@@H]([C@@H](O)[C@H](O)[C@H]2O)CO)O[C@H]3O[C@@H]([C@@H](O)[C@H](O)[C@H]3O)CO,,,,,
74,Epilactose,342.3,50,88,1.29,3,O=C[C@@H](O)[C@@H](O)[C@@H]([C@H](O)CO)O[C@@H]1O[C@@H]([C@@H]([C@@H]([C@H]1O)O)O)CO,,,,,
75,Xylobiose,282.24,125,76,1.25,3,O=C[C@H](O)[C@@H](O)[C@@H](CO)O[C@H]1[C@@H]([C@H]([C@H](O)CO1)O)O,,,,,
76,D-Galactose,180.16,625,115,1.58,6,O=C[C@@H]([C@H]([C@H]([C@@H](CO)O)O)O)O,,,,,
77,D-Mannose,180.16,710,120,1.63,6,OC[C@@H](O)[C@@H](O)[C@H](O)[C@H](O)C=O,,,,,
78,D-Xylose,150.13,512.4,95,1.47,6,O=C[C@@H]([C@H]([C@@H](CO)O)O)O,,,,,
79,D-Arabinose,150.13,100,102,3.02,6,O=C[C@H]([C@@H]([C@@H](CO)O)O)O,,,,,
80,D-Lyxose,150.13,125,85,3.25,6,O=C[C@H]([C@H]([C@@H](CO)O)O)O,,,,,
81,D-Ribose,150.13,100,98,3.25,6,O=C[C@@H]([C@@H]([C@@H](CO)O)O)O,,,,,
82,D-Tagatose,180.16,582,55,1.76,6,OCC([C@@H](O)[C@@H](O)[C@H](O)CO)=O,,,,,
83,D-Psicose,180.16,2901,105,2.22,6,OC[C@H]([C@H]([C@H](C(CO)=O)O)O)O,,,,,
84,D-Sorbose,180.16,100,115,2.57,6,OCC([C@H](O)[C@@H](O)[C@H](O)CO)=O,,,,,
85,D-Fucose,164.16,200,87,3.65,6,O=C[C@@H]([C@H]([C@H]([C@@H](C)O)O)O)O,,,,,
86,2-Deoxy-D-ribose,134.13,100,42,2.86,6,C(C=O)[C@@H]([C@@H](CO)O)O,,,,,
87,N-Acetyl-D-Glucosamine,221.21,100,165,3.14,6,O=C[C@@H]([C@@H](O)[C@H](O)[C@H](O)CO)NC(C)=O,,,,,
88,D-Glucosamine Hydrochloride,215.63,50,155,1.83,6,O=C[C@H](N)[C@H]([C@@H]([C@@H](CO)O)O)O.Cl,,,,,
89,N-Acetylneuraminic Acid,309.27,125,185,4.59,6,OC[C@@H](O)[C@@H](O)[C@H](O)[C@H](NC(C)=O)[C@@H](O)CC(C(O)=O)=O,,,,,
90,Sucrose,342.3,2110,70,2.09,6,O[C@@H]1[C@@H](O)[C@H](O)[C@@H](CO)O[C@@H]1O[C@@]2(CO)[C@@H](O)[C@H](O)[C@@H](CO)O2,,,,,
91,D-Maltose,342.3,125,85,3.21,6,O[C@H]1[C@H](O)[C@@H](O)[C@@H](O[C@H]2[C@H](O)[C@@H](O)[C@@H](O)O[C@@H]2CO)O[C@@H]1CO,,,,,
92,β-Lactose,342.3,62.5,95,2.51,6,C([C@@H]1[C@@H]([C@@H]([C@H]([C@@H](O1)O[C@@H]2[C@@H](CO)O[C@H]([C@@H]([C@H]2O)O)O)O)O)O)O,,,,,
93,D-Trehalose,342.3,250,120,3.36,6,O[C@H]([C@H]([C@@H]([C@@H](CO)O1)O)O)[C@H]1O[C@@H]2[C@@H]([C@H]([C@@H]([C@@H](CO)O2)O)O)O,,,,,
94,D-Trehalose Dihydrate,378.33,970,130,2.81,6,"	
O[C@H]1[C@@H](O[C@H]2O[C@H](CO)[C@@H](O)[C@H](O)[C@H]2O)O[C@H](CO)[C@@H](O)[C@@H]1O.[2 H2O]",,,,,
95,Lactulose,342.3,760,95,3,6,OCC([C@H]([C@@H]([C@@H](CO)O)O[C@H]1[C@@H]([C@H]([C@H]([C@@H](CO)O1)O)O)O)O)=O,,,,,
96,D-Cellobiose,342.3,35,130,3.31,6,O[C@@H]1[C@@H](CO)O[C@@H](O[C@@H]2[C@@H](CO)O[C@@H](O)[C@H](O)[C@H]2O)[C@H](O)[C@H]1O,,,,,
97,Isomaltulose,342.3,125,95,2.94,6,C([C@@H]1[C@H]([C@@H]([C@H]([C@H](O1)OC[C@@H]2[C@H]([C@@H](C(O2)(CO)O)O)O)O)O)O)O,,,,,
98,Isomaltose,342.3,125,150,5.01,6,O=C[C@H](O)[C@@H](O)[C@H](O)[C@H](O)CO[C@H]1O[C@@H]([C@@H](O)[C@H](O)[C@H]1O)CO,,,,,
99,β-Gentiobiose,342.3,100,110,4.1,6,O=C[C@@H]([C@H]([C@@H]([C@@H](CO[C@H]1[C@@H]([C@H]([C@@H]([C@@H](CO)O1)O)O)O)O)O)O)O,,,,,
100,Kojibiose,342.3,116.67,125,2,6,OC[C@@H](O)[C@@H](O)[C@H](O)[C@H](C=O)O[C@H]1-;@O-;@[C@@H](-;@[C@@H](O)-;@[C@H](O)-;@[C@H]-;@1O)CO,,,,,
101,Turanose,"	
342.30",130,28,4.28,6,OCC([C@H]([C@@H]([C@@H](CO)O)O)O[C@@H]1[C@@H]([C@H]([C@@H]([C@@H](CO)O1)O)O)O)=O,,,,,
102,Sucralose,397.63,282,142,3.89,6,ClC[C@]1(O[C@H](CCl)[C@@H](O)[C@@H]1O)O[C@H]([C@@H]([C@@H](O)[C@H]2Cl)O)O[C@@H]2CO,,,,,
103,Lactobionic Acid,358.3,125,138,3.54,6,O[C@H]([C@H]([C@@H]([C@@H](CO)O)O[C@H]1[C@@H]([C@H]([C@H]([C@@H](CO)O1)O)O)O)O)C(O)=O,,,,,
104,D-Glucose 6-Phosphate,260.14,250,52,2.72,6,O=C[C@@H]([C@H]([C@@H]([C@@H](COP(O)(O)=O)O)O)O)O,,,,,
105,D-Galactose 1-Phosphate,260.14,125,128,2.45,6,OC[C@H]1O[C@H](OP(O)(O)=O)[C@H](O)[C@@H](O)[C@H]1O,,,,,
106,Raffinose,504.44,250,135,2.72,6,OC[C@]1(O[C@H](CO)[C@@H](O)[C@@H]1O)O[C@H]2O[C@@H]([C@@H](O)[C@H](O)[C@H]2O)CO[C@H]3O[C@@H]([C@H](O)[C@H](O)[C@H]3O)CO,,,,,
107,Stachyose,666.58,250,160,4.12,6,OC[C@@](O[C@@H]1CO)([C@H]([C@@H]1O)O)O[C@H]([C@@H]([C@H]2O)O)O[C@@H]([C@H]2O)CO[C@H]([C@@H]([C@H]3O)O)O[C@@H]([C@@H]3O)CO[C@H]([C@@H]([C@H]4O)O)O[C@@H]([C@@H]4O)CO,,,,,
108,Fructo-oligosaccharide (DP8/GF7),1315.14,150,51,5.26,6,OC[C@]1(O[C@H](CO)[C@@H](O)[C@@H]1O)OC[C@]2(O[C@H](CO)[C@@H](O)[C@@H]2O)OC[C@]3(O[C@H](CO)[C@@H](O)[C@@H]3O)OC[C@]4(O[C@H](CO)[C@@H](O)[C@@H]4O)OC[C@]5(O[C@H](CO)[C@@H](O)[C@@H]5O)OC[C@]6(O[C@H](CO)[C@@H](O)[C@@H]6O)OC[C@]7(O[C@H](CO)[C@@H](O)[C@@H]7O)O[C@H]8O[C@@H]([C@@H](O)[C@H](O)[C@H]8O)CO,,,,,
109,Fructo-oligosaccharide (DP10/GF9),1639.42,125,72,3.48,6,O[C@@H]([C@@H]1O)[C@](O[C@H]([C@@H]([C@H]2O)O)O[C@@H]([C@H]2O)CO)(O[C@@H]1CO)CO[C@](O[C@@H]3CO)([C@H]([C@@H]3O)O)CO[C@](O[C@@H]4CO)([C@H]([C@@H]4O)O)CO[C@](O[C@@H]5CO)([C@H]([C@@H]5O)O)CO[C@](O[C@@H]6CO)([C@H]([C@@H]6O)O)CO[C@](O[C@@H]7CO)([C@H]([C@@H]7O)O)CO[C@](O[C@@H]8CO)([C@H]([C@@H]8O)O)CO[C@](O[C@@H]9CO)([C@H]([C@@H]9O)O)CO[C@](O[C@@H]%10CO)([C@H]([C@@H]%10O)O)CO,,,,,
110,Inulin (short-chain),1963.7,500,150,3.54,6,OC[C@H]1O[C@@](CO)(OC[C@@]2(OC[C@@]3(OC[C@@]4(OC[C@@]5(OC[C@@]6(OC[C@@]7(OC[C@@]8(OC[C@@]9(OC[C@@]%10(OC[C@@]%11(O[C@H]%12O[C@H](CO)[C@@H](O)[C@H](O)[C@H]%12O)O[C@H](CO)[C@@H](O)[C@@H]%11O)O[C@H](CO)[C@@H](O)[C@@H]%10O)O[C@H](CO)[C@@H](O)[C@@H]9O)O[C@H](CO)[C@@H](O)[C@@H]8O)O[C@H](CO)[C@@H](O)[C@@H]7O)O[C@H](CO)[C@@H](O)[C@@H]6O)O[C@H](CO)[C@@H](O)[C@@H]5O)O[C@H](CO)[C@@H](O)[C@@H]4O)O[C@H](CO)[C@@H](O)[C@@H]3O)O[C@H](CO)[C@@H](O)[C@@H]2O)[C@@H](O)[C@@H]1O,,,,,
111,α-Cyclodextrin,972.84,110,220,2.37,6,OC[C@@H](O[C@@](O[C@]([C@@H]1O)([H])[C@H](O[C@@](O[C@]([C@@H]2O)([H])[C@H](O[C@@](O[C@@]3([H])[C@@H]4O)([H])[C@@H]2O)CO)([H])[C@@H]1O)CO)([H])[C@@H]5O)[C@](O[C@](O[C@H](CO)[C@](O[C@](O[C@H](CO)[C@](O[C@](O[C@@H]3CO)([H])[C@@H]4O)([H])[C@@H]6O)([H])[C@@H]6O)([H])[C@@H]7O)([H])[C@@H]7O)([H])[C@@H]5O,,,,,
112,Maltotetraose,666.58,125,75,1.91,6,"	OC[C@@H](O[C@H](O[C@@]([C@H](O)CO)([H])[C@H](O)[C@@H](O)C=O)[C@H](O)[C@H]1O)[C@@]1([H])O[C@H]2O[C@@H]([C@@H](O[C@@]3([H])O[C@@H]([C@@H](O)[C@H](O)[C@H]3O)CO)[C@H](O)[C@H]2O)CO",,,,,
113,Maltopentaose,828.72,116.67,68,2.39,6,O[C@H]1[C@@H]([C@H](O[C@H](O[C@]([C@@H]2O)([H])[C@H](O[C@H](O[C@@]([C@H](O)CO)([H])[C@H](O)[C@@H](O)C=O)[C@@H]2O)CO)[C@@H]1O)CO)O[C@@]([C@@H]([C@@H](O)[C@@H]3O[C@@]([C@@H]([C@@H](O)[C@@H]4O)O)([H])O[C@@H]4CO)O)([H])O[C@@H]3CO,,,,,
114,4′-Galactosyllactose,504.44,680,140,2.51,6,C([C@@H]1[C@@H]([C@@H]([C@H]([C@@H](O1)O[C@H]2[C@H](O[C@H]([C@@H]([C@H]2O)O)O[C@@H]3[C@H](OC([C@@H]([C@H]3O)O)O)CO)CO)O)O)O)O,,,,,
115,1-Kestose,504.44,116.67,130,3.06,6,OC[C@]1(O[C@H](CO)[C@@H](O)[C@@H]1O)OC[C@]2(O[C@H](CO)[C@@H](O)[C@@H]2O)O[C@H]3O[C@@H]([C@@H](O)[C@H](O)[C@H]3O)CO,,,,,
116,D-Mannitol,182.17,182,165,4.08,6,OC[C@H]([C@H]([C@@H]([C@@H](CO)O)O)O)O,,,,,
117,D-Sorbitol,182.17,100,110,2.99,6,OC[C@@H]([C@H]([C@@H]([C@@H](CO)O)O)O)O,,,,,
118,Xylitol,152.15,110,93,3.34,6,OC[C@@H](O)[C@H](O)[C@@H](O)CO,,,,,
119,Erythritol,122.12,100,118,3,6,OC[C@@H](O)[C@@H](O)CO,,,,,
120,Dulcitol,182.17,100,105,2.78,6,"	OC[C@@H]([C@H]([C@H]([C@@H](CO)O)O)O)O",,,,,
121,D-Arabitol,152.15,100,95,4.26,6,"	OCC(O)C(O)C(O)CO",,,,,
122,D-Maltitol,344.31,175,145,2.49,6,O[C@H](CO)[C@H]([C@H](O)[C@H](CO)O)O[C@@H]1[C@H](O)[C@@H](O)[C@H](O)[C@@H](CO)O1,,,,,
123,Isomalt,688.62,250,150,2.16,6,OC[C@H](O)[C@@H](O)[C@H](O)[C@H](O)CO[C@@H](O1)[C@H](O)[C@@H](O)[C@H](O)[C@H]1CO.O[C@H]([C@@H](CO[C@H]([C@@H]([C@@H](O)[C@@H]2O)O)O[C@@H]2CO)O)[C@H](O)[C@@H](CO)O,,,,,
124,D-Lactitol,344.31,50,135,4,6,OC[C@@H]([C@H]([C@@H]([C@@H](CO)O)O[C@H]1[C@@H]([C@H]([C@H]([C@@H](CO)O1)O)O)O)O)O,,,,,
125,Mogroside III,963.15,100,114,2.2,6,C[C@@]([C@@](CC[C@H](O[C@]([C@@H]([C@@H](O)[C@@H]1O)O)([H])O[C@@H]1CO)C2(C)C)([H])C2=CC3)([C@@H](C[C@@]45C)O)[C@]3([H])[C@@]4(CC[C@]5([H])[C@H](C)CC[C@H](C(C)(O)C)O[C@@H]([C@@H]([C@@H](O)[C@@H]6O)O)O[C@@H]6CO[C@@H]([C@@H]([C@@H](O)[C@@H]7O)O)O[C@@H]7CO)C,,,,,
126,D-Allose,180.16,100,30,1.74,6,O=C[C@@H]([C@@H]([C@@H]([C@@H](CO)O)O)O)O,,,,,
127,D-Talose,180.16,50,27,1.68,6,O=C[C@@H](O)[C@@H](O)[C@@H](O)[C@H](O)CO,,,,,
128,L-Gulose,180.16,175,32,1.72,6,O=C[C@H]([C@@H]([C@H]([C@H](CO)O)O)O)O,,,,,
129,α-L-Rhamnose monohydrate,182.17,100,15,1.62,6,O[C@@H]([C@@H](O[C@H]1O)C)[C@H]([C@H]1O)O.O,,,,,
130,3-O-Methyl-D-glucopyranose,194.18,100,45,1.7,6,CO[C@H]1[C@@H]([C@H](O[C@@H]([C@@H]1O)O)CO)O,,,,,
131,Methyl α-D-glucoside,194.18,100,55,1.78,6,OC[C@H]1O[C@@H]([C@@H]([C@H]([C@@H]1O)O)O)OC,,,,,
132,D-Glucuronic acid ,194.14,100,65,1.86,6,O=C[C@@H]([C@H]([C@@H]([C@@H](C(O)=O)O)O)O)O,,,,,
133,D-Galacturonic acid hydrate ,212.15,125,58,1.92,6,O=C[C@@H]([C@H]([C@H]([C@@H](C(O)=O)O)O)O)O.O,,,,,
134,D-chiro-Inositol,180.16,75,75,1.75,6,O[C@H]1[C@@H]([C@@H]([C@H]([C@@H]([C@H]1O)O)O)O)O,,,,,
135,N-Acetyl-D-mannosamine,221.21,100,62,1.88,6,OC[C@@H](O)[C@@H](O)[C@H](O)[C@@H](C=O)NC(C)=O,,,,,
136,Rhamnose,164.16,100,18,1.6,6,O=C[C@@H]([C@@H]([C@H]([C@H](C)O)O)O)O,,,,,
137,L-Fucose,164.16,100,21,1.62,6,O=C[C@H]([C@@H]([C@@H]([C@H](C)O)O)O)O,,,,,
138,β-D-Glucose,180.16,116.67,31,1.78,6,O[C@@H]1O[C@@H]([C@H]([C@@H]([C@H]1O)O)O)CO,,,,,
139,α-D-Glucose-1-phosphate disodium ,304.1,125,108,2.1,6,O[C@H]1[C@@H](OP(O[Na])(O[Na])=O)O[C@H](CO)[C@@H](O)[C@@H]1O,,,,,
140,D-Arabinopyranose,150.13,125,24,1.56,6,OC1[C@H]([C@@H]([C@@H](CO1)O)O)O,,,,,
141,Acarbose,"	645.60",100,138,2.25,6,OC[C@H]([C@]1(O[C@@H]2[C@H](O)[C@@H](O)[C@@H]([C@H](O2)C)N[C@]3(C=C(CO)[C@H]([C@@H]([C@H]3O)O)O)[H])[H])O[C@@H]([C@@H]([C@H]1O)O)O[C@@]([H])([C@@H]([C@H](C=O)O)O)[C@@H](CO)O,,,,,
142,L-Mannose,180.16,125,30,1.7,6,O=C[C@H](O)[C@H](O)[C@@H](O)[C@@H](O)CO,,,,,
143,6-Deoxy-D-glucose,164.16,125,22,1.61,6,C[C@@H](O)[C@@H](O)[C@H](O)[C@@H](O)C=O,,,,,
144,α-D-glucose,180.16,500,31,1.78,6,O[C@@H]1[C@@H]([C@H]([C@@H]([C@@H](CO)O1)O)O)O,,,,,
145,Trehalulose,342.3,1000,42,2,6,O(CC([C@H]([C@@H]([C@@H](CO)O)O)O)=O)[C@H]1O[C@H](CO)[C@@H](O)[C@H](O)[C@H]1O,,,,,
146,Leucrose,342.3,70,50,1.94,6,OCC([C@@H](O)[C@H](O)[C@@H](CO)O[C@H]1O[C@@H]([C@H]([C@@H]([C@H]1O)O)O)CO)=O,,,,,
147,Lacto-N-tetraose,707.63,100,148,2.35,6,CC(N[C@H]([C@H]([C@@H]([C@H](O1)CO)O)O[C@@H]2O[C@@H]([C@@H]([C@@H]([C@H]2O)O)O)CO)[C@@H]1O[C@@H]3[C@H]([C@@H](O[C@@H]([C@@H]3O)CO)O[C@H]([C@H](O)CO)[C@H](O)[C@@H](O)C=O)O)=O,,,,,
148,D-Melezitose,504.44,100,108,2.18,6,OC[C@@]1([C@H]([C@H](O)[C@@H](CO)O1)O[C@@]2([H])O[C@@H]([C@@H](O)[C@H](O)[C@H]2O)CO)O[C@H]3O[C@@H]([C@@H](O)[C@H](O)[C@H]3O)CO,,,,,
149,Epilactose,342.3,50,88,1.95,6,O=C[C@@H](O)[C@@H](O)[C@@H]([C@H](O)CO)O[C@@H]1O[C@@H]([C@@H]([C@@H]([C@H]1O)O)O)CO,,,,,
150,Xylobiose,282.24,125,76,1.85,6,O=C[C@H](O)[C@@H](O)[C@@H](CO)O[C@H]1[C@@H]([C@H]([C@H](O)CO1)O)O,,,,,
151,D-Galactose,180.16,625,115,1.72,9,O=C[C@@H]([C@H]([C@H]([C@@H](CO)O)O)O)O,,,,,
152,D-Mannose,180.16,710,120,2.35,9,OC[C@@H](O)[C@@H](O)[C@H](O)[C@H](O)C=O,,,,,
153,D-Xylose,150.13,512.4,95,1.63,9,O=C[C@@H]([C@H]([C@@H](CO)O)O)O,,,,,
154,D-Arabinose,150.13,100,102,3.17,9,O=C[C@H]([C@@H]([C@@H](CO)O)O)O,,,,,
155,D-Lyxose,150.13,125,85,3.98,9,O=C[C@H]([C@H]([C@@H](CO)O)O)O,,,,,
156,D-Ribose,150.13,100,98,4.16,9,O=C[C@@H]([C@@H]([C@@H](CO)O)O)O,,,,,
157,D-Tagatose,180.16,582,55,1.9,9,OCC([C@@H](O)[C@@H](O)[C@H](O)CO)=O,,,,,
158,D-Psicose,180.16,2901,105,2.44,9,OC[C@H]([C@H]([C@H](C(CO)=O)O)O)O,,,,,
159,D-Sorbose,180.16,100,115,3.28,9,OCC([C@H](O)[C@@H](O)[C@H](O)CO)=O,,,,,
160,D-Fucose,164.16,200,87,4.19,9,O=C[C@@H]([C@H]([C@H]([C@@H](C)O)O)O)O,,,,,
161,2-Deoxy-D-ribose,134.13,100,42,3.05,9,C(C=O)[C@@H]([C@@H](CO)O)O,,,,,
162,N-Acetyl-D-Glucosamine,221.21,100,165,3.29,9,O=C[C@@H]([C@@H](O)[C@H](O)[C@H](O)CO)NC(C)=O,,,,,
163,D-Glucosamine Hydrochloride,215.63,50,155,1.94,9,O=C[C@H](N)[C@H]([C@@H]([C@@H](CO)O)O)O.Cl,,,,,
164,N-Acetylneuraminic Acid,309.27,125,185,6.23,9,OC[C@@H](O)[C@@H](O)[C@H](O)[C@H](NC(C)=O)[C@@H](O)CC(C(O)=O)=O,,,,,
165,Sucrose,342.3,2110,70,2.95,9,O[C@@H]1[C@@H](O)[C@H](O)[C@@H](CO)O[C@@H]1O[C@@]2(CO)[C@@H](O)[C@H](O)[C@@H](CO)O2,,,,,
166,D-Maltose,342.3,125,85,4.52,9,O[C@H]1[C@H](O)[C@@H](O)[C@@H](O[C@H]2[C@H](O)[C@@H](O)[C@@H](O)O[C@@H]2CO)O[C@@H]1CO,,,,,
167,β-Lactose,342.3,62.5,95,2.94,9,C([C@@H]1[C@@H]([C@@H]([C@H]([C@@H](O1)O[C@@H]2[C@@H](CO)O[C@H]([C@@H]([C@H]2O)O)O)O)O)O)O,,,,,
168,D-Trehalose,342.3,250,120,3.46,9,O[C@H]([C@H]([C@@H]([C@@H](CO)O1)O)O)[C@H]1O[C@@H]2[C@@H]([C@H]([C@@H]([C@@H](CO)O2)O)O)O,,,,,
169,D-Trehalose Dihydrate,378.33,970,130,3.67,9,"	
O[C@H]1[C@@H](O[C@H]2O[C@H](CO)[C@@H](O)[C@H](O)[C@H]2O)O[C@H](CO)[C@@H](O)[C@@H]1O.[2 H2O]",,,,,
170,Lactulose,342.3,760,95,4.96,9,OCC([C@H]([C@@H]([C@@H](CO)O)O[C@H]1[C@@H]([C@H]([C@H]([C@@H](CO)O1)O)O)O)O)=O,,,,,
171,D-Cellobiose,342.3,35,130,3.86,9,O[C@@H]1[C@@H](CO)O[C@@H](O[C@@H]2[C@@H](CO)O[C@@H](O)[C@H](O)[C@H]2O)[C@H](O)[C@H]1O,,,,,
172,Isomaltulose,342.3,125,95,4.08,9,C([C@@H]1[C@H]([C@@H]([C@H]([C@H](O1)OC[C@@H]2[C@H]([C@@H](C(O2)(CO)O)O)O)O)O)O)O,,,,,
173,Isomaltose,342.3,125,150,6.48,9,O=C[C@H](O)[C@@H](O)[C@H](O)[C@H](O)CO[C@H]1O[C@@H]([C@@H](O)[C@H](O)[C@H]1O)CO,,,,,
174,β-Gentiobiose,342.3,100,110,4.29,9,O=C[C@@H]([C@H]([C@@H]([C@@H](CO[C@H]1[C@@H]([C@H]([C@@H]([C@@H](CO)O1)O)O)O)O)O)O)O,,,,,
175,Kojibiose,342.3,116.67,125,2.24,9,OC[C@@H](O)[C@@H](O)[C@H](O)[C@H](C=O)O[C@H]1-;@O-;@[C@@H](-;@[C@@H](O)-;@[C@H](O)-;@[C@H]-;@1O)CO,,,,,
176,Turanose,"	
342.30",130,28,5.49,9,OCC([C@H]([C@@H]([C@@H](CO)O)O)O[C@@H]1[C@@H]([C@H]([C@@H]([C@@H](CO)O1)O)O)O)=O,,,,,
177,Sucralose,397.63,282,142,4.59,9,ClC[C@]1(O[C@H](CCl)[C@@H](O)[C@@H]1O)O[C@H]([C@@H]([C@@H](O)[C@H]2Cl)O)O[C@@H]2CO,,,,,
178,Lactobionic Acid,358.3,125,138,4.17,9,O[C@H]([C@H]([C@@H]([C@@H](CO)O)O[C@H]1[C@@H]([C@H]([C@H]([C@@H](CO)O1)O)O)O)O)C(O)=O,,,,,
179,D-Glucose 6-Phosphate,260.14,250,52,3.32,9,O=C[C@@H]([C@H]([C@@H]([C@@H](COP(O)(O)=O)O)O)O)O,,,,,
180,D-Galactose 1-Phosphate,260.14,125,128,2.91,9,OC[C@H]1O[C@H](OP(O)(O)=O)[C@H](O)[C@@H](O)[C@H]1O,,,,,
181,Raffinose,504.44,250,135,2.89,9,OC[C@]1(O[C@H](CO)[C@@H](O)[C@@H]1O)O[C@H]2O[C@@H]([C@@H](O)[C@H](O)[C@H]2O)CO[C@H]3O[C@@H]([C@H](O)[C@H](O)[C@H]3O)CO,,,,,
182,Stachyose,666.58,250,160,4.99,9,OC[C@@](O[C@@H]1CO)([C@H]([C@@H]1O)O)O[C@H]([C@@H]([C@H]2O)O)O[C@@H]([C@H]2O)CO[C@H]([C@@H]([C@H]3O)O)O[C@@H]([C@@H]3O)CO[C@H]([C@@H]([C@H]4O)O)O[C@@H]([C@@H]4O)CO,,,,,
183,Fructo-oligosaccharide (DP8/GF7),1315.14,150,51,6.79,9,OC[C@]1(O[C@H](CO)[C@@H](O)[C@@H]1O)OC[C@]2(O[C@H](CO)[C@@H](O)[C@@H]2O)OC[C@]3(O[C@H](CO)[C@@H](O)[C@@H]3O)OC[C@]4(O[C@H](CO)[C@@H](O)[C@@H]4O)OC[C@]5(O[C@H](CO)[C@@H](O)[C@@H]5O)OC[C@]6(O[C@H](CO)[C@@H](O)[C@@H]6O)OC[C@]7(O[C@H](CO)[C@@H](O)[C@@H]7O)O[C@H]8O[C@@H]([C@@H](O)[C@H](O)[C@H]8O)CO,,,,,
184,Fructo-oligosaccharide (DP10/GF9),1639.42,125,72,4.81,9,O[C@@H]([C@@H]1O)[C@](O[C@H]([C@@H]([C@H]2O)O)O[C@@H]([C@H]2O)CO)(O[C@@H]1CO)CO[C@](O[C@@H]3CO)([C@H]([C@@H]3O)O)CO[C@](O[C@@H]4CO)([C@H]([C@@H]4O)O)CO[C@](O[C@@H]5CO)([C@H]([C@@H]5O)O)CO[C@](O[C@@H]6CO)([C@H]([C@@H]6O)O)CO[C@](O[C@@H]7CO)([C@H]([C@@H]7O)O)CO[C@](O[C@@H]8CO)([C@H]([C@@H]8O)O)CO[C@](O[C@@H]9CO)([C@H]([C@@H]9O)O)CO[C@](O[C@@H]%10CO)([C@H]([C@@H]%10O)O)CO,,,,,
185,Inulin (short-chain),1963.7,500,150,4.19,9,OC[C@H]1O[C@@](CO)(OC[C@@]2(OC[C@@]3(OC[C@@]4(OC[C@@]5(OC[C@@]6(OC[C@@]7(OC[C@@]8(OC[C@@]9(OC[C@@]%10(OC[C@@]%11(O[C@H]%12O[C@H](CO)[C@@H](O)[C@H](O)[C@H]%12O)O[C@H](CO)[C@@H](O)[C@@H]%11O)O[C@H](CO)[C@@H](O)[C@@H]%10O)O[C@H](CO)[C@@H](O)[C@@H]9O)O[C@H](CO)[C@@H](O)[C@@H]8O)O[C@H](CO)[C@@H](O)[C@@H]7O)O[C@H](CO)[C@@H](O)[C@@H]6O)O[C@H](CO)[C@@H](O)[C@@H]5O)O[C@H](CO)[C@@H](O)[C@@H]4O)O[C@H](CO)[C@@H](O)[C@@H]3O)O[C@H](CO)[C@@H](O)[C@@H]2O)[C@@H](O)[C@@H]1O,,,,,
186,α-Cyclodextrin,972.84,110,220,4.02,9,OC[C@@H](O[C@@](O[C@]([C@@H]1O)([H])[C@H](O[C@@](O[C@]([C@@H]2O)([H])[C@H](O[C@@](O[C@@]3([H])[C@@H]4O)([H])[C@@H]2O)CO)([H])[C@@H]1O)CO)([H])[C@@H]5O)[C@](O[C@](O[C@H](CO)[C@](O[C@](O[C@H](CO)[C@](O[C@](O[C@@H]3CO)([H])[C@@H]4O)([H])[C@@H]6O)([H])[C@@H]6O)([H])[C@@H]7O)([H])[C@@H]7O)([H])[C@@H]5O,,,,,
187,Maltotetraose,666.58,125,75,2.65,9,"	OC[C@@H](O[C@H](O[C@@]([C@H](O)CO)([H])[C@H](O)[C@@H](O)C=O)[C@H](O)[C@H]1O)[C@@]1([H])O[C@H]2O[C@@H]([C@@H](O[C@@]3([H])O[C@@H]([C@@H](O)[C@H](O)[C@H]3O)CO)[C@H](O)[C@H]2O)CO",,,,,
188,Maltopentaose,828.72,116.67,68,3.58,9,O[C@H]1[C@@H]([C@H](O[C@H](O[C@]([C@@H]2O)([H])[C@H](O[C@H](O[C@@]([C@H](O)CO)([H])[C@H](O)[C@@H](O)C=O)[C@@H]2O)CO)[C@@H]1O)CO)O[C@@]([C@@H]([C@@H](O)[C@@H]3O[C@@]([C@@H]([C@@H](O)[C@@H]4O)O)([H])O[C@@H]4CO)O)([H])O[C@@H]3CO,,,,,
189,4′-Galactosyllactose,504.44,680,140,4.17,9,C([C@@H]1[C@@H]([C@@H]([C@H]([C@@H](O1)O[C@H]2[C@H](O[C@H]([C@@H]([C@H]2O)O)O[C@@H]3[C@H](OC([C@@H]([C@H]3O)O)O)CO)CO)O)O)O)O,,,,,
190,1-Kestose,504.44,116.67,130,5.23,9,OC[C@]1(O[C@H](CO)[C@@H](O)[C@@H]1O)OC[C@]2(O[C@H](CO)[C@@H](O)[C@@H]2O)O[C@H]3O[C@@H]([C@@H](O)[C@H](O)[C@H]3O)CO,,,,,
191,D-Mannitol,182.17,182,165,6.62,9,OC[C@H]([C@H]([C@@H]([C@@H](CO)O)O)O)O,,,,,
192,D-Sorbitol,182.17,100,110,3.93,9,OC[C@@H]([C@H]([C@@H]([C@@H](CO)O)O)O)O,,,,,
193,Xylitol,152.15,110,93,4.87,9,OC[C@@H](O)[C@H](O)[C@@H](O)CO,,,,,
194,Erythritol,122.12,100,118,4.02,9,OC[C@@H](O)[C@@H](O)CO,,,,,
195,Dulcitol,182.17,100,105,3.02,9,"	OC[C@@H]([C@H]([C@H]([C@@H](CO)O)O)O)O",,,,,
196,D-Arabitol,152.15,100,95,5.45,9,"	OCC(O)C(O)C(O)CO",,,,,
197,D-Maltitol,344.31,175,145,3.36,9,O[C@H](CO)[C@H]([C@H](O)[C@H](CO)O)O[C@@H]1[C@H](O)[C@@H](O)[C@H](O)[C@@H](CO)O1,,,,,
198,Isomalt,688.62,250,150,2.43,9,OC[C@H](O)[C@@H](O)[C@H](O)[C@H](O)CO[C@@H](O1)[C@H](O)[C@@H](O)[C@H](O)[C@H]1CO.O[C@H]([C@@H](CO[C@H]([C@@H]([C@@H](O)[C@@H]2O)O)O[C@@H]2CO)O)[C@H](O)[C@@H](CO)O,,,,,
199,D-Lactitol,344.31,50,135,5.46,9,OC[C@@H]([C@H]([C@@H]([C@@H](CO)O)O[C@H]1[C@@H]([C@H]([C@H]([C@@H](CO)O1)O)O)O)O)O,,,,,
200,Mogroside III,963.15,100,114,3.72,9,C[C@@]([C@@](CC[C@H](O[C@]([C@@H]([C@@H](O)[C@@H]1O)O)([H])O[C@@H]1CO)C2(C)C)([H])C2=CC3)([C@@H](C[C@@]45C)O)[C@]3([H])[C@@]4(CC[C@]5([H])[C@H](C)CC[C@H](C(C)(O)C)O[C@@H]([C@@H]([C@@H](O)[C@@H]6O)O)O[C@@H]6CO[C@@H]([C@@H]([C@@H](O)[C@@H]7O)O)O[C@@H]7CO)C,,,,,
201,D-Allose,180.16,100,30,2.59,9,O=C[C@@H]([C@@H]([C@@H]([C@@H](CO)O)O)O)O,,,,,
202,D-Talose,180.16,50,27,2.46,9,O=C[C@@H](O)[C@@H](O)[C@@H](O)[C@H](O)CO,,,,,
203,L-Gulose,180.16,175,32,2.53,9,O=C[C@H]([C@@H]([C@H]([C@H](CO)O)O)O)O,,,,,
204,α-L-Rhamnose monohydrate,182.17,100,15,2.33,9,O[C@@H]([C@@H](O[C@H]1O)C)[C@H]([C@H]1O)O.O,,,,,
205,3-O-Methyl-D-glucopyranose,194.18,100,45,2.53,9,CO[C@H]1[C@@H]([C@H](O[C@@H]([C@@H]1O)O)CO)O,,,,,
206,Methyl α-D-glucoside,194.18,100,55,2.71,9,OC[C@H]1O[C@@H]([C@@H]([C@H]([C@@H]1O)O)O)OC,,,,,
207,D-Glucuronic acid ,194.14,100,65,2.93,9,O=C[C@@H]([C@H]([C@@H]([C@@H](C(O)=O)O)O)O)O,,,,,
208,D-Galacturonic acid hydrate ,212.15,125,58,3.05,9,O=C[C@@H]([C@H]([C@H]([C@@H](C(O)=O)O)O)O)O.O,,,,,
209,D-chiro-Inositol,180.16,75,75,2.67,9,O[C@H]1[C@@H]([C@@H]([C@H]([C@@H]([C@H]1O)O)O)O)O,,,,,
210,N-Acetyl-D-mannosamine,221.21,100,62,2.98,9,OC[C@@H](O)[C@@H](O)[C@H](O)[C@@H](C=O)NC(C)=O,,,,,
211,Rhamnose,164.16,100,18,2.29,9,O=C[C@@H]([C@@H]([C@H]([C@H](C)O)O)O)O,,,,,
212,L-Fucose,164.16,100,21,2.35,9,O=C[C@H]([C@@H]([C@@H]([C@H](C)O)O)O)O,,,,,
213,β-D-Glucose,180.16,116.67,31,2.69,9,O[C@@H]1O[C@@H]([C@H]([C@@H]([C@H]1O)O)O)CO,,,,,
214,α-D-Glucose-1-phosphate disodium ,304.1,125,108,3.57,9,O[C@H]1[C@@H](OP(O[Na])(O[Na])=O)O[C@H](CO)[C@@H](O)[C@@H]1O,,,,,
215,D-Arabinopyranose,150.13,125,24,2.19,9,OC1[C@H]([C@@H]([C@@H](CO1)O)O)O,,,,,
216,Acarbose,"	645.60",100,138,4.06,9,OC[C@H]([C@]1(O[C@@H]2[C@H](O)[C@@H](O)[C@@H]([C@H](O2)C)N[C@]3(C=C(CO)[C@H]([C@@H]([C@H]3O)O)O)[H])[H])O[C@@H]([C@@H]([C@H]1O)O)O[C@@]([H])([C@@H]([C@H](C=O)O)O)[C@@H](CO)O,,,,,
217,L-Mannose,180.16,125,30,2.49,9,O=C[C@H](O)[C@H](O)[C@@H](O)[C@@H](O)CO,,,,,
218,6-Deoxy-D-glucose,164.16,125,22,2.29,9,C[C@@H](O)[C@@H](O)[C@H](O)[C@@H](O)C=O,,,,,
219,α-D-glucose,180.16,500,31,2.69,9,O[C@@H]1[C@@H]([C@H]([C@@H]([C@@H](CO)O1)O)O)O,,,,,
220,Trehalulose,342.3,1000,42,3.3,9,O(CC([C@H]([C@@H]([C@@H](CO)O)O)O)=O)[C@H]1O[C@H](CO)[C@@H](O)[C@H](O)[C@H]1O,,,,,
221,Leucrose,342.3,70,50,3.12,9,OCC([C@@H](O)[C@H](O)[C@@H](CO)O[C@H]1O[C@@H]([C@H]([C@@H]([C@H]1O)O)O)CO)=O,,,,,
222,Lacto-N-tetraose,707.63,100,148,4.35,9,CC(N[C@H]([C@H]([C@@H]([C@H](O1)CO)O)O[C@@H]2O[C@@H]([C@@H]([C@@H]([C@H]2O)O)O)CO)[C@@H]1O[C@@H]3[C@H]([C@@H](O[C@@H]([C@@H]3O)CO)O[C@H]([C@H](O)CO)[C@H](O)[C@@H](O)C=O)O)=O,,,,,
223,D-Melezitose,504.44,100,108,3.83,9,OC[C@@]1([C@H]([C@H](O)[C@@H](CO)O1)O[C@@]2([H])O[C@@H]([C@@H](O)[C@H](O)[C@H]2O)CO)O[C@H]3O[C@@H]([C@@H](O)[C@H](O)[C@H]3O)CO,,,,,
224,Epilactose,342.3,50,88,3.17,9,O=C[C@@H](O)[C@@H](O)[C@@H]([C@H](O)CO)O[C@@H]1O[C@@H]([C@@H]([C@@H]([C@H]1O)O)O)CO,,,,,
225,Xylobiose,282.24,125,76,2.88,9,O=C[C@H](O)[C@@H](O)[C@@H](CO)O[C@H]1[C@@H]([C@H]([C@H](O)CO1)O)O,,,,,
226,D-Galactose,180.16,625,115,1.88,12,O=C[C@@H]([C@H]([C@H]([C@@H](CO)O)O)O)O,,,,,
227,D-Mannose,180.16,710,120,3.06,12,OC[C@@H](O)[C@@H](O)[C@H](O)[C@H](O)C=O,,,,,
228,D-Xylose,150.13,512.4,95,1.74,12,O=C[C@@H]([C@H]([C@@H](CO)O)O)O,,,,,
229,D-Arabinose,150.13,100,102,3.64,12,O=C[C@H]([C@@H]([C@@H](CO)O)O)O,,,,,
230,D-Lyxose,150.13,125,85,5.06,12,O=C[C@H]([C@H]([C@@H](CO)O)O)O,,,,,
231,D-Ribose,150.13,100,98,4.78,12,O=C[C@@H]([C@@H]([C@@H](CO)O)O)O,,,,,
232,D-Tagatose,180.16,582,55,2.03,12,OCC([C@@H](O)[C@@H](O)[C@H](O)CO)=O,,,,,
233,D-Psicose,180.16,2901,105,3.16,12,OC[C@H]([C@H]([C@H](C(CO)=O)O)O)O,,,,,
234,D-Sorbose,180.16,100,115,3.71,12,OCC([C@H](O)[C@@H](O)[C@H](O)CO)=O,,,,,
235,D-Fucose,164.16,200,87,5.48,12,O=C[C@@H]([C@H]([C@H]([C@@H](C)O)O)O)O,,,,,
236,2-Deoxy-D-ribose,134.13,100,42,3.21,12,C(C=O)[C@@H]([C@@H](CO)O)O,,,,,
237,N-Acetyl-D-Glucosamine,221.21,100,165,3.62,12,O=C[C@@H]([C@@H](O)[C@H](O)[C@H](O)CO)NC(C)=O,,,,,
238,D-Glucosamine Hydrochloride,215.63,50,155,2.19,12,O=C[C@H](N)[C@H]([C@@H]([C@@H](CO)O)O)O.Cl,,,,,
239,N-Acetylneuraminic Acid,309.27,125,185,6.56,12,OC[C@@H](O)[C@@H](O)[C@H](O)[C@H](NC(C)=O)[C@@H](O)CC(C(O)=O)=O,,,,,
240,Sucrose,342.3,2110,70,3.74,12,O[C@@H]1[C@@H](O)[C@H](O)[C@@H](CO)O[C@@H]1O[C@@]2(CO)[C@@H](O)[C@H](O)[C@@H](CO)O2,,,,,
241,D-Maltose,342.3,125,85,7.75,12,O[C@H]1[C@H](O)[C@@H](O)[C@@H](O[C@H]2[C@H](O)[C@@H](O)[C@@H](O)O[C@@H]2CO)O[C@@H]1CO,,,,,
242,β-Lactose,342.3,62.5,95,4.16,12,C([C@@H]1[C@@H]([C@@H]([C@H]([C@@H](O1)O[C@@H]2[C@@H](CO)O[C@H]([C@@H]([C@H]2O)O)O)O)O)O)O,,,,,
243,D-Trehalose,342.3,250,120,4.39,12,O[C@H]([C@H]([C@@H]([C@@H](CO)O1)O)O)[C@H]1O[C@@H]2[C@@H]([C@H]([C@@H]([C@@H](CO)O2)O)O)O,,,,,
244,D-Trehalose Dihydrate,378.33,970,130,3.96,12,"	
O[C@H]1[C@@H](O[C@H]2O[C@H](CO)[C@@H](O)[C@H](O)[C@H]2O)O[C@H](CO)[C@@H](O)[C@@H]1O.[2 H2O]",,,,,
245,Lactulose,342.3,760,95,7.07,12,OCC([C@H]([C@@H]([C@@H](CO)O)O[C@H]1[C@@H]([C@H]([C@H]([C@@H](CO)O1)O)O)O)O)=O,,,,,
246,D-Cellobiose,342.3,35,130,5.9,12,O[C@@H]1[C@@H](CO)O[C@@H](O[C@@H]2[C@@H](CO)O[C@@H](O)[C@H](O)[C@H]2O)[C@H](O)[C@H]1O,,,,,
247,Isomaltulose,342.3,125,95,6.81,12,C([C@@H]1[C@H]([C@@H]([C@H]([C@H](O1)OC[C@@H]2[C@H]([C@@H](C(O2)(CO)O)O)O)O)O)O)O,,,,,
248,Isomaltose,342.3,125,150,7.16,12,O=C[C@H](O)[C@@H](O)[C@H](O)[C@H](O)CO[C@H]1O[C@@H]([C@@H](O)[C@H](O)[C@H]1O)CO,,,,,
249,β-Gentiobiose,342.3,100,110,5.88,12,O=C[C@@H]([C@H]([C@@H]([C@@H](CO[C@H]1[C@@H]([C@H]([C@@H]([C@@H](CO)O1)O)O)O)O)O)O)O,,,,,
250,Kojibiose,342.3,116.67,125,2.77,12,OC[C@@H](O)[C@@H](O)[C@H](O)[C@H](C=O)O[C@H]1-;@O-;@[C@@H](-;@[C@@H](O)-;@[C@H](O)-;@[C@H]-;@1O)CO,,,,,
251,Turanose,"	
342.30",130,28,6.08,12,OCC([C@H]([C@@H]([C@@H](CO)O)O)O[C@@H]1[C@@H]([C@H]([C@@H]([C@@H](CO)O1)O)O)O)=O,,,,,
252,Sucralose,397.63,282,142,4.94,12,ClC[C@]1(O[C@H](CCl)[C@@H](O)[C@@H]1O)O[C@H]([C@@H]([C@@H](O)[C@H]2Cl)O)O[C@@H]2CO,,,,,
253,Lactobionic Acid,358.3,125,138,5.04,12,O[C@H]([C@H]([C@@H]([C@@H](CO)O)O[C@H]1[C@@H]([C@H]([C@H]([C@@H](CO)O1)O)O)O)O)C(O)=O,,,,,
254,D-Glucose 6-Phosphate,260.14,250,52,4.23,12,O=C[C@@H]([C@H]([C@@H]([C@@H](COP(O)(O)=O)O)O)O)O,,,,,
255,D-Galactose 1-Phosphate,260.14,125,128,3.06,12,OC[C@H]1O[C@H](OP(O)(O)=O)[C@H](O)[C@@H](O)[C@H]1O,,,,,
256,Raffinose,504.44,250,135,4.54,12,OC[C@]1(O[C@H](CO)[C@@H](O)[C@@H]1O)O[C@H]2O[C@@H]([C@@H](O)[C@H](O)[C@H]2O)CO[C@H]3O[C@@H]([C@H](O)[C@H](O)[C@H]3O)CO,,,,,
257,Stachyose,666.58,250,160,8.33,12,OC[C@@](O[C@@H]1CO)([C@H]([C@@H]1O)O)O[C@H]([C@@H]([C@H]2O)O)O[C@@H]([C@H]2O)CO[C@H]([C@@H]([C@H]3O)O)O[C@@H]([C@@H]3O)CO[C@H]([C@@H]([C@H]4O)O)O[C@@H]([C@@H]4O)CO,,,,,
258,Fructo-oligosaccharide (DP8/GF7),1315.14,150,51,8.24,12,OC[C@]1(O[C@H](CO)[C@@H](O)[C@@H]1O)OC[C@]2(O[C@H](CO)[C@@H](O)[C@@H]2O)OC[C@]3(O[C@H](CO)[C@@H](O)[C@@H]3O)OC[C@]4(O[C@H](CO)[C@@H](O)[C@@H]4O)OC[C@]5(O[C@H](CO)[C@@H](O)[C@@H]5O)OC[C@]6(O[C@H](CO)[C@@H](O)[C@@H]6O)OC[C@]7(O[C@H](CO)[C@@H](O)[C@@H]7O)O[C@H]8O[C@@H]([C@@H](O)[C@H](O)[C@H]8O)CO,,,,,
259,Fructo-oligosaccharide (DP10/GF9),1639.42,125,72,6.14,12,O[C@@H]([C@@H]1O)[C@](O[C@H]([C@@H]([C@H]2O)O)O[C@@H]([C@H]2O)CO)(O[C@@H]1CO)CO[C@](O[C@@H]3CO)([C@H]([C@@H]3O)O)CO[C@](O[C@@H]4CO)([C@H]([C@@H]4O)O)CO[C@](O[C@@H]5CO)([C@H]([C@@H]5O)O)CO[C@](O[C@@H]6CO)([C@H]([C@@H]6O)O)CO[C@](O[C@@H]7CO)([C@H]([C@@H]7O)O)CO[C@](O[C@@H]8CO)([C@H]([C@@H]8O)O)CO[C@](O[C@@H]9CO)([C@H]([C@@H]9O)O)CO[C@](O[C@@H]%10CO)([C@H]([C@@H]%10O)O)CO,,,,,
260,Inulin (short-chain),1963.7,500,150,4.58,12,OC[C@H]1O[C@@](CO)(OC[C@@]2(OC[C@@]3(OC[C@@]4(OC[C@@]5(OC[C@@]6(OC[C@@]7(OC[C@@]8(OC[C@@]9(OC[C@@]%10(OC[C@@]%11(O[C@H]%12O[C@H](CO)[C@@H](O)[C@H](O)[C@H]%12O)O[C@H](CO)[C@@H](O)[C@@H]%11O)O[C@H](CO)[C@@H](O)[C@@H]%10O)O[C@H](CO)[C@@H](O)[C@@H]9O)O[C@H](CO)[C@@H](O)[C@@H]8O)O[C@H](CO)[C@@H](O)[C@@H]7O)O[C@H](CO)[C@@H](O)[C@@H]6O)O[C@H](CO)[C@@H](O)[C@@H]5O)O[C@H](CO)[C@@H](O)[C@@H]4O)O[C@H](CO)[C@@H](O)[C@@H]3O)O[C@H](CO)[C@@H](O)[C@@H]2O)[C@@H](O)[C@@H]1O,,,,,
261,α-Cyclodextrin,972.84,110,220,6.56,12,OC[C@@H](O[C@@](O[C@]([C@@H]1O)([H])[C@H](O[C@@](O[C@]([C@@H]2O)([H])[C@H](O[C@@](O[C@@]3([H])[C@@H]4O)([H])[C@@H]2O)CO)([H])[C@@H]1O)CO)([H])[C@@H]5O)[C@](O[C@](O[C@H](CO)[C@](O[C@](O[C@H](CO)[C@](O[C@](O[C@@H]3CO)([H])[C@@H]4O)([H])[C@@H]6O)([H])[C@@H]6O)([H])[C@@H]7O)([H])[C@@H]7O)([H])[C@@H]5O,,,,,
262,Maltotetraose,666.58,125,75,4.89,12,"	OC[C@@H](O[C@H](O[C@@]([C@H](O)CO)([H])[C@H](O)[C@@H](O)C=O)[C@H](O)[C@H]1O)[C@@]1([H])O[C@H]2O[C@@H]([C@@H](O[C@@]3([H])O[C@@H]([C@@H](O)[C@H](O)[C@H]3O)CO)[C@H](O)[C@H]2O)CO",,,,,
263,Maltopentaose,828.72,116.67,68,6.03,12,O[C@H]1[C@@H]([C@H](O[C@H](O[C@]([C@@H]2O)([H])[C@H](O[C@H](O[C@@]([C@H](O)CO)([H])[C@H](O)[C@@H](O)C=O)[C@@H]2O)CO)[C@@H]1O)CO)O[C@@]([C@@H]([C@@H](O)[C@@H]3O[C@@]([C@@H]([C@@H](O)[C@@H]4O)O)([H])O[C@@H]4CO)O)([H])O[C@@H]3CO,,,,,
264,4′-Galactosyllactose,504.44,680,140,6.7,12,C([C@@H]1[C@@H]([C@@H]([C@H]([C@@H](O1)O[C@H]2[C@H](O[C@H]([C@@H]([C@H]2O)O)O[C@@H]3[C@H](OC([C@@H]([C@H]3O)O)O)CO)CO)O)O)O)O,,,,,
265,1-Kestose,504.44,116.67,130,6.86,12,OC[C@]1(O[C@H](CO)[C@@H](O)[C@@H]1O)OC[C@]2(O[C@H](CO)[C@@H](O)[C@@H]2O)O[C@H]3O[C@@H]([C@@H](O)[C@H](O)[C@H]3O)CO,,,,,
266,D-Mannitol,182.17,182,165,7.56,12,OC[C@H]([C@H]([C@@H]([C@@H](CO)O)O)O)O,,,,,
267,D-Sorbitol,182.17,100,110,5.55,12,OC[C@@H]([C@H]([C@@H]([C@@H](CO)O)O)O)O,,,,,
268,Xylitol,152.15,110,93,5.3,12,OC[C@@H](O)[C@H](O)[C@@H](O)CO,,,,,
269,Erythritol,122.12,100,118,4.99,12,OC[C@@H](O)[C@@H](O)CO,,,,,
270,Dulcitol,182.17,100,105,3.98,12,"	OC[C@@H]([C@H]([C@H]([C@@H](CO)O)O)O)O",,,,,
271,D-Arabitol,152.15,100,95,7.03,12,"	OCC(O)C(O)C(O)CO",,,,,
272,D-Maltitol,344.31,175,145,3.86,12,O[C@H](CO)[C@H]([C@H](O)[C@H](CO)O)O[C@@H]1[C@H](O)[C@@H](O)[C@H](O)[C@@H](CO)O1,,,,,
273,Isomalt,688.62,250,150,2.53,12,OC[C@H](O)[C@@H](O)[C@H](O)[C@H](O)CO[C@@H](O1)[C@H](O)[C@@H](O)[C@H](O)[C@H]1CO.O[C@H]([C@@H](CO[C@H]([C@@H]([C@@H](O)[C@@H]2O)O)O[C@@H]2CO)O)[C@H](O)[C@@H](CO)O,,,,,
274,D-Lactitol,344.31,50,135,7.41,12,OC[C@@H]([C@H]([C@@H]([C@@H](CO)O)O[C@H]1[C@@H]([C@H]([C@H]([C@@H](CO)O1)O)O)O)O)O,,,,,
275,Mogroside III,963.15,100,114,5.76,12,C[C@@]([C@@](CC[C@H](O[C@]([C@@H]([C@@H](O)[C@@H]1O)O)([H])O[C@@H]1CO)C2(C)C)([H])C2=CC3)([C@@H](C[C@@]45C)O)[C@]3([H])[C@@]4(CC[C@]5([H])[C@H](C)CC[C@H](C(C)(O)C)O[C@@H]([C@@H]([C@@H](O)[C@@H]6O)O)O[C@@H]6CO[C@@H]([C@@H]([C@@H](O)[C@@H]7O)O)O[C@@H]7CO)C,,,,,
276,D-Allose,180.16,100,30,4.03,12,O=C[C@@H]([C@@H]([C@@H]([C@@H](CO)O)O)O)O,,,,,
277,D-Talose,180.16,50,27,3.74,12,O=C[C@@H](O)[C@@H](O)[C@@H](O)[C@H](O)CO,,,,,
278,L-Gulose,180.16,175,32,3.93,12,O=C[C@H]([C@@H]([C@H]([C@H](CO)O)O)O)O,,,,,
279,α-L-Rhamnose monohydrate,182.17,100,15,3.5,12,O[C@@H]([C@@H](O[C@H]1O)C)[C@H]([C@H]1O)O.O,,,,,
280,3-O-Methyl-D-glucopyranose,194.18,100,45,3.9,12,CO[C@H]1[C@@H]([C@H](O[C@@H]([C@@H]1O)O)CO)O,,,,,
281,Methyl α-D-glucoside,194.18,100,55,4.3,12,OC[C@H]1O[C@@H]([C@@H]([C@H]([C@@H]1O)O)O)OC,,,,,
282,D-Glucuronic acid ,194.14,100,65,4.88,12,O=C[C@@H]([C@H]([C@@H]([C@@H](C(O)=O)O)O)O)O,,,,,
283,D-Galacturonic acid hydrate ,212.15,125,58,5.14,12,O=C[C@@H]([C@H]([C@H]([C@@H](C(O)=O)O)O)O)O.O,,,,,
284,D-chiro-Inositol,180.16,75,75,4.31,12,O[C@H]1[C@@H]([C@@H]([C@H]([C@@H]([C@H]1O)O)O)O)O,,,,,
285,N-Acetyl-D-mannosamine,221.21,100,62,5.04,12,OC[C@@H](O)[C@@H](O)[C@H](O)[C@@H](C=O)NC(C)=O,,,,,
286,Rhamnose,164.16,100,18,3.37,12,O=C[C@@H]([C@@H]([C@H]([C@H](C)O)O)O)O,,,,,
287,L-Fucose,164.16,100,21,3.51,12,O=C[C@H]([C@@H]([C@@H]([C@H](C)O)O)O)O,,,,,
288,β-D-Glucose,180.16,116.67,31,4.25,12,O[C@@H]1O[C@@H]([C@H]([C@@H]([C@H]1O)O)O)CO,,,,,
289,α-D-Glucose-1-phosphate disodium ,304.1,125,108,6.61,12,O[C@H]1[C@@H](OP(O[Na])(O[Na])=O)O[C@H](CO)[C@@H](O)[C@@H]1O,,,,,
290,D-Arabinopyranose,150.13,125,24,3.24,12,OC1[C@H]([C@@H]([C@@H](CO1)O)O)O,,,,,
291,Acarbose,"	645.60",100,138,7.76,12,OC[C@H]([C@]1(O[C@@H]2[C@H](O)[C@@H](O)[C@@H]([C@H](O2)C)N[C@]3(C=C(CO)[C@H]([C@@H]([C@H]3O)O)O)[H])[H])O[C@@H]([C@@H]([C@H]1O)O)O[C@@]([H])([C@@H]([C@H](C=O)O)O)[C@@H](CO)O,,,,,
292,L-Mannose,180.16,125,30,3.82,12,O=C[C@H](O)[C@H](O)[C@@H](O)[C@@H](O)CO,,,,,
293,6-Deoxy-D-glucose,164.16,125,22,3.45,12,C[C@@H](O)[C@@H](O)[C@H](O)[C@@H](O)C=O,,,,,
294,α-D-glucose,180.16,500,31,4.25,12,O[C@@H]1[C@@H]([C@H]([C@@H]([C@@H](CO)O1)O)O)O,,,,,
295,Trehalulose,342.3,1000,42,5.76,12,O(CC([C@H]([C@@H]([C@@H](CO)O)O)O)=O)[C@H]1O[C@H](CO)[C@@H](O)[C@H](O)[C@H]1O,,,,,
296,Leucrose,342.3,70,50,5.39,12,OCC([C@@H](O)[C@H](O)[C@@H](CO)O[C@H]1O[C@@H]([C@H]([C@@H]([C@H]1O)O)O)CO)=O,,,,,
297,Lacto-N-tetraose,707.63,100,148,8.78,12,CC(N[C@H]([C@H]([C@@H]([C@H](O1)CO)O)O[C@@H]2O[C@@H]([C@@H]([C@@H]([C@H]2O)O)O)CO)[C@@H]1O[C@@H]3[C@H]([C@@H](O[C@@H]([C@@H]3O)CO)O[C@H]([C@H](O)CO)[C@H](O)[C@@H](O)C=O)O)=O,,,,,
298,D-Melezitose,504.44,100,108,7.14,12,OC[C@@]1([C@H]([C@H](O)[C@@H](CO)O1)O[C@@]2([H])O[C@@H]([C@@H](O)[C@H](O)[C@H]2O)CO)O[C@H]3O[C@@H]([C@@H](O)[C@H](O)[C@H]3O)CO,,,,,
299,Epilactose,342.3,50,88,5.42,12,O=C[C@@H](O)[C@@H](O)[C@@H]([C@H](O)CO)O[C@@H]1O[C@@H]([C@@H]([C@@H]([C@H]1O)O)O)CO,,,,,
300,Xylobiose,282.24,125,76,4.8,12,O=C[C@H](O)[C@@H](O)[C@@H](CO)O[C@H]1[C@@H]([C@H]([C@H](O)CO1)O)O,,,,,
301,D-Glucose,180.16,910,110.00,0.90,3,OC[C@H]1OC(O)[C@@H]([C@H]([C@@H]1O)O)O,,,,,
302,D-Fructose,180.16,125,43.00,2.50,3,OC[C@@H](O)[C@@H](O)[C@H](O)C(CO)=O,,,,,
303,L-Fructose,180.16,116.67,58.00,3.94,3,OCC([C@H](O)[C@@H](O)[C@@H](O)CO)=O,,,,,
304,D-Gulose,180.16,200,45.00,2.05,3,O=C[C@H](O)[C@H](O)[C@@H](O)[C@H](O)CO,,,,,
305,L-Arabinose,150.13,200,61.00,2.17,3,O=C[C@@H]([C@H]([C@H](CO)O)O)O,,,,,
306,α-D-Glucopyranose,700.69,910,71.00,8.80,3,O=C(C1=CC=CC=C1)O[C@@H]2[C@H]([C@H](O[C@@H]([C@H]2OC(C3=CC=CC=C3)=O)COC(C4=CC=CC=C4)=O)OC(C5=CC=CC=C5)=O)OC(C6=CC=CC=C6)=O,,,,,
307,D-Mannoheptulose,210.18,66.67,37.00,4.22,3,OCC([C@H]([C@H]([C@@H]([C@@H](CO)O)O)O)O)=O,,,,,
308,"2,5-Anhydro-D-mannose",162.14,250,85.00,6.57,3,OC[C@@H]1[C@H]([C@@H]([C@H](O1)C=O)O)O,,,,,
309,2-Deoxy-D-glucose,164.16,125,16.00,1.57,3,OC1O[C@@H]([C@@H](O)[C@H](O)C1)CO,,,,,
310,D-Glucosamine,179.17,100,13.00,2.85,3,O=C[C@H](N)[C@H]([C@@H]([C@@H](CO)O)O)O,,,,,
311,D-Mannuronic acid sodium,216.12,250,23.00,3.15,3,O=C[C@H]([C@H]([C@@H]([C@@H](C(O[Na])=O)O)O)O)O,,,,,
312,"1,2-O-Isopropylidene-α-D-glucofuranose",220.22,150,36.00,6.31,3,O[C@@H]1[C@]2([H])[C@](OC(C)(O2)C)([H])O[C@]1([H])[C@H](O)CO,,,,,
313,N-Acetyl-D-galactosamine,221.21,125,24.00,2.06,3,CC(N[C@@H]1[C@H]([C@H]([C@H](O[C@@H]1O)CO)O)O)=O,,,,,
314,D-Fructose 1-phosphate,260.14,100,34.00,7.36,3,O[C@H](C(COP(O)(O)=O)=O)[C@@H]([C@@H](CO)O)O,,,,,
315,Diacetone-D-glucose,260.29,100,35.00,4.43,3,O[C@@H]1[C@]2([H])[C@](OC(C)(O2)C)([H])O[C@]1([H])[C@@]3([H])COC(C)(O3)C,,,,,
316,"1,2:4,6-Bis-O-(1-methylethylidene)-L-sorbofuranose",260.28,50,23.00,7.48,3,O[C@@H]1C2(COC(C)(O2)C)O[C@]3([H])[C@@]1([H])OC(C)(OC3)C,,,,,
317,3-O-(Phenylmethyl)-D-mannose,270.28,50,44.00,6.17,3,OC[C@@H](O)[C@@H](O)[C@@H]([C@H](O)C=O)OCC1=CC=CC=C1,,,,,
318,D-Glucosamine sulfate,277.25,125,38.00,7.29,3,O=C[C@H](N)[C@H]([C@@H]([C@@H](CO)O)O)O.O=S(O)(O)=O,,,,,
319,D-Fructose-6-phosphate disodium,304.10,100,27.00,4.71,3,OCC([C@H]([C@@H]([C@@H](COP(O[Na])(O[Na])=O)O)O)O)=O,,,,,
320,Fructosyl-lysine,308.33,50,31.00,9.02,3,N[C@H](C(O)=O)CCCCNCC([C@@H](O)[C@H](O)[C@H](O)CO)=O,,,,,
321,Fosfructose trisodium,406.06,150,38.00,3.90,3,O[C@H](C(COP(O)(O[Na])=O)=O)[C@@H]([C@@H](COP(O[Na])(O[Na])=O)O)O,,,,,
322,Fosfructose,340.12,60,41.00,3.02,3,O=P(O)(O)OCC([C@@H](O)[C@H](O)[C@H](O)COP(O)(O)=O)=O,,,,,
323,"1,2:5,6-Di-O-cyclohexylidene-α-D-glucofuranose",340.41,50,54.00,7.49,3,O[C@@H]1[C@@]2([H])OC3(CCCCC3)O[C@@]2([H])O[C@]1([H])[C@]4([H])OC5(CCCCC5)OC4,,,,,
324,Acetofluoro-α-D-mannose,350.29,50,36.00,7.94,3,CC(O[C@H]1[C@@H]([C@H](O[C@@H]([C@H]1OC(C)=O)F)COC(C)=O)OC(C)=O)=O,,,,,
325,2-Deoxy-2-fluoro-D-glucose,182.15,100,39.00,5.62,3,OC[C@@H](O)[C@@H](O)[C@H](O)[C@@H](F)C=O,,,,,
326,UDP-Galactose,566.30,50,63.00,5.04,3,O=C(C=CN1[C@H]2[C@H](O)[C@H](O)[C@@H](COP(OP(O[C@@H]3[C@H](O)[C@@H](O)[C@@H](O)[C@@H](CO)O3)(O)=O)(O)=O)O2)NC1=O,,,,,
327,GDP-L-fucose,589.34,100,65.00,2.31,3,O=C1C(N=CN2[C@H]3[C@H](O)[C@H](O)[C@@H](COP(O)(OP(O)(O[C@@H]4[C@@H](O)[C@H](O)[C@H](O)[C@H](C)O4)=O)=O)O3)=C2N=C(N)N1,,,,,
328,Lactose,342.30,100,29.00,3.45,3,OC[C@@H]1[C@H](O)[C@H](O)[C@@H](O)[C@H](O[C@@H]([C@H](O)[C@@H](O)C=O)[C@H](O)CO)O1,,,,,
329,D-Melibiose,342.30,125,64.00,2.69,3,O=C[C@@H]([C@H]([C@@H]([C@@H](CO[C@@H]1[C@@H]([C@H]([C@H]([C@@H](CO)O1)O)O)O)O)O)O)O,,,,,
330,Laminaribiose,342.30,125,68.00,6.17,3,OC[C@@H](O)[C@@H](O)[C@@H]([C@@H](O)C=O)O[C@@H]1O[C@@H]([C@H]([C@@H]([C@H]1O)O)O)CO,,,,,
331,Nigerose,342.30,125,72.00,2.70,3,OC[C@@H](O)[C@@H](O)[C@@H]([C@@H](O)C=O)O[C@H]1O[C@@H]([C@H]([C@@H]([C@H]1O)O)O)CO,,,,,
332,Lactose-3'-sulfate,422.36,200,68.00,3.17,3,O=C[C@H](O)[C@@H](O)[C@@H]([C@H](O)CO)O[C@H]1[C@@H]([C@H]([C@H]([C@H](O1)CO)O)OS(=O)(O)=O)O,,,,,
333,Erlose,504.44,50,91.00,7.10,3,OC[C@]1(O[C@@H]([C@H]([C@@H]1O)O)CO)O[C@H]2O[C@@H]([C@H]([C@@H]([C@H]2O)O)O[C@H]3O[C@@H]([C@H]([C@@H]([C@H]3O)O)O)CO)CO,,,,,
334,β-D-Maltose octaacetate,678.59,10,68.00,8.60,3,CC(O[C@H]([C@H]([C@@H](O[C@@H]1COC(C)=O)OC(C)=O)OC(C)=O)[C@@H]1O[C@@H]2[C@@H]([C@H]([C@@H]([C@H](O2)COC(C)=O)OC(C)=O)OC(C)=O)OC(C)=O)=O,,,,,
335,Acetobromo-α-D-maltose,699.45,10,91.00,7.60,3,CC(O[C@H]([C@H]([C@H](O[C@@H]1COC(C)=O)Br)OC(C)=O)[C@@H]1O[C@@H]2[C@@H]([C@H]([C@@H]([C@H](O2)COC(C)=O)OC(C)=O)OC(C)=O)OC(C)=O)=O,,,,,
336,Chitobiose dihydrochloride,413.25,250,92.00,3.16,3,O[C@H]([C@@H](N)C=O)[C@@H]([C@H](O)CO)O[C@@H]([C@@H]([C@H]1O)N)O[C@@H]([C@H]1O)CO.Cl.Cl,,,,,
337,D-Dimannuronic acid,370.26,30,22.00,7.53,3,O[C@H]1[C@H]([C@H]([C@@H]([C@@H](C(O)=O)O1)O[C@H]2[C@H]([C@H]([C@@H]([C@@H](C(O)=O)O2)O)O)O)O)O,,,,,
338,Xylotriose,414.36,125,54.00,2.70,3,O[C@H]([C@H]([C@H](O)CO1)O)[C@]1([H])O[C@H]2[C@@H]([C@H]([C@H](O[C@H](CO)[C@H](O)[C@@H](O)C=O)OC2)O)O,,,,,
339,3-Fucosyllactose,488.44,125,70.00,1.78,3,O[C@@H]([C@@H]([C@@H]([C@@H](O1)C)O)O)[C@@H]1O[C@H]([C@@H](O)C=O)[C@@H]([C@H](O)CO)O[C@@H]2O[C@@H]([C@@H]([C@@H]([C@H]2O)O)O)CO,,,,,
340,Maltotriose,504.44,250,82.00,2.11,3,OC[C@@H](O[C@@]1(O[C@@H]2[C@@H](CO)O[C@@H]([C@@H]([C@H]2O)O)O[C@@]([H])([C@@H]([C@H](C=O)O)O)[C@@H](CO)O)[H])[C@H]([C@@H]([C@H]1O)O)O,,,,,
341,Isomaltotriose,504.44,125,74.00,3.68,3,O=C[C@@H]([C@H]([C@@H]([C@@H](CO[C@@H]1[C@@H]([C@H]([C@@H]([C@@H](CO[C@@H]2[C@@H]([C@H]([C@@H]([C@@H](CO)O2)O)O)O)O1)O)O)O)O)O)O)O,,,,,
342,Manninotriose,504.44,125,50.00,3.74,3,O[C@@H]([C@@H](O)[C@H](O)[C@@H](O)C=O)CO[C@H]([C@@H]([C@@H](O)[C@H]1O)O)O[C@@H]1CO[C@H]([C@@H]([C@@H](O)[C@H]2O)O)O[C@@H]2CO,,,,,
343,D-Trimannuronic acid,546.39,20,68.00,7.68,3,OC([C@@H](O[C@H]1O[C@@H]([C@@H]([C@@H]2O)O)[C@H](O[C@H]2O)C(O)=O)[C@H]([C@@H]([C@@H]1O)O)O[C@@H]([C@H]([C@H]3O)O)O[C@@H]([C@H]3O)C(O)=O)=O,,,,,
344,Nystose,666.58,100,81.00,4.30,3,O[C@@H]1[C@@](CO[C@@]2(O[C@H](CO)[C@@H](O)[C@@H]2O)CO[C@@]3(O[C@H](CO)[C@@H](O)[C@@H]3O)CO)(O[C@H](CO)[C@H]1O)O[C@H]([C@@H]([C@@H](O)[C@@H]4O)O)O[C@@H]4CO,,,,,
345,Isomaltotetraose,666.58,100,68.00,2.32,3,OC[C@H]([C@H]([C@@H]([C@H]1O)O)O)O[C@@H]1OC[C@H]([C@H]([C@@H]([C@H]2O)O)O)O[C@@H]2OC[C@H]([C@H]([C@@H]([C@H]3O)O)O)O[C@@H]3OC[C@H]([C@H]([C@@H]([C@H]4O)O)O)O[C@@H]4O,,,,,
346,"1,4-β-D-Xylopentaose",678.59,100,95.00,3.94,3,O[C@H]([C@H]([C@H](O[C@@]1([H])[C@@H]([C@H]([C@H](O)CO1)O)O)CO2)O)[C@]2([H])O[C@H]3[C@@H]([C@H]([C@H](O[C@@]4([H])[C@@H]([C@H]([C@H](O[C@H](CO)[C@H](O)[C@@H](O)C=O)OC4)O)O)OC3)O)O,,,,,
347,D-Panose,504.44,125,50.00,3.05,3,O=C[C@H](O)[C@@H](O)[C@@H]([C@H](O)CO)O[C@H]1O[C@@H]([C@H]([C@@H]([C@H]1O)O)O)CO[C@H]2O[C@@H]([C@H]([C@@H]([C@H]2O)O)O)CO,,,,,
348,Lacto-N-fucopentaose I,853.77,125,75.00,3.98,3,CC(N[C@@H]1[C@H]([C@@H]([C@@H](CO)O[C@H]1O[C@]2([H])[C@H]([C@@H](O[C@H](CO)[C@@H]2O)O[C@@]([C@H](O)CO)([H])[C@H](O)[C@@H](O)C=O)O)O)O[C@@]3([H])[C@@H]([C@H]([C@@H](O)[C@@H](CO)O3)O)O[C@@]4([H])[C@H]([C@@H]([C@H](O)[C@H](C)O4)O)O)=O,,,,,
349,Lacto-N-difucohexaose I,999.91,50,92.00,5.47,3,O[C@@H]([C@@H]([C@@H]([C@@H](O1)C)O)O)[C@@H]1O[C@H]([C@H](O[C@H]([C@@H]2NC(C)=O)O[C@@H]3[C@H]([C@@H](O[C@@H]([C@@H]3O)CO)O[C@H]([C@H](O)CO)[C@H](O)[C@@H](O)C=O)O)CO)[C@@H]2O[C@H]4[C@@H]([C@H]([C@H]([C@H](O4)CO)O)O)O[C@H]5[C@H]([C@@H]([C@@H]([C@@H](O5)C)O)O)O,,,,,
350,Fructo-oligosaccharide DP7/GF6,1153.00,100,102.00,3.66,3,OC[C@]1(O[C@H](CO)[C@@H](O)[C@@H]1O)OC[C@]2(O[C@H](CO)[C@@H](O)[C@@H]2O)OC[C@]3(O[C@H](CO)[C@@H](O)[C@@H]3O)OC[C@]4(O[C@H](CO)[C@@H](O)[C@@H]4O)OC[C@]5(O[C@H](CO)[C@@H](O)[C@@H]5O)OC[C@]6(O[C@H](CO)[C@@H](O)[C@@H]6O)O[C@H]7O[C@@H]([C@@H](O)[C@H](O)[C@H]7O)CO,,,,,
351,D-Nonamannuronic acid,1603.13,10,105.00,8.30,3,OC([C@@H](O[C@H]1O[C@@H]([C@@H]([C@@H]2O)O)[C@H](O[C@H]2O[C@@H]([C@@H]([C@@H]3O)O)[C@H](O[C@H]3O[C@@H]([C@@H]([C@@H]4O)O)[C@H](O[C@H]4O[C@@H]([C@@H]([C@@H]5O)O)[C@H](O[C@H]5O)C(O)=O)C(O)=O)C(O)=O)C(O)=O)[C@H]([C@@H]([C@@H]1O)O)O[C@@H]([C@H]([C@H]6O)O)O[C@@H]([C@H]6O[C@@H]([C@H]([C@H]7O)O)O[C@@H]([C@H]7O[C@@H]([C@H]([C@H]8O)O)O[C@@H]([C@H]8O[C@@H]([C@H]([C@H]9O)O)O[C@@H]([C@H]9O)C(O)=O)C(O)=O)C(O)=O)C(O)=O)=O,,,,,
352,Isomannide,146.14,100,32.00,3.65,3,O[C@H]1[C@]2([H])[C@@](OC1)([H])[C@@H](CO2)O,,,,,
353,Ribitol,152.15,33.33,5.00,9.45,3,OC[C@@H](O)[C@@H](O)[C@@H](O)CO,,,,,
354,"1,5-Anhydrosorbitol",164.16,50,-9.00,3.90,3,OC[C@@H]1[C@@H](O)[C@H](O)[C@H](CO1)O,,,,,
355,L-Fucitol,166.17,125,7.00,1.99,3,C[C@@H]([C@H]([C@H]([C@@H](CO)O)O)O)O,,,,,
356,i-Inositol,180.16,62.5,-13.00,3.70,3,O[C@H]1[C@H]([C@H]([C@@H]([C@H]([C@@H]1O)O)O)O)O,,,,,
357,D-Tagitol,182.17,25,24.00,6.57,3,OC[C@@H](O)[C@@H](O)[C@@H](O)[C@H](O)CO,,,,,
358,Meglumine,195.21,50,-18.00,8.76,3,O[C@H]([C@H]([C@@H]([C@@H](CO)O)O)O)CNC,,,,,
359,Ethyl β-D-fructofuranoside,208.21,100,48.00,6.40,3,CCO[C@@]1(O[C@H](CO)[C@@H](O)[C@@H]1O)CO,,,,,
360,3-O-(Phenylmethyl)-D-glucose,270.28,50,60.00,5.43,3,OC[C@@H](O)[C@@H](O)[C@@H]([C@@H](O)C=O)OCC1=CC=CC=C1,,,,,
361,Thiodigalactoside,358.36,100,41.00,2.86,3,O[C@H]([C@H]1O)[C@@H](O[C@@H]([C@@H]1O)CO)S[C@@H]([C@@H]([C@H]2O)O)O[C@@H]([C@@H]2O)CO,,,,,
362,Astringin,406.38,100,85.00,2.15,3,OC1=C(O)C=CC(/C=C/C2=CC(O)=CC(O[C@@H]3O[C@@H]([C@@H](O)[C@H](O)[C@H]3O)CO)=C2)=C1,,,,,
363,Emodin-1-O-β-D-glucopyranoside,432.38,100,94.00,4.49,3,O=C1C2=C(C=C(O)C=C2O)C(C3=CC(C)=CC(O[C@H]4[C@@H]([C@H]([C@@H]([C@@H](CO)O4)O)O)O)=C13)=O,,,,,
364,Diosmetin-7-O-β-D-glucopyranoside,462.40,50,86.00,7.03,3,O=C(C=C(C1=CC(O)=C(OC)C=C1)OC2=CC(O[C@@H]([C@@H]([C@@H](O)[C@@H]3O)O)O[C@@H]3CO)=C4)C2=C4O,,,,,
365,Taxifolin 7-O-β-D-glucoside,466.39,100,62.00,3.54,3,O=C1C(C(O[C@H](C(C=C2)=CC(O)=C2O)[C@H]1O)=CC(O[C@@H]([C@@H]([C@H]3O)O)O[C@@H]([C@H]3O)CO)=C4)=C4O,,,,,
366,Kuromanin chloride,484.84,25,68.00,8.55,3,O[C@H]([C@@H](O)[C@@H]1O)[C@@H](O[C@@H]1CO)OC(C(C2=CC(O)=C(O)C=C2)=[O+]C3=CC(O)=C4)=CC3=C4O.[Cl-],,,,,
367,Delphinidin 3-O-β-D-glucoside chloride,500.84,10,80.00,6.15,3,OC1=CC(O)=CC2=C1C=C(C(C3=CC(O)=C(C(O)=C3)O)=[O+]2)O[C@@H]4O[C@@H]([C@H]([C@@H]([C@H]4O)O)O)CO.[Cl-],,,,,
368,Rubusoside,642.73,10,81.00,1.56,3,C[C@]([C@]1([H])CC2)(CCC[C@@]1(C)C(O[C@@H]([C@@H]([C@@H](O)[C@@H]3O)O)O[C@@H]3CO)=O)[C@@]4([H])[C@]2(CC5=C)C[C@@]5(O[C@]([C@@H]([C@@H](O)[C@@H]6O)O)([H])O[C@@H]6CO)CC4,,,,,
369,Pinoresinol Diglucoside,682.67,6.9,71.00,5.49,3,COC(C=C1[C@@H]2[C@](CO[C@@H]3C4=CC(OC)=C(O[C@@H]([C@@H]([C@@H](O)[C@@H]5O)O)O[C@@H]5CO)C=C4)([H])[C@]3([H])CO2)=C(C=C1)O[C@@H]([C@@H]([C@@H](O)[C@@H]6O)O)O[C@@H]6CO,,,,,
370,Mogroside IIe,801.01,100,96.00,3.95,3,C[C@]12[C@](CC=C3[C@@]2([H])CC[C@H](O[C@]4([H])O[C@@H]([C@@H](O)[C@H](O)[C@H]4O)CO)C3(C)C)([H])[C@]5([C@@](C)([C@]([C@H](C)CC[C@H](C(C)(O)C)O[C@@H]6O[C@@H]([C@@H](O)[C@H](O)[C@H]6O)CO)([H])CC5)C[C@H]1O)C,,,,,
371,Rebaudioside B,804.87,100,71.00,3.69,3,C[C@]12[C@@]3([H])[C@@](C4)(CC[C@]1([H])[C@@](C)(CCC2)C(O)=O)C[C@@](C4=C)(O[C@@]5([H])[C@@H]([C@H]([C@H](O)[C@@H](CO)O5)O[C@]6([H])O[C@@H]([C@@H](O)[C@H](O)[C@H]6O)CO)O[C@]7([H])O[C@@H]([C@@H](O)[C@H](O)[C@H]7O)CO)CC3,,,,,
372,Mogroside V,1287.43,50,61.00,6.79,3,C[C@@]([C@@](CC[C@H](O[C@]([C@@H]([C@@H](O)[C@@H]1O)O)([H])O[C@@H]1CO[C@@H]([C@@H]([C@@H](O)[C@@H]2O)O)O[C@@H]2CO)C3(C)C)([H])C3=CC4)([C@@H](C[C@@]56C)O)[C@]4([H])[C@@]5(CC[C@]6([H])[C@H](C)CC[C@H](C(C)(O)C)O[C@H](O[C@H](CO[C@@H]([C@@H]([C@@H](O)[C@@H]7O)O)O[C@@H]7CO)[C@@H](O)[C@@H]8O)[C@@H]8O[C@]([C@@H]([C@@H](O)[C@@H]9O)O)([H])O[C@@H]9CO)C,,,,,
373,Rebaudioside M ,1291.29,100,141.00,3.87,3,C[C@]12[C@@]3([H])[C@@](C4)(CC[C@]1([H])[C@@](C)(CCC2)C(O[C@H]5[C@@H]([C@H]([C@H](O)[C@@H](CO)O5)O[C@]6([H])O[C@@H]([C@@H](O)[C@H](O)[C@H]6O)CO)O[C@]7([H])O[C@@H]([C@@H](O)[C@H](O)[C@H]7O)CO)=O)C[C@@](C4=C)(O[C@@]8([H])[C@@H]([C@H]([C@H](O)[C@@H](CO)O8)O[C@]9([H])O[C@@H]([C@@H](O)[C@H](O)[C@H]9O)CO)O[C@]%10([H])O[C@@H]([C@@H](O)[C@H](O)[C@H]%10O)CO)CC3,,,,,
374,Fructo-oligosaccharide DP12/GF11,1962.69,100,165.00,8.95,3,OC[C@]1(O[C@H](CO)[C@@H](O)[C@@H]1O)OC[C@]2(O[C@H](CO)[C@@H](O)[C@@H]2O)OC[C@]3(O[C@H](CO)[C@@H](O)[C@@H]3O)OC[C@]4(O[C@H](CO)[C@@H](O)[C@@H]4O)OC[C@]5(O[C@H](CO)[C@@H](O)[C@@H]5O)OC[C@]6(O[C@H](CO)[C@@H](O)[C@@H]6O)OC[C@]7(O[C@H](CO)[C@@H](O)[C@@H]7[O])OC[C@]8(O[C@H](CO)[C@@H](O)[C@@H]8O)OC[C@]9(O[C@H](CO)[C@@H](O)[C@@H]9O)OC[C@]%10(O[C@H](CO)[C@@H](O)[C@@H]%10O)OC[C@]%11(O[C@H](CO)[C@@H](O)[C@@H]%11O)O[C@H]%12O[C@@H]([C@@H](O)[C@H](O)[C@H]%12O)CO,,,,,
375,β-Maltoside,446.45,100,57.00,4.63,3,OC[C@@H](O[C@H]([C@@H]([C@H]1O)O)OCCC2=CC=CC=C2)[C@H]1O[C@@H]3O[C@@H]([C@H]([C@@H]([C@H]3O)O)O)CO,,,,,
376,D-Glucose,180.16,910,110.00,1.76,6,OC[C@H]1OC(O)[C@@H]([C@H]([C@@H]1O)O)O,,,,,
377,D-Fructose,180.16,125,43.00,4.79,6,OC[C@@H](O)[C@@H](O)[C@H](O)C(CO)=O,,,,,
378,L-Fructose,180.16,116.67,58.00,5.81,6,OCC([C@H](O)[C@@H](O)[C@@H](O)CO)=O,,,,,
379,D-Gulose,180.16,200,45.00,3.20,6,O=C[C@H](O)[C@H](O)[C@@H](O)[C@H](O)CO,,,,,
380,L-Arabinose,150.13,200,61.00,3.87,6,O=C[C@@H]([C@H]([C@H](CO)O)O)O,,,,,
381,α-D-Glucopyranose,700.69,910,71.00,14.04,6,O=C(C1=CC=CC=C1)O[C@@H]2[C@H]([C@H](O[C@@H]([C@H]2OC(C3=CC=CC=C3)=O)COC(C4=CC=CC=C4)=O)OC(C5=CC=CC=C5)=O)OC(C6=CC=CC=C6)=O,,,,,
382,D-Mannoheptulose,210.18,66.67,37.00,6.52,6,OCC([C@H]([C@H]([C@@H]([C@@H](CO)O)O)O)O)=O,,,,,
383,"2,5-Anhydro-D-mannose",162.14,250,85.00,13.02,6,OC[C@@H]1[C@H]([C@@H]([C@H](O1)C=O)O)O,,,,,
384,2-Deoxy-D-glucose,164.16,125,16.00,2.60,6,OC1O[C@@H]([C@@H](O)[C@H](O)C1)CO,,,,,
385,D-Glucosamine,179.17,100,13.00,5.47,6,O=C[C@H](N)[C@H]([C@@H]([C@@H](CO)O)O)O,,,,,
386,D-Mannuronic acid sodium,216.12,250,23.00,4.57,6,O=C[C@H]([C@H]([C@@H]([C@@H](C(O[Na])=O)O)O)O)O,,,,,
387,"1,2-O-Isopropylidene-α-D-glucofuranose",220.22,150,36.00,9.25,6,O[C@@H]1[C@]2([H])[C@](OC(C)(O2)C)([H])O[C@]1([H])[C@H](O)CO,,,,,
388,N-Acetyl-D-galactosamine,221.21,125,24.00,3.68,6,CC(N[C@@H]1[C@H]([C@H]([C@H](O[C@@H]1O)CO)O)O)=O,,,,,
389,D-Fructose 1-phosphate,260.14,100,34.00,10.74,6,O[C@H](C(COP(O)(O)=O)=O)[C@@H]([C@@H](CO)O)O,,,,,
390,Diacetone-D-glucose,260.29,100,35.00,8.76,6,O[C@@H]1[C@]2([H])[C@](OC(C)(O2)C)([H])O[C@]1([H])[C@@]3([H])COC(C)(O3)C,,,,,
391,"1,2:4,6-Bis-O-(1-methylethylidene)-L-sorbofuranose",260.28,50,23.00,14.66,6,O[C@@H]1C2(COC(C)(O2)C)O[C@]3([H])[C@@]1([H])OC(C)(OC3)C,,,,,
392,3-O-(Phenylmethyl)-D-mannose,270.28,50,44.00,11.77,6,OC[C@@H](O)[C@@H](O)[C@@H]([C@H](O)C=O)OCC1=CC=CC=C1,,,,,
393,D-Glucosamine sulfate,277.25,125,38.00,11.22,6,O=C[C@H](N)[C@H]([C@@H]([C@@H](CO)O)O)O.O=S(O)(O)=O,,,,,
394,D-Fructose-6-phosphate disodium,304.10,100,27.00,7.10,6,OCC([C@H]([C@@H]([C@@H](COP(O[Na])(O[Na])=O)O)O)O)=O,,,,,
395,Fructosyl-lysine,308.33,50,31.00,13.41,6,N[C@H](C(O)=O)CCCCNCC([C@@H](O)[C@H](O)[C@H](O)CO)=O,,,,,
396,Fosfructose trisodium,406.06,150,38.00,6.85,6,O[C@H](C(COP(O)(O[Na])=O)=O)[C@@H]([C@@H](COP(O[Na])(O[Na])=O)O)O,,,,,
397,Fosfructose,340.12,60,41.00,5.72,6,O=P(O)(O)OCC([C@@H](O)[C@H](O)[C@H](O)COP(O)(O)=O)=O,,,,,
398,"1,2:5,6-Di-O-cyclohexylidene-α-D-glucofuranose",340.41,50,54.00,11.49,6,O[C@@H]1[C@@]2([H])OC3(CCCCC3)O[C@@]2([H])O[C@]1([H])[C@]4([H])OC5(CCCCC5)OC4,,,,,
399,Acetofluoro-α-D-mannose,350.29,50,36.00,11.75,6,CC(O[C@H]1[C@@H]([C@H](O[C@@H]([C@H]1OC(C)=O)F)COC(C)=O)OC(C)=O)=O,,,,,
400,2-Deoxy-2-fluoro-D-glucose,182.15,100,39.00,8.54,6,OC[C@@H](O)[C@@H](O)[C@H](O)[C@@H](F)C=O,,,,,
401,UDP-Galactose,566.30,50,63.00,7.85,6,O=C(C=CN1[C@H]2[C@H](O)[C@H](O)[C@@H](COP(OP(O[C@@H]3[C@H](O)[C@@H](O)[C@@H](O)[C@@H](CO)O3)(O)=O)(O)=O)O2)NC1=O,,,,,
402,GDP-L-fucose,589.34,100,65.00,3.44,6,O=C1C(N=CN2[C@H]3[C@H](O)[C@H](O)[C@@H](COP(O)(OP(O)(O[C@@H]4[C@@H](O)[C@H](O)[C@H](O)[C@H](C)O4)=O)=O)O3)=C2N=C(N)N1,,,,,
403,Lactose,342.30,100,29.00,6.09,6,OC[C@@H]1[C@H](O)[C@H](O)[C@@H](O)[C@H](O[C@@H]([C@H](O)[C@@H](O)C=O)[C@H](O)CO)O1,,,,,
404,D-Melibiose,342.30,125,64.00,4.87,6,O=C[C@@H]([C@H]([C@@H]([C@@H](CO[C@@H]1[C@@H]([C@H]([C@H]([C@@H](CO)O1)O)O)O)O)O)O)O,,,,,
405,Laminaribiose,342.30,125,68.00,9.25,6,OC[C@@H](O)[C@@H](O)[C@@H]([C@@H](O)C=O)O[C@@H]1O[C@@H]([C@H]([C@@H]([C@H]1O)O)O)CO,,,,,
406,Nigerose,342.30,125,72.00,4.85,6,OC[C@@H](O)[C@@H](O)[C@@H]([C@@H](O)C=O)O[C@H]1O[C@@H]([C@H]([C@@H]([C@H]1O)O)O)CO,,,,,
407,Lactose-3'-sulfate,422.36,200,68.00,4.65,6,O=C[C@H](O)[C@@H](O)[C@@H]([C@H](O)CO)O[C@H]1[C@@H]([C@H]([C@H]([C@H](O1)CO)O)OS(=O)(O)=O)O,,,,,
408,Erlose,504.44,50,91.00,12.61,6,OC[C@]1(O[C@@H]([C@H]([C@@H]1O)O)CO)O[C@H]2O[C@@H]([C@H]([C@@H]([C@H]2O)O)O[C@H]3O[C@@H]([C@H]([C@@H]([C@H]3O)O)O)CO)CO,,,,,
409,β-D-Maltose octaacetate,678.59,10,68.00,12.87,6,CC(O[C@H]([C@H]([C@@H](O[C@@H]1COC(C)=O)OC(C)=O)OC(C)=O)[C@@H]1O[C@@H]2[C@@H]([C@H]([C@@H]([C@H](O2)COC(C)=O)OC(C)=O)OC(C)=O)OC(C)=O)=O,,,,,
410,Acetobromo-α-D-maltose,699.45,10,91.00,14.78,6,CC(O[C@H]([C@H]([C@H](O[C@@H]1COC(C)=O)Br)OC(C)=O)[C@@H]1O[C@@H]2[C@@H]([C@H]([C@@H]([C@H](O2)COC(C)=O)OC(C)=O)OC(C)=O)OC(C)=O)=O,,,,,
411,Chitobiose dihydrochloride,413.25,250,92.00,6.12,6,O[C@H]([C@@H](N)C=O)[C@@H]([C@H](O)CO)O[C@@H]([C@@H]([C@H]1O)N)O[C@@H]([C@H]1O)CO.Cl.Cl,,,,,
412,D-Dimannuronic acid,370.26,30,22.00,11.09,6,O[C@H]1[C@H]([C@H]([C@@H]([C@@H](C(O)=O)O1)O[C@H]2[C@H]([C@H]([C@@H]([C@@H](C(O)=O)O2)O)O)O)O)O,,,,,
413,Xylotriose,414.36,125,54.00,4.14,6,O[C@H]([C@H]([C@H](O)CO1)O)[C@]1([H])O[C@H]2[C@@H]([C@H]([C@H](O[C@H](CO)[C@H](O)[C@@H](O)C=O)OC2)O)O,,,,,
414,3-Fucosyllactose,488.44,125,70.00,3.33,6,O[C@@H]([C@@H]([C@@H]([C@@H](O1)C)O)O)[C@@H]1O[C@H]([C@@H](O)C=O)[C@@H]([C@H](O)CO)O[C@@H]2O[C@@H]([C@@H]([C@@H]([C@H]2O)O)O)CO,,,,,
415,Maltotriose,504.44,250,82.00,3.16,6,OC[C@@H](O[C@@]1(O[C@@H]2[C@@H](CO)O[C@@H]([C@@H]([C@H]2O)O)O[C@@]([H])([C@@H]([C@H](C=O)O)O)[C@@H](CO)O)[H])[C@H]([C@@H]([C@H]1O)O)O,,,,,
416,Isomaltotriose,504.44,125,74.00,5.45,6,O=C[C@@H]([C@H]([C@@H]([C@@H](CO[C@@H]1[C@@H]([C@H]([C@@H]([C@@H](CO[C@@H]2[C@@H]([C@H]([C@@H]([C@@H](CO)O2)O)O)O)O1)O)O)O)O)O)O)O,,,,,
417,Manninotriose,504.44,125,50.00,6.97,6,O[C@@H]([C@@H](O)[C@H](O)[C@@H](O)C=O)CO[C@H]([C@@H]([C@@H](O)[C@H]1O)O)O[C@@H]1CO[C@H]([C@@H]([C@@H](O)[C@H]2O)O)O[C@@H]2CO,,,,,
418,D-Trimannuronic acid,546.39,20,68.00,12.20,6,OC([C@@H](O[C@H]1O[C@@H]([C@@H]([C@@H]2O)O)[C@H](O[C@H]2O)C(O)=O)[C@H]([C@@H]([C@@H]1O)O)O[C@@H]([C@H]([C@H]3O)O)O[C@@H]([C@H]3O)C(O)=O)=O,,,,,
419,Nystose,666.58,100,81.00,6.41,6,O[C@@H]1[C@@](CO[C@@]2(O[C@H](CO)[C@@H](O)[C@@H]2O)CO[C@@]3(O[C@H](CO)[C@@H](O)[C@@H]3O)CO)(O[C@H](CO)[C@H]1O)O[C@H]([C@@H]([C@@H](O)[C@@H]4O)O)O[C@@H]4CO,,,,,
420,Isomaltotetraose,666.58,100,68.00,3.77,6,OC[C@H]([C@H]([C@@H]([C@H]1O)O)O)O[C@@H]1OC[C@H]([C@H]([C@@H]([C@H]2O)O)O)O[C@@H]2OC[C@H]([C@H]([C@@H]([C@H]3O)O)O)O[C@@H]3OC[C@H]([C@H]([C@@H]([C@H]4O)O)O)O[C@@H]4O,,,,,
421,"1,4-β-D-Xylopentaose",678.59,100,95.00,6.82,6,O[C@H]([C@H]([C@H](O[C@@]1([H])[C@@H]([C@H]([C@H](O)CO1)O)O)CO2)O)[C@]2([H])O[C@H]3[C@@H]([C@H]([C@H](O[C@@]4([H])[C@@H]([C@H]([C@H](O[C@H](CO)[C@H](O)[C@@H](O)C=O)OC4)O)O)OC3)O)O,,,,,
422,D-Panose,504.44,125,50.00,4.52,6,O=C[C@H](O)[C@@H](O)[C@@H]([C@H](O)CO)O[C@H]1O[C@@H]([C@H]([C@@H]([C@H]1O)O)O)CO[C@H]2O[C@@H]([C@H]([C@@H]([C@H]2O)O)O)CO,,,,,
423,Lacto-N-fucopentaose I,853.77,125,75.00,5.83,6,CC(N[C@@H]1[C@H]([C@@H]([C@@H](CO)O[C@H]1O[C@]2([H])[C@H]([C@@H](O[C@H](CO)[C@@H]2O)O[C@@]([C@H](O)CO)([H])[C@H](O)[C@@H](O)C=O)O)O)O[C@@]3([H])[C@@H]([C@H]([C@@H](O)[C@@H](CO)O3)O)O[C@@]4([H])[C@H]([C@@H]([C@H](O)[C@H](C)O4)O)O)=O,,,,,
424,Lacto-N-difucohexaose I,999.91,50,92.00,9.28,6,O[C@@H]([C@@H]([C@@H]([C@@H](O1)C)O)O)[C@@H]1O[C@H]([C@H](O[C@H]([C@@H]2NC(C)=O)O[C@@H]3[C@H]([C@@H](O[C@@H]([C@@H]3O)CO)O[C@H]([C@H](O)CO)[C@H](O)[C@@H](O)C=O)O)CO)[C@@H]2O[C@H]4[C@@H]([C@H]([C@H]([C@H](O4)CO)O)O)O[C@H]5[C@H]([C@@H]([C@@H]([C@@H](O5)C)O)O)O,,,,,
425,Fructo-oligosaccharide DP7/GF6,1153.00,100,102.00,6.80,6,OC[C@]1(O[C@H](CO)[C@@H](O)[C@@H]1O)OC[C@]2(O[C@H](CO)[C@@H](O)[C@@H]2O)OC[C@]3(O[C@H](CO)[C@@H](O)[C@@H]3O)OC[C@]4(O[C@H](CO)[C@@H](O)[C@@H]4O)OC[C@]5(O[C@H](CO)[C@@H](O)[C@@H]5O)OC[C@]6(O[C@H](CO)[C@@H](O)[C@@H]6O)O[C@H]7O[C@@H]([C@@H](O)[C@H](O)[C@H]7O)CO,,,,,
426,D-Nonamannuronic acid,1603.13,10,105.00,13.28,6,OC([C@@H](O[C@H]1O[C@@H]([C@@H]([C@@H]2O)O)[C@H](O[C@H]2O[C@@H]([C@@H]([C@@H]3O)O)[C@H](O[C@H]3O[C@@H]([C@@H]([C@@H]4O)O)[C@H](O[C@H]4O[C@@H]([C@@H]([C@@H]5O)O)[C@H](O[C@H]5O)C(O)=O)C(O)=O)C(O)=O)C(O)=O)[C@H]([C@@H]([C@@H]1O)O)O[C@@H]([C@H]([C@H]6O)O)O[C@@H]([C@H]6O[C@@H]([C@H]([C@H]7O)O)O[C@@H]([C@H]7O[C@@H]([C@H]([C@H]8O)O)O[C@@H]([C@H]8O[C@@H]([C@H]([C@H]9O)O)O[C@@H]([C@H]9O)C(O)=O)C(O)=O)C(O)=O)C(O)=O)=O,,,,,
427,Isomannide,146.14,100,32.00,5.75,6,O[C@H]1[C@]2([H])[C@@](OC1)([H])[C@@H](CO2)O,,,,,
428,Ribitol,152.15,33.33,5.00,13.73,6,OC[C@@H](O)[C@@H](O)[C@@H](O)CO,,,,,
429,"1,5-Anhydrosorbitol",164.16,50,-9.00,6.74,6,OC[C@@H]1[C@@H](O)[C@H](O)[C@H](CO1)O,,,,,
430,L-Fucitol,166.17,125,7.00,2.91,6,C[C@@H]([C@H]([C@H]([C@@H](CO)O)O)O)O,,,,,
431,i-Inositol,180.16,62.5,-13.00,7.05,6,O[C@H]1[C@H]([C@H]([C@@H]([C@H]([C@@H]1O)O)O)O)O,,,,,
432,D-Tagitol,182.17,25,24.00,12.99,6,OC[C@@H](O)[C@@H](O)[C@@H](O)[C@H](O)CO,,,,,
433,Meglumine,195.21,50,-18.00,14.85,6,O[C@H]([C@H]([C@@H]([C@@H](CO)O)O)O)CNC,,,,,
434,Ethyl β-D-fructofuranoside,208.21,100,48.00,10.45,6,CCO[C@@]1(O[C@H](CO)[C@@H](O)[C@@H]1O)CO,,,,,
435,3-O-(Phenylmethyl)-D-glucose,270.28,50,60.00,9.83,6,OC[C@@H](O)[C@@H](O)[C@@H]([C@@H](O)C=O)OCC1=CC=CC=C1,,,,,
436,Thiodigalactoside,358.36,100,41.00,5.42,6,O[C@H]([C@H]1O)[C@@H](O[C@@H]([C@@H]1O)CO)S[C@@H]([C@@H]([C@H]2O)O)O[C@@H]([C@@H]2O)CO,,,,,O=C[C@H](O)[C@H](O)[C@@H](O)[C@H](O)CO
437,Astringin,406.38,100,85.00,3.44,6,OC1=C(O)C=CC(/C=C/C2=CC(O)=CC(O[C@@H]3O[C@@H]([C@@H](O)[C@H](O)[C@H]3O)CO)=C2)=C1,,,,,
438,Emodin-1-O-β-D-glucopyranoside,432.38,100,94.00,7.47,6,O=C1C2=C(C=C(O)C=C2O)C(C3=CC(C)=CC(O[C@H]4[C@@H]([C@H]([C@@H]([C@@H](CO)O4)O)O)O)=C13)=O,,,,,
439,Diosmetin-7-O-β-D-glucopyranoside,462.40,50,86.00,11.30,6,O=C(C=C(C1=CC(O)=C(OC)C=C1)OC2=CC(O[C@@H]([C@@H]([C@@H](O)[C@@H]3O)O)O[C@@H]3CO)=C4)C2=C4O,,,,,
440,Taxifolin 7-O-β-D-glucoside,466.39,100,62.00,6.33,6,O=C1C(C(O[C@H](C(C=C2)=CC(O)=C2O)[C@H]1O)=CC(O[C@@H]([C@@H]([C@H]3O)O)O[C@@H]([C@H]3O)CO)=C4)=C4O,,,,,
441,Kuromanin chloride,484.84,25,68.00,14.15,6,O[C@H]([C@@H](O)[C@@H]1O)[C@@H](O[C@@H]1CO)OC(C(C2=CC(O)=C(O)C=C2)=[O+]C3=CC(O)=C4)=CC3=C4O.[Cl-],,,,,
442,Delphinidin 3-O-β-D-glucoside chloride,500.84,10,80.00,11.91,6,OC1=CC(O)=CC2=C1C=C(C(C3=CC(O)=C(C(O)=C3)O)=[O+]2)O[C@@H]4O[C@@H]([C@H]([C@@H]([C@H]4O)O)O)CO.[Cl-],,,,,
443,Rubusoside,642.73,10,81.00,2.63,6,C[C@]([C@]1([H])CC2)(CCC[C@@]1(C)C(O[C@@H]([C@@H]([C@@H](O)[C@@H]3O)O)O[C@@H]3CO)=O)[C@@]4([H])[C@]2(CC5=C)C[C@@]5(O[C@]([C@@H]([C@@H](O)[C@@H]6O)O)([H])O[C@@H]6CO)CC4,,,,,
444,Pinoresinol Diglucoside,682.67,6.9,71.00,10.69,6,COC(C=C1[C@@H]2[C@](CO[C@@H]3C4=CC(OC)=C(O[C@@H]([C@@H]([C@@H](O)[C@@H]5O)O)O[C@@H]5CO)C=C4)([H])[C@]3([H])CO2)=C(C=C1)O[C@@H]([C@@H]([C@@H](O)[C@@H]6O)O)O[C@@H]6CO,,,,,
445,Mogroside IIe,801.01,100,96.00,6.46,6,C[C@]12[C@](CC=C3[C@@]2([H])CC[C@H](O[C@]4([H])O[C@@H]([C@@H](O)[C@H](O)[C@H]4O)CO)C3(C)C)([H])[C@]5([C@@](C)([C@]([C@H](C)CC[C@H](C(C)(O)C)O[C@@H]6O[C@@H]([C@@H](O)[C@H](O)[C@H]6O)CO)([H])CC5)C[C@H]1O)C,,,,,
446,Rebaudioside B,804.87,100,71.00,5.91,6,C[C@]12[C@@]3([H])[C@@](C4)(CC[C@]1([H])[C@@](C)(CCC2)C(O)=O)C[C@@](C4=C)(O[C@@]5([H])[C@@H]([C@H]([C@H](O)[C@@H](CO)O5)O[C@]6([H])O[C@@H]([C@@H](O)[C@H](O)[C@H]6O)CO)O[C@]7([H])O[C@@H]([C@@H](O)[C@H](O)[C@H]7O)CO)CC3,,,,,
447,Mogroside V,1287.43,50,61.00,12.75,6,C[C@@]([C@@](CC[C@H](O[C@]([C@@H]([C@@H](O)[C@@H]1O)O)([H])O[C@@H]1CO[C@@H]([C@@H]([C@@H](O)[C@@H]2O)O)O[C@@H]2CO)C3(C)C)([H])C3=CC4)([C@@H](C[C@@]56C)O)[C@]4([H])[C@@]5(CC[C@]6([H])[C@H](C)CC[C@H](C(C)(O)C)O[C@H](O[C@H](CO[C@@H]([C@@H]([C@@H](O)[C@@H]7O)O)O[C@@H]7CO)[C@@H](O)[C@@H]8O)[C@@H]8O[C@]([C@@H]([C@@H](O)[C@@H]9O)O)([H])O[C@@H]9CO)C,,,,,
448,Rebaudioside M ,1291.29,100,141.00,6.31,6,C[C@]12[C@@]3([H])[C@@](C4)(CC[C@]1([H])[C@@](C)(CCC2)C(O[C@H]5[C@@H]([C@H]([C@H](O)[C@@H](CO)O5)O[C@]6([H])O[C@@H]([C@@H](O)[C@H](O)[C@H]6O)CO)O[C@]7([H])O[C@@H]([C@@H](O)[C@H](O)[C@H]7O)CO)=O)C[C@@](C4=C)(O[C@@]8([H])[C@@H]([C@H]([C@H](O)[C@@H](CO)O8)O[C@]9([H])O[C@@H]([C@@H](O)[C@H](O)[C@H]9O)CO)O[C@]%10([H])O[C@@H]([C@@H](O)[C@H](O)[C@H]%10O)CO)CC3,,,,,
449,Fructo-oligosaccharide DP12/GF11,1962.69,100,165.00,13.88,6,OC[C@]1(O[C@H](CO)[C@@H](O)[C@@H]1O)OC[C@]2(O[C@H](CO)[C@@H](O)[C@@H]2O)OC[C@]3(O[C@H](CO)[C@@H](O)[C@@H]3O)OC[C@]4(O[C@H](CO)[C@@H](O)[C@@H]4O)OC[C@]5(O[C@H](CO)[C@@H](O)[C@@H]5O)OC[C@]6(O[C@H](CO)[C@@H](O)[C@@H]6O)OC[C@]7(O[C@H](CO)[C@@H](O)[C@@H]7[O])OC[C@]8(O[C@H](CO)[C@@H](O)[C@@H]8O)OC[C@]9(O[C@H](CO)[C@@H](O)[C@@H]9O)OC[C@]%10(O[C@H](CO)[C@@H](O)[C@@H]%10O)OC[C@]%11(O[C@H](CO)[C@@H](O)[C@@H]%11O)O[C@H]%12O[C@@H]([C@@H](O)[C@H](O)[C@H]%12O)CO,,,,,
450,β-Maltoside,446.45,100,57.00,8.49,6,OC[C@@H](O[C@H]([C@@H]([C@H]1O)O)OCCC2=CC=CC=C2)[C@H]1O[C@@H]3O[C@@H]([C@H]([C@@H]([C@H]3O)O)O)CO,,,,,
451,D-Glucose,180.16,910,110.00,2.32,9,OC[C@H]1OC(O)[C@@H]([C@H]([C@@H]1O)O)O,,,,,
452,D-Fructose,180.16,125,43.00,6.50,9,OC[C@@H](O)[C@@H](O)[C@H](O)C(CO)=O,,,,,
453,L-Fructose,180.16,116.67,58.00,6.40,9,OCC([C@H](O)[C@@H](O)[C@@H](O)CO)=O,,,,,
454,D-Gulose,180.16,200,45.00,4.16,9,O=C[C@H](O)[C@H](O)[C@@H](O)[C@H](O)CO,,,,,
455,L-Arabinose,150.13,200,61.00,5.12,9,O=C[C@@H]([C@H]([C@H](CO)O)O)O,,,,,
456,α-D-Glucopyranose,700.69,910,71.00,14.36,9,O=C(C1=CC=CC=C1)O[C@@H]2[C@H]([C@H](O[C@@H]([C@H]2OC(C3=CC=CC=C3)=O)COC(C4=CC=CC=C4)=O)OC(C5=CC=CC=C5)=O)OC(C6=CC=CC=C6)=O,,,,,
457,D-Mannoheptulose,210.18,66.67,37.00,8.07,9,OCC([C@H]([C@H]([C@@H]([C@@H](CO)O)O)O)O)=O,,,,,
458,"2,5-Anhydro-D-mannose",162.14,250,85.00,13.95,9,OC[C@@H]1[C@H]([C@@H]([C@H](O1)C=O)O)O,,,,,
459,2-Deoxy-D-glucose,164.16,125,16.00,3.37,9,OC1O[C@@H]([C@@H](O)[C@H](O)C1)CO,,,,,
460,D-Glucosamine,179.17,100,13.00,6.05,9,O=C[C@H](N)[C@H]([C@@H]([C@@H](CO)O)O)O,,,,,
461,D-Mannuronic acid sodium,216.12,250,23.00,5.53,9,O=C[C@H]([C@H]([C@@H]([C@@H](C(O[Na])=O)O)O)O)O,,,,,
462,"1,2-O-Isopropylidene-α-D-glucofuranose",220.22,150,36.00,10.28,9,O[C@@H]1[C@]2([H])[C@](OC(C)(O2)C)([H])O[C@]1([H])[C@H](O)CO,,,,,
463,N-Acetyl-D-galactosamine,221.21,125,24.00,4.45,9,CC(N[C@@H]1[C@H]([C@H]([C@H](O[C@@H]1O)CO)O)O)=O,,,,,
464,D-Fructose 1-phosphate,260.14,100,34.00,12.27,9,O[C@H](C(COP(O)(O)=O)=O)[C@@H]([C@@H](CO)O)O,,,,,
465,Diacetone-D-glucose,260.29,100,35.00,9.98,9,O[C@@H]1[C@]2([H])[C@](OC(C)(O2)C)([H])O[C@]1([H])[C@@]3([H])COC(C)(O3)C,,,,,
466,"1,2:4,6-Bis-O-(1-methylethylidene)-L-sorbofuranose",260.28,50,23.00,14.79,9,O[C@@H]1C2(COC(C)(O2)C)O[C@]3([H])[C@@]1([H])OC(C)(OC3)C,,,,,
467,3-O-(Phenylmethyl)-D-mannose,270.28,50,44.00,13.44,9,OC[C@@H](O)[C@@H](O)[C@@H]([C@H](O)C=O)OCC1=CC=CC=C1,,,,,
468,D-Glucosamine sulfate,277.25,125,38.00,12.36,9,O=C[C@H](N)[C@H]([C@@H]([C@@H](CO)O)O)O.O=S(O)(O)=O,,,,,
469,D-Fructose-6-phosphate disodium,304.10,100,27.00,8.52,9,OCC([C@H]([C@@H]([C@@H](COP(O[Na])(O[Na])=O)O)O)O)=O,,,,,
470,Fructosyl-lysine,308.33,50,31.00,14.09,9,N[C@H](C(O)=O)CCCCNCC([C@@H](O)[C@H](O)[C@H](O)CO)=O,,,,,
471,Fosfructose trisodium,406.06,150,38.00,7.81,9,O[C@H](C(COP(O)(O[Na])=O)=O)[C@@H]([C@@H](COP(O[Na])(O[Na])=O)O)O,,,,,
472,Fosfructose,340.12,60,41.00,6.42,9,O=P(O)(O)OCC([C@@H](O)[C@H](O)[C@H](O)COP(O)(O)=O)=O,,,,,
473,"1,2:5,6-Di-O-cyclohexylidene-α-D-glucofuranose",340.41,50,54.00,12.77,9,O[C@@H]1[C@@]2([H])OC3(CCCCC3)O[C@@]2([H])O[C@]1([H])[C@]4([H])OC5(CCCCC5)OC4,,,,,
474,Acetofluoro-α-D-mannose,350.29,50,36.00,13.04,9,CC(O[C@H]1[C@@H]([C@H](O[C@@H]([C@H]1OC(C)=O)F)COC(C)=O)OC(C)=O)=O,,,,,
475,2-Deoxy-2-fluoro-D-glucose,182.15,100,39.00,10.48,9,OC[C@@H](O)[C@@H](O)[C@H](O)[C@@H](F)C=O,,,,,
476,UDP-Galactose,566.30,50,63.00,8.84,9,O=C(C=CN1[C@H]2[C@H](O)[C@H](O)[C@@H](COP(OP(O[C@@H]3[C@H](O)[C@@H](O)[C@@H](O)[C@@H](CO)O3)(O)=O)(O)=O)O2)NC1=O,,,,,
477,GDP-L-fucose,589.34,100,65.00,4.46,9,O=C1C(N=CN2[C@H]3[C@H](O)[C@H](O)[C@@H](COP(O)(OP(O)(O[C@@H]4[C@@H](O)[C@H](O)[C@H](O)[C@H](C)O4)=O)=O)O3)=C2N=C(N)N1,,,,,
478,Lactose,342.30,100,29.00,6.99,9,OC[C@@H]1[C@H](O)[C@H](O)[C@@H](O)[C@H](O[C@@H]([C@H](O)[C@@H](O)C=O)[C@H](O)CO)O1,,,,,
479,D-Melibiose,342.30,125,64.00,6.47,9,O=C[C@@H]([C@H]([C@@H]([C@@H](CO[C@@H]1[C@@H]([C@H]([C@H]([C@@H](CO)O1)O)O)O)O)O)O)O,,,,,
480,Laminaribiose,342.30,125,68.00,11.52,9,OC[C@@H](O)[C@@H](O)[C@@H]([C@@H](O)C=O)O[C@@H]1O[C@@H]([C@H]([C@@H]([C@H]1O)O)O)CO,,,,,
481,Nigerose,342.30,125,72.00,6.30,9,OC[C@@H](O)[C@@H](O)[C@@H]([C@@H](O)C=O)O[C@H]1O[C@@H]([C@H]([C@@H]([C@H]1O)O)O)CO,,,,,
482,Lactose-3'-sulfate,422.36,200,68.00,6.19,9,O=C[C@H](O)[C@@H](O)[C@@H]([C@H](O)CO)O[C@H]1[C@@H]([C@H]([C@H]([C@H](O1)CO)O)OS(=O)(O)=O)O,,,,,
483,Erlose,504.44,50,91.00,13.34,9,OC[C@]1(O[C@@H]([C@H]([C@@H]1O)O)CO)O[C@H]2O[C@@H]([C@H]([C@@H]([C@H]2O)O)O[C@H]3O[C@@H]([C@H]([C@@H]([C@H]3O)O)O)CO)CO,,,,,
484,β-D-Maltose octaacetate,678.59,10,68.00,13.76,9,CC(O[C@H]([C@H]([C@@H](O[C@@H]1COC(C)=O)OC(C)=O)OC(C)=O)[C@@H]1O[C@@H]2[C@@H]([C@H]([C@@H]([C@H](O2)COC(C)=O)OC(C)=O)OC(C)=O)OC(C)=O)=O,,,,,
485,Acetobromo-α-D-maltose,699.45,10,91.00,14.87,9,CC(O[C@H]([C@H]([C@H](O[C@@H]1COC(C)=O)Br)OC(C)=O)[C@@H]1O[C@@H]2[C@@H]([C@H]([C@@H]([C@H](O2)COC(C)=O)OC(C)=O)OC(C)=O)OC(C)=O)=O,,,,,
486,Chitobiose dihydrochloride,413.25,250,92.00,7.11,9,O[C@H]([C@@H](N)C=O)[C@@H]([C@H](O)CO)O[C@@H]([C@@H]([C@H]1O)N)O[C@@H]([C@H]1O)CO.Cl.Cl,,,,,
487,D-Dimannuronic acid,370.26,30,22.00,12.85,9,O[C@H]1[C@H]([C@H]([C@@H]([C@@H](C(O)=O)O1)O[C@H]2[C@H]([C@H]([C@@H]([C@@H](C(O)=O)O2)O)O)O)O)O,,,,,
488,Xylotriose,414.36,125,54.00,5.51,9,O[C@H]([C@H]([C@H](O)CO1)O)[C@]1([H])O[C@H]2[C@@H]([C@H]([C@H](O[C@H](CO)[C@H](O)[C@@H](O)C=O)OC2)O)O,,,,,
489,3-Fucosyllactose,488.44,125,70.00,4.17,9,O[C@@H]([C@@H]([C@@H]([C@@H](O1)C)O)O)[C@@H]1O[C@H]([C@@H](O)C=O)[C@@H]([C@H](O)CO)O[C@@H]2O[C@@H]([C@@H]([C@@H]([C@H]2O)O)O)CO,,,,,
490,Maltotriose,504.44,250,82.00,3.98,9,OC[C@@H](O[C@@]1(O[C@@H]2[C@@H](CO)O[C@@H]([C@@H]([C@H]2O)O)O[C@@]([H])([C@@H]([C@H](C=O)O)O)[C@@H](CO)O)[H])[C@H]([C@@H]([C@H]1O)O)O,,,,,
491,Isomaltotriose,504.44,125,74.00,6.54,9,O=C[C@@H]([C@H]([C@@H]([C@@H](CO[C@@H]1[C@@H]([C@H]([C@@H]([C@@H](CO[C@@H]2[C@@H]([C@H]([C@@H]([C@@H](CO)O2)O)O)O)O1)O)O)O)O)O)O)O,,,,,
492,Manninotriose,504.44,125,50.00,7.98,9,O[C@@H]([C@@H](O)[C@H](O)[C@@H](O)C=O)CO[C@H]([C@@H]([C@@H](O)[C@H]1O)O)O[C@@H]1CO[C@H]([C@@H]([C@@H](O)[C@H]2O)O)O[C@@H]2CO,,,,,
493,D-Trimannuronic acid,546.39,20,68.00,13.61,9,OC([C@@H](O[C@H]1O[C@@H]([C@@H]([C@@H]2O)O)[C@H](O[C@H]2O)C(O)=O)[C@H]([C@@H]([C@@H]1O)O)O[C@@H]([C@H]([C@H]3O)O)O[C@@H]([C@H]3O)C(O)=O)=O,,,,,
494,Nystose,666.58,100,81.00,7.47,9,O[C@@H]1[C@@](CO[C@@]2(O[C@H](CO)[C@@H](O)[C@@H]2O)CO[C@@]3(O[C@H](CO)[C@@H](O)[C@@H]3O)CO)(O[C@H](CO)[C@H]1O)O[C@H]([C@@H]([C@@H](O)[C@@H]4O)O)O[C@@H]4CO,,,,,
495,Isomaltotetraose,666.58,100,68.00,4.74,9,OC[C@H]([C@H]([C@@H]([C@H]1O)O)O)O[C@@H]1OC[C@H]([C@H]([C@@H]([C@H]2O)O)O)O[C@@H]2OC[C@H]([C@H]([C@@H]([C@H]3O)O)O)O[C@@H]3OC[C@H]([C@H]([C@@H]([C@H]4O)O)O)O[C@@H]4O,,,,,
496,"1,4-β-D-Xylopentaose",678.59,100,95.00,8.25,9,O[C@H]([C@H]([C@H](O[C@@]1([H])[C@@H]([C@H]([C@H](O)CO1)O)O)CO2)O)[C@]2([H])O[C@H]3[C@@H]([C@H]([C@H](O[C@@]4([H])[C@@H]([C@H]([C@H](O[C@H](CO)[C@H](O)[C@@H](O)C=O)OC4)O)O)OC3)O)O,,,,,
497,D-Panose,504.44,125,50.00,5.88,9,O=C[C@H](O)[C@@H](O)[C@@H]([C@H](O)CO)O[C@H]1O[C@@H]([C@H]([C@@H]([C@H]1O)O)O)CO[C@H]2O[C@@H]([C@H]([C@@H]([C@H]2O)O)O)CO,,,,,
498,Lacto-N-fucopentaose I,853.77,125,75.00,7.02,9,CC(N[C@@H]1[C@H]([C@@H]([C@@H](CO)O[C@H]1O[C@]2([H])[C@H]([C@@H](O[C@H](CO)[C@@H]2O)O[C@@]([C@H](O)CO)([H])[C@H](O)[C@@H](O)C=O)O)O)O[C@@]3([H])[C@@H]([C@H]([C@@H](O)[C@@H](CO)O3)O)O[C@@]4([H])[C@H]([C@@H]([C@H](O)[C@H](C)O4)O)O)=O,,,,,
499,Lacto-N-difucohexaose I,999.91,50,92.00,10.97,9,O[C@@H]([C@@H]([C@@H]([C@@H](O1)C)O)O)[C@@H]1O[C@H]([C@H](O[C@H]([C@@H]2NC(C)=O)O[C@@H]3[C@H]([C@@H](O[C@@H]([C@@H]3O)CO)O[C@H]([C@H](O)CO)[C@H](O)[C@@H](O)C=O)O)CO)[C@@H]2O[C@H]4[C@@H]([C@H]([C@H]([C@H](O4)CO)O)O)O[C@H]5[C@H]([C@@H]([C@@H]([C@@H](O5)C)O)O)O,,,,,
500,Fructo-oligosaccharide DP7/GF6,1153.00,100,102.00,7.93,9,OC[C@]1(O[C@H](CO)[C@@H](O)[C@@H]1O)OC[C@]2(O[C@H](CO)[C@@H](O)[C@@H]2O)OC[C@]3(O[C@H](CO)[C@@H](O)[C@@H]3O)OC[C@]4(O[C@H](CO)[C@@H](O)[C@@H]4O)OC[C@]5(O[C@H](CO)[C@@H](O)[C@@H]5O)OC[C@]6(O[C@H](CO)[C@@H](O)[C@@H]6O)O[C@H]7O[C@@H]([C@@H](O)[C@H](O)[C@H]7O)CO,,,,,
501,D-Nonamannuronic acid,1603.13,10,105.00,13.97,9,OC([C@@H](O[C@H]1O[C@@H]([C@@H]([C@@H]2O)O)[C@H](O[C@H]2O[C@@H]([C@@H]([C@@H]3O)O)[C@H](O[C@H]3O[C@@H]([C@@H]([C@@H]4O)O)[C@H](O[C@H]4O[C@@H]([C@@H]([C@@H]5O)O)[C@H](O[C@H]5O)C(O)=O)C(O)=O)C(O)=O)C(O)=O)[C@H]([C@@H]([C@@H]1O)O)O[C@@H]([C@H]([C@H]6O)O)O[C@@H]([C@H]6O[C@@H]([C@H]([C@H]7O)O)O[C@@H]([C@H]7O[C@@H]([C@H]([C@H]8O)O)O[C@@H]([C@H]8O[C@@H]([C@H]([C@H]9O)O)O[C@@H]([C@H]9O)C(O)=O)C(O)=O)C(O)=O)C(O)=O)=O,,,,,
502,Isomannide,146.14,100,32.00,6.46,9,O[C@H]1[C@]2([H])[C@@](OC1)([H])[C@@H](CO2)O,,,,,
503,Ribitol,152.15,33.33,5.00,14.33,9,OC[C@@H](O)[C@@H](O)[C@@H](O)CO,,,,,
504,"1,5-Anhydrosorbitol",164.16,50,-9.00,7.63,9,OC[C@@H]1[C@@H](O)[C@H](O)[C@H](CO1)O,,,,,
505,L-Fucitol,166.17,125,7.00,3.89,9,C[C@@H]([C@H]([C@H]([C@@H](CO)O)O)O)O,,,,,
506,i-Inositol,180.16,62.5,-13.00,8.48,9,O[C@H]1[C@H]([C@H]([C@@H]([C@H]([C@@H]1O)O)O)O)O,,,,,
507,D-Tagitol,182.17,25,24.00,13.60,9,OC[C@@H](O)[C@@H](O)[C@@H](O)[C@H](O)CO,,,,,
508,Meglumine,195.21,50,-18.00,14.90,9,O[C@H]([C@H]([C@@H]([C@@H](CO)O)O)O)CNC,,,,,
509,Ethyl β-D-fructofuranoside,208.21,100,48.00,12.50,9,CCO[C@@]1(O[C@H](CO)[C@@H](O)[C@@H]1O)CO,,,,,
510,3-O-(Phenylmethyl)-D-glucose,270.28,50,60.00,12.19,9,OC[C@@H](O)[C@@H](O)[C@@H]([C@@H](O)C=O)OCC1=CC=CC=C1,,,,,
511,Thiodigalactoside,358.36,100,41.00,6.50,9,O[C@H]([C@H]1O)[C@@H](O[C@@H]([C@@H]1O)CO)S[C@@H]([C@@H]([C@H]2O)O)O[C@@H]([C@@H]2O)CO,,,,,
512,Astringin,406.38,100,85.00,4.55,9,OC1=C(O)C=CC(/C=C/C2=CC(O)=CC(O[C@@H]3O[C@@H]([C@@H](O)[C@H](O)[C@H]3O)CO)=C2)=C1,,,,,
513,Emodin-1-O-β-D-glucopyranoside,432.38,100,94.00,8.34,9,O=C1C2=C(C=C(O)C=C2O)C(C3=CC(C)=CC(O[C@H]4[C@@H]([C@H]([C@@H]([C@@H](CO)O4)O)O)O)=C13)=O,,,,,
514,Diosmetin-7-O-β-D-glucopyranoside,462.40,50,86.00,12.44,9,O=C(C=C(C1=CC(O)=C(OC)C=C1)OC2=CC(O[C@@H]([C@@H]([C@@H](O)[C@@H]3O)O)O[C@@H]3CO)=C4)C2=C4O,,,,,
515,Taxifolin 7-O-β-D-glucoside,466.39,100,62.00,7.45,9,O=C1C(C(O[C@H](C(C=C2)=CC(O)=C2O)[C@H]1O)=CC(O[C@@H]([C@@H]([C@H]3O)O)O[C@@H]([C@H]3O)CO)=C4)=C4O,,,,,
516,Kuromanin chloride,484.84,25,68.00,14.52,9,O[C@H]([C@@H](O)[C@@H]1O)[C@@H](O[C@@H]1CO)OC(C(C2=CC(O)=C(O)C=C2)=[O+]C3=CC(O)=C4)=CC3=C4O.[Cl-],,,,,
517,Delphinidin 3-O-β-D-glucoside chloride,500.84,10,80.00,13.19,9,OC1=CC(O)=CC2=C1C=C(C(C3=CC(O)=C(C(O)=C3)O)=[O+]2)O[C@@H]4O[C@@H]([C@H]([C@@H]([C@H]4O)O)O)CO.[Cl-],,,,,
518,Rubusoside,642.73,10,81.00,3.47,9,C[C@]([C@]1([H])CC2)(CCC[C@@]1(C)C(O[C@@H]([C@@H]([C@@H](O)[C@@H]3O)O)O[C@@H]3CO)=O)[C@@]4([H])[C@]2(CC5=C)C[C@@]5(O[C@]([C@@H]([C@@H](O)[C@@H]6O)O)([H])O[C@@H]6CO)CC4,,,,,
519,Pinoresinol Diglucoside,682.67,6.9,71.00,11.96,9,COC(C=C1[C@@H]2[C@](CO[C@@H]3C4=CC(OC)=C(O[C@@H]([C@@H]([C@@H](O)[C@@H]5O)O)O[C@@H]5CO)C=C4)([H])[C@]3([H])CO2)=C(C=C1)O[C@@H]([C@@H]([C@@H](O)[C@@H]6O)O)O[C@@H]6CO,,,,,
520,Mogroside IIe,801.01,100,96.00,7.12,9,C[C@]12[C@](CC=C3[C@@]2([H])CC[C@H](O[C@]4([H])O[C@@H]([C@@H](O)[C@H](O)[C@H]4O)CO)C3(C)C)([H])[C@]5([C@@](C)([C@]([C@H](C)CC[C@H](C(C)(O)C)O[C@@H]6O[C@@H]([C@@H](O)[C@H](O)[C@H]6O)CO)([H])CC5)C[C@H]1O)C,,,,,
521,Rebaudioside B,804.87,100,71.00,7.04,9,C[C@]12[C@@]3([H])[C@@](C4)(CC[C@]1([H])[C@@](C)(CCC2)C(O)=O)C[C@@](C4=C)(O[C@@]5([H])[C@@H]([C@H]([C@H](O)[C@@H](CO)O5)O[C@]6([H])O[C@@H]([C@@H](O)[C@H](O)[C@H]6O)CO)O[C@]7([H])O[C@@H]([C@@H](O)[C@H](O)[C@H]7O)CO)CC3,,,,,
522,Mogroside V,1287.43,50,61.00,13.40,9,C[C@@]([C@@](CC[C@H](O[C@]([C@@H]([C@@H](O)[C@@H]1O)O)([H])O[C@@H]1CO[C@@H]([C@@H]([C@@H](O)[C@@H]2O)O)O[C@@H]2CO)C3(C)C)([H])C3=CC4)([C@@H](C[C@@]56C)O)[C@]4([H])[C@@]5(CC[C@]6([H])[C@H](C)CC[C@H](C(C)(O)C)O[C@H](O[C@H](CO[C@@H]([C@@H]([C@@H](O)[C@@H]7O)O)O[C@@H]7CO)[C@@H](O)[C@@H]8O)[C@@H]8O[C@]([C@@H]([C@@H](O)[C@@H]9O)O)([H])O[C@@H]9CO)C,,,,,
523,Rebaudioside M ,1291.29,100,141.00,6.97,9,C[C@]12[C@@]3([H])[C@@](C4)(CC[C@]1([H])[C@@](C)(CCC2)C(O[C@H]5[C@@H]([C@H]([C@H](O)[C@@H](CO)O5)O[C@]6([H])O[C@@H]([C@@H](O)[C@H](O)[C@H]6O)CO)O[C@]7([H])O[C@@H]([C@@H](O)[C@H](O)[C@H]7O)CO)=O)C[C@@](C4=C)(O[C@@]8([H])[C@@H]([C@H]([C@H](O)[C@@H](CO)O8)O[C@]9([H])O[C@@H]([C@@H](O)[C@H](O)[C@H]9O)CO)O[C@]%10([H])O[C@@H]([C@@H](O)[C@H](O)[C@H]%10O)CO)CC3,,,,,
524,Fructo-oligosaccharide DP12/GF11,1962.69,100,165.00,14.29,9,OC[C@]1(O[C@H](CO)[C@@H](O)[C@@H]1O)OC[C@]2(O[C@H](CO)[C@@H](O)[C@@H]2O)OC[C@]3(O[C@H](CO)[C@@H](O)[C@@H]3O)OC[C@]4(O[C@H](CO)[C@@H](O)[C@@H]4O)OC[C@]5(O[C@H](CO)[C@@H](O)[C@@H]5O)OC[C@]6(O[C@H](CO)[C@@H](O)[C@@H]6O)OC[C@]7(O[C@H](CO)[C@@H](O)[C@@H]7[O])OC[C@]8(O[C@H](CO)[C@@H](O)[C@@H]8O)OC[C@]9(O[C@H](CO)[C@@H](O)[C@@H]9O)OC[C@]%10(O[C@H](CO)[C@@H](O)[C@@H]%10O)OC[C@]%11(O[C@H](CO)[C@@H](O)[C@@H]%11O)O[C@H]%12O[C@@H]([C@@H](O)[C@H](O)[C@H]%12O)CO,,,,,
525,β-Maltoside,446.45,100,57.00,10.03,9,OC[C@@H](O[C@H]([C@@H]([C@H]1O)O)OCCC2=CC=CC=C2)[C@H]1O[C@@H]3O[C@@H]([C@H]([C@@H]([C@H]3O)O)O)CO,,,,,
526,D-Glucose,180.16,910,110.00,2.94,12,OC[C@H]1OC(O)[C@@H]([C@H]([C@@H]1O)O)O,,,,,
527,D-Fructose,180.16,125,43.00,7.67,12,OC[C@@H](O)[C@@H](O)[C@H](O)C(CO)=O,,,,,
528,L-Fructose,180.16,116.67,58.00,8.03,12,OCC([C@H](O)[C@@H](O)[C@@H](O)CO)=O,,,,,
529,D-Gulose,180.16,200,45.00,4.83,12,O=C[C@H](O)[C@H](O)[C@@H](O)[C@H](O)CO,,,,,
530,L-Arabinose,150.13,200,61.00,7.02,12,O=C[C@@H]([C@H]([C@H](CO)O)O)O,,,,,
531,α-D-Glucopyranose,700.69,910,71.00,14.69,12,O=C(C1=CC=CC=C1)O[C@@H]2[C@H]([C@H](O[C@@H]([C@H]2OC(C3=CC=CC=C3)=O)COC(C4=CC=CC=C4)=O)OC(C5=CC=CC=C5)=O)OC(C6=CC=CC=C6)=O,,,,,
532,D-Mannoheptulose,210.18,66.67,37.00,9.08,12,OCC([C@H]([C@H]([C@@H]([C@@H](CO)O)O)O)O)=O,,,,,
533,"2,5-Anhydro-D-mannose",162.14,250,85.00,14.42,12,OC[C@@H]1[C@H]([C@@H]([C@H](O1)C=O)O)O,,,,,
534,2-Deoxy-D-glucose,164.16,125,16.00,4.38,12,OC1O[C@@H]([C@@H](O)[C@H](O)C1)CO,,,,,
535,D-Glucosamine,179.17,100,13.00,8.10,12,O=C[C@H](N)[C@H]([C@@H]([C@@H](CO)O)O)O,,,,,
536,D-Mannuronic acid sodium,216.12,250,23.00,8.14,12,O=C[C@H]([C@H]([C@@H]([C@@H](C(O[Na])=O)O)O)O)O,,,,,
537,"1,2-O-Isopropylidene-α-D-glucofuranose",220.22,150,36.00,12.56,12,O[C@@H]1[C@]2([H])[C@](OC(C)(O2)C)([H])O[C@]1([H])[C@H](O)CO,,,,,
538,N-Acetyl-D-galactosamine,221.21,125,24.00,5.49,12,CC(N[C@@H]1[C@H]([C@H]([C@H](O[C@@H]1O)CO)O)O)=O,,,,,
539,D-Fructose 1-phosphate,260.14,100,34.00,14.61,12,O[C@H](C(COP(O)(O)=O)=O)[C@@H]([C@@H](CO)O)O,,,,,
540,Diacetone-D-glucose,260.29,100,35.00,11.85,12,O[C@@H]1[C@]2([H])[C@](OC(C)(O2)C)([H])O[C@]1([H])[C@@]3([H])COC(C)(O3)C,,,,,
541,"1,2:4,6-Bis-O-(1-methylethylidene)-L-sorbofuranose",260.28,50,23.00,14.91,12,O[C@@H]1C2(COC(C)(O2)C)O[C@]3([H])[C@@]1([H])OC(C)(OC3)C,,,,,
542,3-O-(Phenylmethyl)-D-mannose,270.28,50,44.00,14.63,12,OC[C@@H](O)[C@@H](O)[C@@H]([C@H](O)C=O)OCC1=CC=CC=C1,,,,,
543,D-Glucosamine sulfate,277.25,125,38.00,14.24,12,O=C[C@H](N)[C@H]([C@@H]([C@@H](CO)O)O)O.O=S(O)(O)=O,,,,,
544,D-Fructose-6-phosphate disodium,304.10,100,27.00,9.93,12,OCC([C@H]([C@@H]([C@@H](COP(O[Na])(O[Na])=O)O)O)O)=O,,,,,
545,Fructosyl-lysine,308.33,50,31.00,14.49,12,N[C@H](C(O)=O)CCCCNCC([C@@H](O)[C@H](O)[C@H](O)CO)=O,,,,,
546,Fosfructose trisodium,406.06,150,38.00,10.38,12,O[C@H](C(COP(O)(O[Na])=O)=O)[C@@H]([C@@H](COP(O[Na])(O[Na])=O)O)O,,,,,
547,Fosfructose,340.12,60,41.00,7.45,12,O=P(O)(O)OCC([C@@H](O)[C@H](O)[C@H](O)COP(O)(O)=O)=O,,,,,
548,"1,2:5,6-Di-O-cyclohexylidene-α-D-glucofuranose",340.41,50,54.00,14.43,12,O[C@@H]1[C@@]2([H])OC3(CCCCC3)O[C@@]2([H])O[C@]1([H])[C@]4([H])OC5(CCCCC5)OC4,,,,,
549,Acetofluoro-α-D-mannose,350.29,50,36.00,14.62,12,CC(O[C@H]1[C@@H]([C@H](O[C@@H]([C@H]1OC(C)=O)F)COC(C)=O)OC(C)=O)=O,,,,,
550,2-Deoxy-2-fluoro-D-glucose,182.15,100,39.00,10.97,12,OC[C@@H](O)[C@@H](O)[C@H](O)[C@@H](F)C=O,,,,,
551,UDP-Galactose,566.30,50,63.00,11.98,12,O=C(C=CN1[C@H]2[C@H](O)[C@H](O)[C@@H](COP(OP(O[C@@H]3[C@H](O)[C@@H](O)[C@@H](O)[C@@H](CO)O3)(O)=O)(O)=O)O2)NC1=O,,,,,
552,GDP-L-fucose,589.34,100,65.00,5.79,12,O=C1C(N=CN2[C@H]3[C@H](O)[C@H](O)[C@@H](COP(O)(OP(O)(O[C@@H]4[C@@H](O)[C@H](O)[C@H](O)[C@H](C)O4)=O)=O)O3)=C2N=C(N)N1,,,,,
553,Lactose,342.30,100,29.00,8.63,12,OC[C@@H]1[C@H](O)[C@H](O)[C@@H](O)[C@H](O[C@@H]([C@H](O)[C@@H](O)C=O)[C@H](O)CO)O1,,,,,
554,D-Melibiose,342.30,125,64.00,7.64,12,O=C[C@@H]([C@H]([C@@H]([C@@H](CO[C@@H]1[C@@H]([C@H]([C@H]([C@@H](CO)O1)O)O)O)O)O)O)O,,,,,
555,Laminaribiose,342.30,125,68.00,11.84,12,OC[C@@H](O)[C@@H](O)[C@@H]([C@@H](O)C=O)O[C@@H]1O[C@@H]([C@H]([C@@H]([C@H]1O)O)O)CO,,,,,
556,Nigerose,342.30,125,72.00,8.15,12,OC[C@@H](O)[C@@H](O)[C@@H]([C@@H](O)C=O)O[C@H]1O[C@@H]([C@H]([C@@H]([C@H]1O)O)O)CO,,,,,
557,Lactose-3'-sulfate,422.36,200,68.00,7.33,12,O=C[C@H](O)[C@@H](O)[C@@H]([C@H](O)CO)O[C@H]1[C@@H]([C@H]([C@H]([C@H](O1)CO)O)OS(=O)(O)=O)O,,,,,
558,Erlose,504.44,50,91.00,14.69,12,OC[C@]1(O[C@@H]([C@H]([C@@H]1O)O)CO)O[C@H]2O[C@@H]([C@H]([C@@H]([C@H]2O)O)O[C@H]3O[C@@H]([C@H]([C@@H]([C@H]3O)O)O)CO)CO,,,,,
559,β-D-Maltose octaacetate,678.59,10,68.00,14.42,12,CC(O[C@H]([C@H]([C@@H](O[C@@H]1COC(C)=O)OC(C)=O)OC(C)=O)[C@@H]1O[C@@H]2[C@@H]([C@H]([C@@H]([C@H](O2)COC(C)=O)OC(C)=O)OC(C)=O)OC(C)=O)=O,,,,,
560,Acetobromo-α-D-maltose,699.45,10,91.00,14.94,12,CC(O[C@H]([C@H]([C@H](O[C@@H]1COC(C)=O)Br)OC(C)=O)[C@@H]1O[C@@H]2[C@@H]([C@H]([C@@H]([C@H](O2)COC(C)=O)OC(C)=O)OC(C)=O)OC(C)=O)=O,,,,,
561,Chitobiose dihydrochloride,413.25,250,92.00,8.75,12,O[C@H]([C@@H](N)C=O)[C@@H]([C@H](O)CO)O[C@@H]([C@@H]([C@H]1O)N)O[C@@H]([C@H]1O)CO.Cl.Cl,,,,,
562,D-Dimannuronic acid,370.26,30,22.00,14.18,12,O[C@H]1[C@H]([C@H]([C@@H]([C@@H](C(O)=O)O1)O[C@H]2[C@H]([C@H]([C@@H]([C@@H](C(O)=O)O2)O)O)O)O)O,,,,,
563,Xylotriose,414.36,125,54.00,6.94,12,O[C@H]([C@H]([C@H](O)CO1)O)[C@]1([H])O[C@H]2[C@@H]([C@H]([C@H](O[C@H](CO)[C@H](O)[C@@H](O)C=O)OC2)O)O,,,,,
564,3-Fucosyllactose,488.44,125,70.00,5.07,12,O[C@@H]([C@@H]([C@@H]([C@@H](O1)C)O)O)[C@@H]1O[C@H]([C@@H](O)C=O)[C@@H]([C@H](O)CO)O[C@@H]2O[C@@H]([C@@H]([C@@H]([C@H]2O)O)O)CO,,,,,
565,Maltotriose,504.44,250,82.00,4.77,12,OC[C@@H](O[C@@]1(O[C@@H]2[C@@H](CO)O[C@@H]([C@@H]([C@H]2O)O)O[C@@]([H])([C@@H]([C@H](C=O)O)O)[C@@H](CO)O)[H])[C@H]([C@@H]([C@H]1O)O)O,,,,,
566,Isomaltotriose,504.44,125,74.00,7.11,12,O=C[C@@H]([C@H]([C@@H]([C@@H](CO[C@@H]1[C@@H]([C@H]([C@@H]([C@@H](CO[C@@H]2[C@@H]([C@H]([C@@H]([C@@H](CO)O2)O)O)O)O1)O)O)O)O)O)O)O,,,,,
567,Manninotriose,504.44,125,50.00,10.65,12,O[C@@H]([C@@H](O)[C@H](O)[C@@H](O)C=O)CO[C@H]([C@@H]([C@@H](O)[C@H]1O)O)O[C@@H]1CO[C@H]([C@@H]([C@@H](O)[C@H]2O)O)O[C@@H]2CO,,,,,
568,D-Trimannuronic acid,546.39,20,68.00,14.21,12,OC([C@@H](O[C@H]1O[C@@H]([C@@H]([C@@H]2O)O)[C@H](O[C@H]2O)C(O)=O)[C@H]([C@@H]([C@@H]1O)O)O[C@@H]([C@H]([C@H]3O)O)O[C@@H]([C@H]3O)C(O)=O)=O,,,,,
569,Nystose,666.58,100,81.00,8.36,12,O[C@@H]1[C@@](CO[C@@]2(O[C@H](CO)[C@@H](O)[C@@H]2O)CO[C@@]3(O[C@H](CO)[C@@H](O)[C@@H]3O)CO)(O[C@H](CO)[C@H]1O)O[C@H]([C@@H]([C@@H](O)[C@@H]4O)O)O[C@@H]4CO,,,,,
570,Isomaltotetraose,666.58,100,68.00,6.43,12,OC[C@H]([C@H]([C@@H]([C@H]1O)O)O)O[C@@H]1OC[C@H]([C@H]([C@@H]([C@H]2O)O)O)O[C@@H]2OC[C@H]([C@H]([C@@H]([C@H]3O)O)O)O[C@@H]3OC[C@H]([C@H]([C@@H]([C@H]4O)O)O)O[C@@H]4O,,,,,
571,"1,4-β-D-Xylopentaose",678.59,100,95.00,9.64,12,O[C@H]([C@H]([C@H](O[C@@]1([H])[C@@H]([C@H]([C@H](O)CO1)O)O)CO2)O)[C@]2([H])O[C@H]3[C@@H]([C@H]([C@H](O[C@@]4([H])[C@@H]([C@H]([C@H](O[C@H](CO)[C@H](O)[C@@H](O)C=O)OC4)O)O)OC3)O)O,,,,,
572,D-Panose,504.44,125,50.00,7.34,12,O=C[C@H](O)[C@@H](O)[C@@H]([C@H](O)CO)O[C@H]1O[C@@H]([C@H]([C@@H]([C@H]1O)O)O)CO[C@H]2O[C@@H]([C@H]([C@@H]([C@H]2O)O)O)CO,,,,,
573,Lacto-N-fucopentaose I,853.77,125,75.00,8.54,12,CC(N[C@@H]1[C@H]([C@@H]([C@@H](CO)O[C@H]1O[C@]2([H])[C@H]([C@@H](O[C@H](CO)[C@@H]2O)O[C@@]([C@H](O)CO)([H])[C@H](O)[C@@H](O)C=O)O)O)O[C@@]3([H])[C@@H]([C@H]([C@@H](O)[C@@H](CO)O3)O)O[C@@]4([H])[C@H]([C@@H]([C@H](O)[C@H](C)O4)O)O)=O,,,,,
574,Lacto-N-difucohexaose I,999.91,50,92.00,13.45,12,O[C@@H]([C@@H]([C@@H]([C@@H](O1)C)O)O)[C@@H]1O[C@H]([C@H](O[C@H]([C@@H]2NC(C)=O)O[C@@H]3[C@H]([C@@H](O[C@@H]([C@@H]3O)CO)O[C@H]([C@H](O)CO)[C@H](O)[C@@H](O)C=O)O)CO)[C@@H]2O[C@H]4[C@@H]([C@H]([C@H]([C@H](O4)CO)O)O)O[C@H]5[C@H]([C@@H]([C@@H]([C@@H](O5)C)O)O)O,,,,,
575,Fructo-oligosaccharide DP7/GF6,1153.00,100,102.00,9.12,12,OC[C@]1(O[C@H](CO)[C@@H](O)[C@@H]1O)OC[C@]2(O[C@H](CO)[C@@H](O)[C@@H]2O)OC[C@]3(O[C@H](CO)[C@@H](O)[C@@H]3O)OC[C@]4(O[C@H](CO)[C@@H](O)[C@@H]4O)OC[C@]5(O[C@H](CO)[C@@H](O)[C@@H]5O)OC[C@]6(O[C@H](CO)[C@@H](O)[C@@H]6O)O[C@H]7O[C@@H]([C@@H](O)[C@H](O)[C@H]7O)CO,,,,,
576,D-Nonamannuronic acid,1603.13,10,105.00,14.49,12,OC([C@@H](O[C@H]1O[C@@H]([C@@H]([C@@H]2O)O)[C@H](O[C@H]2O[C@@H]([C@@H]([C@@H]3O)O)[C@H](O[C@H]3O[C@@H]([C@@H]([C@@H]4O)O)[C@H](O[C@H]4O[C@@H]([C@@H]([C@@H]5O)O)[C@H](O[C@H]5O)C(O)=O)C(O)=O)C(O)=O)C(O)=O)[C@H]([C@@H]([C@@H]1O)O)O[C@@H]([C@H]([C@H]6O)O)O[C@@H]([C@H]6O[C@@H]([C@H]([C@H]7O)O)O[C@@H]([C@H]7O[C@@H]([C@H]([C@H]8O)O)O[C@@H]([C@H]8O[C@@H]([C@H]([C@H]9O)O)O[C@@H]([C@H]9O)C(O)=O)C(O)=O)C(O)=O)C(O)=O)=O,,,,,
577,Isomannide,146.14,100,32.00,7.38,12,O[C@H]1[C@]2([H])[C@@](OC1)([H])[C@@H](CO2)O,,,,,
578,Ribitol,152.15,33.33,5.00,14.86,12,OC[C@@H](O)[C@@H](O)[C@@H](O)CO,,,,,
579,"1,5-Anhydrosorbitol",164.16,50,-9.00,10.26,12,OC[C@@H]1[C@@H](O)[C@H](O)[C@H](CO1)O,,,,,
580,L-Fucitol,166.17,125,7.00,4.93,12,C[C@@H]([C@H]([C@H]([C@@H](CO)O)O)O)O,,,,,
581,i-Inositol,180.16,62.5,-13.00,9.55,12,O[C@H]1[C@H]([C@H]([C@@H]([C@H]([C@@H]1O)O)O)O)O,,,,,
582,D-Tagitol,182.17,25,24.00,14.68,12,OC[C@@H](O)[C@@H](O)[C@@H](O)[C@H](O)CO,,,,,
583,Meglumine,195.21,50,-18.00,14.97,12,O[C@H]([C@H]([C@@H]([C@@H](CO)O)O)O)CNC,,,,,
584,Ethyl β-D-fructofuranoside,208.21,100,48.00,13.95,12,CCO[C@@]1(O[C@H](CO)[C@@H](O)[C@@H]1O)CO,,,,,
585,3-O-(Phenylmethyl)-D-glucose,270.28,50,60.00,14.53,12,OC[C@@H](O)[C@@H](O)[C@@H]([C@@H](O)C=O)OCC1=CC=CC=C1,,,,,
586,Thiodigalactoside,358.36,100,41.00,8.26,12,O[C@H]([C@H]1O)[C@@H](O[C@@H]([C@@H]1O)CO)S[C@@H]([C@@H]([C@H]2O)O)O[C@@H]([C@@H]2O)CO,,,,,
587,Astringin,406.38,100,85.00,5.31,12,OC1=C(O)C=CC(/C=C/C2=CC(O)=CC(O[C@@H]3O[C@@H]([C@@H](O)[C@H](O)[C@H]3O)CO)=C2)=C1,,,,,
588,Emodin-1-O-β-D-glucopyranoside,432.38,100,94.00,10.40,12,O=C1C2=C(C=C(O)C=C2O)C(C3=CC(C)=CC(O[C@H]4[C@@H]([C@H]([C@@H]([C@@H](CO)O4)O)O)O)=C13)=O,,,,,
589,Diosmetin-7-O-β-D-glucopyranoside,462.40,50,86.00,13.83,12,O=C(C=C(C1=CC(O)=C(OC)C=C1)OC2=CC(O[C@@H]([C@@H]([C@@H](O)[C@@H]3O)O)O[C@@H]3CO)=C4)C2=C4O,,,,,
590,Taxifolin 7-O-β-D-glucoside,466.39,100,62.00,9.42,12,O=C1C(C(O[C@H](C(C=C2)=CC(O)=C2O)[C@H]1O)=CC(O[C@@H]([C@@H]([C@H]3O)O)O[C@@H]([C@H]3O)CO)=C4)=C4O,,,,,
591,Kuromanin chloride,484.84,25,68.00,14.84,12,O[C@H]([C@@H](O)[C@@H]1O)[C@@H](O[C@@H]1CO)OC(C(C2=CC(O)=C(O)C=C2)=[O+]C3=CC(O)=C4)=CC3=C4O.[Cl-],,,,,
592,Delphinidin 3-O-β-D-glucoside chloride,500.84,10,80.00,14.51,12,OC1=CC(O)=CC2=C1C=C(C(C3=CC(O)=C(C(O)=C3)O)=[O+]2)O[C@@H]4O[C@@H]([C@H]([C@@H]([C@H]4O)O)O)CO.[Cl-],,,,,
593,Rubusoside,642.73,10,81.00,3.96,12,C[C@]([C@]1([H])CC2)(CCC[C@@]1(C)C(O[C@@H]([C@@H]([C@@H](O)[C@@H]3O)O)O[C@@H]3CO)=O)[C@@]4([H])[C@]2(CC5=C)C[C@@]5(O[C@]([C@@H]([C@@H](O)[C@@H]6O)O)([H])O[C@@H]6CO)CC4,,,,,
594,Pinoresinol Diglucoside,682.67,6.9,71.00,14.30,12,COC(C=C1[C@@H]2[C@](CO[C@@H]3C4=CC(OC)=C(O[C@@H]([C@@H]([C@@H](O)[C@@H]5O)O)O[C@@H]5CO)C=C4)([H])[C@]3([H])CO2)=C(C=C1)O[C@@H]([C@@H]([C@@H](O)[C@@H]6O)O)O[C@@H]6CO,,,,,
595,Mogroside IIe,801.01,100,96.00,8.64,12,C[C@]12[C@](CC=C3[C@@]2([H])CC[C@H](O[C@]4([H])O[C@@H]([C@@H](O)[C@H](O)[C@H]4O)CO)C3(C)C)([H])[C@]5([C@@](C)([C@]([C@H](C)CC[C@H](C(C)(O)C)O[C@@H]6O[C@@H]([C@@H](O)[C@H](O)[C@H]6O)CO)([H])CC5)C[C@H]1O)C,,,,,
596,Rebaudioside B,804.87,100,71.00,8.51,12,C[C@]12[C@@]3([H])[C@@](C4)(CC[C@]1([H])[C@@](C)(CCC2)C(O)=O)C[C@@](C4=C)(O[C@@]5([H])[C@@H]([C@H]([C@H](O)[C@@H](CO)O5)O[C@]6([H])O[C@@H]([C@@H](O)[C@H](O)[C@H]6O)CO)O[C@]7([H])O[C@@H]([C@@H](O)[C@H](O)[C@H]7O)CO)CC3,,,,,
597,Mogroside V,1287.43,50,61.00,14.77,12,C[C@@]([C@@](CC[C@H](O[C@]([C@@H]([C@@H](O)[C@@H]1O)O)([H])O[C@@H]1CO[C@@H]([C@@H]([C@@H](O)[C@@H]2O)O)O[C@@H]2CO)C3(C)C)([H])C3=CC4)([C@@H](C[C@@]56C)O)[C@]4([H])[C@@]5(CC[C@]6([H])[C@H](C)CC[C@H](C(C)(O)C)O[C@H](O[C@H](CO[C@@H]([C@@H]([C@@H](O)[C@@H]7O)O)O[C@@H]7CO)[C@@H](O)[C@@H]8O)[C@@H]8O[C@]([C@@H]([C@@H](O)[C@@H]9O)O)([H])O[C@@H]9CO)C,,,,,
598,Rebaudioside M ,1291.29,100,141.00,9.68,12,C[C@]12[C@@]3([H])[C@@](C4)(CC[C@]1([H])[C@@](C)(CCC2)C(O[C@H]5[C@@H]([C@H]([C@H](O)[C@@H](CO)O5)O[C@]6([H])O[C@@H]([C@@H](O)[C@H](O)[C@H]6O)CO)O[C@]7([H])O[C@@H]([C@@H](O)[C@H](O)[C@H]7O)CO)=O)C[C@@](C4=C)(O[C@@]8([H])[C@@H]([C@H]([C@H](O)[C@@H](CO)O8)O[C@]9([H])O[C@@H]([C@@H](O)[C@H](O)[C@H]9O)CO)O[C@]%10([H])O[C@@H]([C@@H](O)[C@H](O)[C@H]%10O)CO)CC3,,,,,
599,Fructo-oligosaccharide DP12/GF11,1962.69,100,165.00,14.86,12,OC[C@]1(O[C@H](CO)[C@@H](O)[C@@H]1O)OC[C@]2(O[C@H](CO)[C@@H](O)[C@@H]2O)OC[C@]3(O[C@H](CO)[C@@H](O)[C@@H]3O)OC[C@]4(O[C@H](CO)[C@@H](O)[C@@H]4O)OC[C@]5(O[C@H](CO)[C@@H](O)[C@@H]5O)OC[C@]6(O[C@H](CO)[C@@H](O)[C@@H]6O)OC[C@]7(O[C@H](CO)[C@@H](O)[C@@H]7[O])OC[C@]8(O[C@H](CO)[C@@H](O)[C@@H]8O)OC[C@]9(O[C@H](CO)[C@@H](O)[C@@H]9O)OC[C@]%10(O[C@H](CO)[C@@H](O)[C@@H]%10O)OC[C@]%11(O[C@H](CO)[C@@H](O)[C@@H]%11O)O[C@H]%12O[C@@H]([C@@H](O)[C@H](O)[C@H]%12O)CO,,,,,
600,β-Maltoside,446.45,100,57.00,12.95,12,OC[C@@H](O[C@H]([C@@H]([C@H]1O)O)OCCC2=CC=CC=C2)[C@H]1O[C@@H]3O[C@@H]([C@H]([C@@H]([C@H]3O)O)O)CO,,,,,
