scenario_run,model,feature_set,selection_rule,rank,best_params,selection_count,mean_outer_val_rmse,std_outer_val_rmse,mean_outer_train_rmse,std_outer_train_rmse,mean_outer_train_val_rmse_gap,mean_outer_train_val_r2_gap,mean_inner_best_rmse,std_inner_best_rmse,mean_inner_selected_train_rmse,mean_inner_selected_train_test_rmse_gap,mean_inner_selected_complexity_score,selection_fraction
DecisionTree__provided_only,DecisionTree,provided_only,best_rmse,1,"{""model__ccp_alpha"": 0.0001, ""model__max_depth"": 5, ""model__max_features"": 1.0, ""model__min_samples_leaf"": 1, ""model__min_samples_split"": 2}",5,1770367.0055939357,197338.23589316817,1318424.7321338286,82682.13076310667,451942.2734601073,0.23585259003332676,1841036.9310314097,125302.81375238011,1254526.334449026,586510.5965823838,46.99,0.1
DecisionTree__provided_only,DecisionTree,provided_only,one_standard_error,1,"{""model__ccp_alpha"": 0.001, ""model__max_depth"": 5, ""model__max_features"": 0.8, ""model__min_samples_leaf"": 1, ""model__min_samples_split"": 8}",2,1535166.4988354957,117626.25131994132,1371209.2847829,128885.52046698595,163957.21405259566,0.03453942127334725,1759359.6918796347,37955.715649585436,1310848.4531489015,468361.7662969263,42.75,0.04
DecisionTree__provided_plus_rdkit_descriptors,DecisionTree,provided_plus_rdkit_descriptors,best_rmse,1,"{""model__ccp_alpha"": 0.0, ""model__max_depth"": 5, ""model__max_features"": 0.8, ""model__min_samples_leaf"": 1, ""model__min_samples_split"": 8, ""select__k"": 120}",3,1494165.121581194,346431.671071705,1121701.6647602294,168272.61853992307,372463.4568209645,0.19785622449333654,1466787.5723594234,107297.690386445,1101851.7361224298,364935.8362369935,38.255405405405405,0.06
DecisionTree__provided_plus_rdkit_descriptors,DecisionTree,provided_plus_rdkit_descriptors,one_standard_error,1,"{""model__ccp_alpha"": 0.001, ""model__max_depth"": 5, ""model__max_features"": 1.0, ""model__min_samples_leaf"": 1, ""model__min_samples_split"": 8, ""select__k"": 20}",2,1141669.972612978,28616.475407744707,1206658.369586884,111685.49924615872,-64988.39697390597,-0.04993983064501856,1519201.106465206,149669.68209964613,1206413.5538273628,321902.31975000934,34.0509009009009,0.04
DecisionTree__rdkit_descriptors_only,DecisionTree,rdkit_descriptors_only,best_rmse,1,"{""model__ccp_alpha"": 0.0001, ""model__max_depth"": 5, ""model__max_features"": 1.0, ""model__min_samples_leaf"": 1, ""model__min_samples_split"": 2, ""select__k"": 120}",6,1569062.8630120605,114158.02735357011,1387054.9614100454,61766.509521595,182007.90160201502,0.10535328765046527,1672409.247162135,41455.33946027441,1288936.5267795774,383472.7203825577,42.51995391705069,0.12
DecisionTree__rdkit_descriptors_only,DecisionTree,rdkit_descriptors_only,one_standard_error,1,"{""model__ccp_alpha"": 0.001, ""model__max_depth"": 5, ""model__max_features"": 0.6, ""model__min_samples_leaf"": 1, ""model__min_samples_split"": 8, ""select__k"": 120}",2,1440107.2502762107,47284.75604299645,1363572.2714403425,35311.52108532176,76534.97883586807,0.05257211843592635,1601056.5774951775,70941.02311152173,1344737.6554804805,257073.5866828789,37.87995391705069,0.04
GBoost__provided_only,GBoost,provided_only,best_rmse,1,"{""model__ccp_alpha"": 0.001, ""model__learning_rate"": 0.1, ""model__max_depth"": 4, ""model__max_features"": 0.6, ""model__min_samples_leaf"": 1, ""model__min_samples_split"": 16, ""model__n_estimators"": 200, ""model__subsample"": 0.85}",3,1059333.9885696173,151554.5507126791,295622.95693904784,16883.146105770546,763711.0316305695,0.1833536769686521,1268764.177413096,85797.57268087854,248257.07779555605,1020507.09961754,40.65330490805908,0.06
GBoost__provided_only,GBoost,provided_only,one_standard_error,1,"{""model__ccp_alpha"": 0.001, ""model__learning_rate"": 0.1, ""model__max_depth"": 3, ""model__max_features"": 0.8, ""model__min_samples_leaf"": 8, ""model__min_samples_split"": 2, ""model__n_estimators"": 300, ""model__subsample"": 1.0}",3,1144790.0971278623,18528.398579827004,494515.7690206817,13567.399132064127,650274.3281071805,0.16189356833607238,1310830.166924679,63127.124869100575,469224.62011928414,893045.3219358843,27.907110264748876,0.06
GBoost__provided_plus_rdkit_descriptors,GBoost,provided_plus_rdkit_descriptors,best_rmse,1,"{""model__ccp_alpha"": 0.0, ""model__learning_rate"": 0.06, ""model__max_depth"": 5, ""model__max_features"": 0.8, ""model__min_samples_leaf"": 1, ""model__min_samples_split"": 2, ""model__n_estimators"": 300, ""model__subsample"": 0.7, ""select__k"": ""all""}",4,801527.6792388391,150363.32770243456,53154.57008848045,7846.6705576569575,748373.1091503586,0.11402512058456082,1059544.129767942,76243.60697617804,32288.687229772626,1027255.4425381694,44.20711026474888,0.08
GBoost__provided_plus_rdkit_descriptors,GBoost,provided_plus_rdkit_descriptors,one_standard_error,1,"{""model__ccp_alpha"": 0.0001, ""model__learning_rate"": 0.1, ""model__max_depth"": 3, ""model__max_features"": 0.8, ""model__min_samples_leaf"": 8, ""model__min_samples_split"": 8, ""model__n_estimators"": 300, ""model__subsample"": 0.7, ""select__k"": ""all""}",3,809638.6244557556,79631.75516768554,365299.1837557191,18141.95300590758,444339.4407000365,0.08607397630156659,1055028.8660555037,38607.42213726788,312734.5321614575,758806.1230196803,27.697110264748876,0.06
GBoost__rdkit_descriptors_only,GBoost,rdkit_descriptors_only,best_rmse,1,"{""model__ccp_alpha"": 0.0, ""model__learning_rate"": 0.03, ""model__max_depth"": 5, ""model__max_features"": 0.6, ""model__min_samples_leaf"": 4, ""model__min_samples_split"": 2, ""model__n_estimators"": 300, ""model__subsample"": 0.7, ""select__k"": 20}",2,1388866.1672299295,47824.77814608968,1182612.3500832561,16403.832658952684,206253.81714667322,0.05268863933476109,1504709.8987727556,147477.72553652598,1141854.177975111,362855.7207976447,25.92876925092399,0.04
GBoost__rdkit_descriptors_only,GBoost,rdkit_descriptors_only,one_standard_error,1,"{""model__ccp_alpha"": 0.001, ""model__learning_rate"": 0.1, ""model__max_depth"": 2, ""model__max_features"": 1.0, ""model__min_samples_leaf"": 8, ""model__min_samples_split"": 8, ""model__n_estimators"": 300, ""model__subsample"": 0.85, ""select__k"": 40}",3,1431600.6514237414,149393.55084153163,1177460.38205114,24113.17622827595,254140.2693726013,0.09397066897362472,1556667.8276642815,48872.42924414807,1139324.482680413,475570.0956706376,16.800428237099105,0.06
KNN__provided_only,KNN,provided_only,best_rmse,1,"{""model__n_neighbors"": 9, ""model__p"": 1, ""model__weights"": ""distance""}",33,2011529.1504248173,185076.1198429024,0.0,0.0,2011529.1504248173,0.6836513525224808,2094546.0649727574,67777.40010074926,0.0,2094546.0649727574,13.222222222222221,0.66
KNN__provided_only,KNN,provided_only,one_standard_error,1,"{""model__n_neighbors"": 9, ""model__p"": 1, ""model__weights"": ""distance""}",10,2058586.473493938,248612.6560213475,0.0,0.0,2058586.473493938,0.695814616284105,2069458.7942608024,95331.20305184113,0.0,2073418.2218362216,13.222222222222223,0.2
KNN__provided_plus_rdkit_descriptors,KNN,provided_plus_rdkit_descriptors,best_rmse,1,"{""model__n_neighbors"": 5, ""model__p"": 2, ""model__weights"": ""distance"", ""select__k"": 40}",5,1046599.6512489229,141883.21248898507,800045.3734167458,40722.631151653775,246554.27783217723,0.08599368753215705,1340087.4662689422,115684.66460348568,738337.4875775228,601749.9786914194,6.801801801801803,0.1
KNN__provided_plus_rdkit_descriptors,KNN,provided_plus_rdkit_descriptors,one_standard_error,1,"{""model__n_neighbors"": 31, ""model__p"": 2, ""model__weights"": ""distance"", ""select__k"": 20}",18,1065944.1856066186,143201.35671053448,787293.0782435848,31975.53924549617,278651.1073630339,0.09606506253626995,1261571.4533448056,92122.95770313164,752580.3663287987,536956.566425621,2.5460621912234815,0.36
KNN__rdkit_descriptors_only,KNN,rdkit_descriptors_only,best_rmse,1,"{""model__n_neighbors"": 31, ""model__p"": 2, ""model__weights"": ""distance"", ""select__k"": 80}",6,1291652.5854417102,177782.46587559886,1170997.6825809623,41082.37249034671,120654.90286074796,0.06455333522222528,1534361.189878347,91543.401042866,1121478.4693611793,412882.72051716765,5.331797235023042,0.12
KNN__rdkit_descriptors_only,KNN,rdkit_descriptors_only,one_standard_error,1,"{""model__n_neighbors"": 31, ""model__p"": 2, ""model__weights"": ""distance"", ""select__k"": 20}",24,1366652.3439057162,153312.38825937393,1168289.1856955092,39690.23241897736,198363.1582102071,0.08914946872402413,1465125.685914548,95650.00069368017,1123448.8900904248,374938.27300209366,2.5668202764976957,0.48
RandomForest__provided_only,RandomForest,provided_only,best_rmse,1,"{""model__bootstrap"": true, ""model__ccp_alpha"": 0.0001, ""model__max_depth"": 5, ""model__max_features"": 0.8, ""model__max_samples"": 0.85, ""model__min_samples_leaf"": 1, ""model__min_samples_split"": 2, ""model__n_estimators"": 300}",5,1464792.384217897,96913.78197539595,1197138.1671002074,35996.55121182989,267654.2171176895,0.11674940731308096,1706167.9454041843,37820.959363891394,1171552.7651235913,534615.180280593,43.05711026474888,0.1
RandomForest__provided_only,RandomForest,provided_only,one_standard_error,1,"{""model__bootstrap"": true, ""model__ccp_alpha"": 0.001, ""model__max_depth"": 5, ""model__max_features"": 1.0, ""model__max_samples"": 1.0, ""model__min_samples_leaf"": 1, ""model__min_samples_split"": 8, ""model__n_estimators"": 100}",4,1498579.5245795238,100127.04405528984,1200667.3419687187,33943.91783637158,297912.1826108051,0.10303441175721467,1683728.3722267246,49150.0841393395,1239275.556223305,479571.6644211022,41.61512051684126,0.08
RandomForest__provided_plus_rdkit_descriptors,RandomForest,provided_plus_rdkit_descriptors,best_rmse,1,"{""model__bootstrap"": true, ""model__ccp_alpha"": 0.0001, ""model__max_depth"": 5, ""model__max_features"": 0.8, ""model__max_samples"": 0.85, ""model__min_samples_leaf"": 1, ""model__min_samples_split"": 2, ""model__n_estimators"": 300, ""select__k"": 120}",5,1108542.069761665,78004.19064710129,937365.5015697334,20264.172304866755,171176.5681919318,0.0597837022946671,1415314.7026796497,25441.640062606424,943003.3481921401,472311.35448750964,38.46251567015428,0.1
RandomForest__provided_plus_rdkit_descriptors,RandomForest,provided_plus_rdkit_descriptors,one_standard_error,1,"{""model__bootstrap"": true, ""model__ccp_alpha"": 0.001, ""model__max_depth"": 5, ""model__max_features"": 0.8, ""model__max_samples"": 1.0, ""model__min_samples_leaf"": 1, ""model__min_samples_split"": 2, ""model__n_estimators"": 300, ""select__k"": 40}",5,1298559.820163848,144483.92989337313,1032353.5819277497,32517.169596632648,266206.2382360984,0.10329137216181243,1386637.8419493982,103034.04842843462,1005523.93324313,381113.9087062682,34.10891206655068,0.1
RandomForest__rdkit_descriptors_only,RandomForest,rdkit_descriptors_only,best_rmse,1,"{""model__bootstrap"": true, ""model__ccp_alpha"": 0.001, ""model__max_depth"": 5, ""model__max_features"": 0.8, ""model__max_samples"": 1.0, ""model__min_samples_leaf"": 1, ""model__min_samples_split"": 2, ""model__n_estimators"": 300, ""select__k"": 40}",5,1432840.405218554,79629.49447515664,1274332.0444080282,31614.2411178545,158508.36081052572,0.07386616268593435,1564512.193411883,51536.56461316581,1252629.9820426307,311882.2113692521,34.150428237099106,0.1
RandomForest__rdkit_descriptors_only,RandomForest,rdkit_descriptors_only,one_standard_error,1,"{""model__bootstrap"": true, ""model__ccp_alpha"": 0.001, ""model__max_depth"": 5, ""model__max_features"": 0.8, ""model__max_samples"": 1.0, ""model__min_samples_leaf"": 1, ""model__min_samples_split"": 2, ""model__n_estimators"": 300, ""select__k"": 40}",4,1406514.229905067,61919.505351025226,1284057.796963475,26495.507231955242,122456.43294159195,0.05779304063946672,1551819.4349714806,49672.083480831425,1261339.7545033775,290479.6804681032,34.150428237099106,0.08
XGBoost__provided_only,XGBoost,provided_only,best_rmse,1,"{""model__colsample_bytree"": 0.8, ""model__gamma"": 1.0, ""model__learning_rate"": 0.06, ""model__max_depth"": 5, ""model__min_child_weight"": 1, ""model__n_estimators"": 200, ""model__reg_alpha"": 0.1, ""model__reg_lambda"": 1.0, ""model__subsample"": 0.7}",3,1012885.4062283952,208294.48518650478,213522.1926663687,3008.996989455319,799363.2135620265,0.16584817869905374,1294684.7651744285,51002.081892771756,165841.85966537788,1128842.9055090507,40.32170036713486,0.06
XGBoost__provided_only,XGBoost,provided_only,one_standard_error,1,"{""model__colsample_bytree"": 0.8, ""model__gamma"": 0.0, ""model__learning_rate"": 0.1, ""model__max_depth"": 4, ""model__min_child_weight"": 4, ""model__n_estimators"": 300, ""model__reg_alpha"": 1.0, ""model__reg_lambda"": 10.0, ""model__subsample"": 1.0}",3,1043563.8923745494,46448.807473402245,391244.3230546808,18048.625579963194,652319.5693198686,0.15687872105671222,1300381.6200814096,62125.02994481427,339931.31354683655,1026780.036166485,28.91606781139056,0.06
XGBoost__provided_plus_rdkit_descriptors,XGBoost,provided_plus_rdkit_descriptors,best_rmse,1,"{""model__colsample_bytree"": 0.6, ""model__gamma"": 0.1, ""model__learning_rate"": 0.1, ""model__max_depth"": 5, ""model__min_child_weight"": 4, ""model__n_estimators"": 300, ""model__reg_alpha"": 1.0, ""model__reg_lambda"": 3.0, ""model__subsample"": 0.7, ""select__k"": ""all""}",4,811577.5044088601,63212.25324422221,112046.93979749117,7789.25862523272,699530.564611369,0.10491947757685349,1038833.1541139268,70472.51148654516,95756.64605007305,943076.5080638537,32.33235854326472,0.08
XGBoost__provided_plus_rdkit_descriptors,XGBoost,provided_plus_rdkit_descriptors,one_standard_error,1,"{""model__colsample_bytree"": 1.0, ""model__gamma"": 0.0, ""model__learning_rate"": 0.1, ""model__max_depth"": 5, ""model__min_child_weight"": 4, ""model__n_estimators"": 200, ""model__reg_alpha"": 1.0, ""model__reg_lambda"": 3.0, ""model__subsample"": 0.85, ""select__k"": ""all""}",2,720396.8185540539,160536.77278622176,127471.3863758492,3516.9369715837365,592925.4321782046,0.09578459388311905,1088588.263841364,45060.21236395004,97055.28416015205,991532.9796812121,32.57386336637924,0.04
XGBoost__rdkit_descriptors_only,XGBoost,rdkit_descriptors_only,best_rmse,1,"{""model__colsample_bytree"": 0.8, ""model__gamma"": 0.1, ""model__learning_rate"": 0.1, ""model__max_depth"": 3, ""model__min_child_weight"": 4, ""model__n_estimators"": 300, ""model__reg_alpha"": 0.0, ""model__reg_lambda"": 1.0, ""model__subsample"": 1.0, ""select__k"": ""all""}",3,1244110.6672007118,80520.63216472609,1186816.8296367042,21025.176630340156,57293.83756400769,0.07795918572161202,1492083.0067896124,68323.85195325808,1135304.7865012186,356778.2202883937,28.21865290438461,0.06
XGBoost__rdkit_descriptors_only,XGBoost,rdkit_descriptors_only,one_standard_error,1,"{""model__colsample_bytree"": 0.6, ""model__gamma"": 0.0, ""model__learning_rate"": 0.1, ""model__max_depth"": 2, ""model__min_child_weight"": 8, ""model__n_estimators"": 300, ""model__reg_alpha"": 1.0, ""model__reg_lambda"": 3.0, ""model__subsample"": 0.85, ""select__k"": 20}",3,1456504.8503208067,48703.24684299909,1201264.1305261238,10908.17073881966,255240.719794683,0.08400355956536369,1545510.9835871889,99262.30779737499,1164737.7472713364,422815.3963263303,13.249327709244154,0.06
