scenario_run,model,feature_set,rank,best_params,selection_count,mean_outer_val_rmse,std_outer_val_rmse,mean_outer_train_rmse,std_outer_train_rmse,mean_outer_train_val_rmse_gap,mean_outer_train_val_r2_gap,mean_inner_best_rmse,std_inner_best_rmse,mean_inner_selected_train_rmse,mean_inner_selected_train_test_rmse_gap,mean_inner_selected_complexity_score,selection_fraction
DecisionTree__provided_only,DecisionTree,provided_only,1,"{""model__ccp_alpha"": 0.001, ""model__max_depth"": 5, ""model__max_features"": 0.8, ""model__min_samples_leaf"": 1, ""model__min_samples_split"": 8}",2,1535166.4988354957,117626.25131994132,1371209.2847829,128885.52046698595,163957.21405259566,0.03453942127334725,1759359.6918796347,37955.715649585436,1310848.4531489015,468361.7662969263,42.75,0.04
DecisionTree__provided_plus_rdkit_descriptors,DecisionTree,provided_plus_rdkit_descriptors,1,"{""model__ccp_alpha"": 0.001, ""model__max_depth"": 5, ""model__max_features"": 1.0, ""model__min_samples_leaf"": 1, ""model__min_samples_split"": 8, ""select__k"": 20}",2,1141669.972612978,28616.475407744707,1206658.369586884,111685.49924615872,-64988.39697390597,-0.04993983064501856,1519201.106465206,149669.68209964613,1206413.5538273628,321902.31975000934,34.0509009009009,0.04
DecisionTree__rdkit_descriptors_only,DecisionTree,rdkit_descriptors_only,1,"{""model__ccp_alpha"": 0.001, ""model__max_depth"": 5, ""model__max_features"": 0.6, ""model__min_samples_leaf"": 1, ""model__min_samples_split"": 8, ""select__k"": 120}",2,1440107.2502762107,47284.75604299645,1363572.2714403425,35311.52108532176,76534.97883586807,0.05257211843592635,1601056.5774951775,70941.02311152173,1344737.6554804805,257073.5866828789,37.87995391705069,0.04
GBoost__provided_only,GBoost,provided_only,1,"{""model__ccp_alpha"": 0.001, ""model__learning_rate"": 0.1, ""model__max_depth"": 3, ""model__max_features"": 0.8, ""model__min_samples_leaf"": 8, ""model__min_samples_split"": 2, ""model__n_estimators"": 300, ""model__subsample"": 1.0}",3,1144790.0971278623,18528.398579827004,494515.7690206817,13567.399132064127,650274.3281071805,0.16189356833607238,1310830.166924679,63127.124869100575,469224.62011928414,893045.3219358843,27.907110264748876,0.06
GBoost__provided_plus_rdkit_descriptors,GBoost,provided_plus_rdkit_descriptors,1,"{""model__ccp_alpha"": 0.0001, ""model__learning_rate"": 0.1, ""model__max_depth"": 3, ""model__max_features"": 0.8, ""model__min_samples_leaf"": 8, ""model__min_samples_split"": 8, ""model__n_estimators"": 300, ""model__subsample"": 0.7, ""select__k"": ""all""}",3,809638.6244557556,79631.75516768554,365299.1837557191,18141.95300590758,444339.4407000365,0.08607397630156659,1055028.8660555037,38607.42213726788,312734.5321614575,758806.1230196803,27.697110264748876,0.06
GBoost__rdkit_descriptors_only,GBoost,rdkit_descriptors_only,1,"{""model__ccp_alpha"": 0.001, ""model__learning_rate"": 0.1, ""model__max_depth"": 2, ""model__max_features"": 1.0, ""model__min_samples_leaf"": 8, ""model__min_samples_split"": 8, ""model__n_estimators"": 300, ""model__subsample"": 0.85, ""select__k"": 40}",3,1431600.6514237414,149393.55084153163,1177460.38205114,24113.17622827595,254140.2693726013,0.09397066897362472,1556667.8276642815,48872.42924414807,1139324.482680413,475570.0956706376,16.800428237099105,0.06
KNN__provided_only,KNN,provided_only,1,"{""model__n_neighbors"": 9, ""model__p"": 1, ""model__weights"": ""distance""}",10,2058586.473493938,248612.6560213475,0.0,0.0,2058586.473493938,0.695814616284105,2069458.7942608024,95331.20305184113,0.0,2073418.2218362216,13.222222222222223,0.2
KNN__provided_plus_rdkit_descriptors,KNN,provided_plus_rdkit_descriptors,1,"{""model__n_neighbors"": 31, ""model__p"": 2, ""model__weights"": ""distance"", ""select__k"": 20}",18,1065944.1856066186,143201.35671053448,787293.0782435848,31975.53924549617,278651.1073630339,0.09606506253626995,1261571.4533448056,92122.95770313164,752580.3663287987,536956.566425621,2.5460621912234815,0.36
KNN__rdkit_descriptors_only,KNN,rdkit_descriptors_only,1,"{""model__n_neighbors"": 31, ""model__p"": 2, ""model__weights"": ""distance"", ""select__k"": 20}",24,1366652.3439057162,153312.38825937393,1168289.1856955092,39690.23241897736,198363.1582102071,0.08914946872402413,1465125.685914548,95650.00069368017,1123448.8900904248,374938.27300209366,2.5668202764976957,0.48
RandomForest__provided_only,RandomForest,provided_only,1,"{""model__bootstrap"": true, ""model__ccp_alpha"": 0.001, ""model__max_depth"": 5, ""model__max_features"": 1.0, ""model__max_samples"": 1.0, ""model__min_samples_leaf"": 1, ""model__min_samples_split"": 8, ""model__n_estimators"": 100}",4,1498579.5245795238,100127.04405528984,1200667.3419687187,33943.91783637158,297912.1826108051,0.10303441175721467,1683728.3722267246,49150.0841393395,1239275.556223305,479571.6644211022,41.61512051684126,0.08
RandomForest__provided_plus_rdkit_descriptors,RandomForest,provided_plus_rdkit_descriptors,1,"{""model__bootstrap"": true, ""model__ccp_alpha"": 0.001, ""model__max_depth"": 5, ""model__max_features"": 0.8, ""model__max_samples"": 1.0, ""model__min_samples_leaf"": 1, ""model__min_samples_split"": 2, ""model__n_estimators"": 300, ""select__k"": 40}",5,1298559.820163848,144483.92989337313,1032353.5819277497,32517.169596632648,266206.2382360984,0.10329137216181243,1386637.8419493982,103034.04842843462,1005523.93324313,381113.9087062682,34.10891206655068,0.1
RandomForest__rdkit_descriptors_only,RandomForest,rdkit_descriptors_only,1,"{""model__bootstrap"": true, ""model__ccp_alpha"": 0.001, ""model__max_depth"": 5, ""model__max_features"": 0.8, ""model__max_samples"": 1.0, ""model__min_samples_leaf"": 1, ""model__min_samples_split"": 2, ""model__n_estimators"": 300, ""select__k"": 40}",4,1406514.229905067,61919.505351025226,1284057.796963475,26495.507231955242,122456.43294159195,0.05779304063946672,1551819.4349714806,49672.083480831425,1261339.7545033775,290479.6804681032,34.150428237099106,0.08
XGBoost__provided_only,XGBoost,provided_only,1,"{""model__colsample_bytree"": 0.8, ""model__gamma"": 0.0, ""model__learning_rate"": 0.1, ""model__max_depth"": 4, ""model__min_child_weight"": 4, ""model__n_estimators"": 300, ""model__reg_alpha"": 1.0, ""model__reg_lambda"": 10.0, ""model__subsample"": 1.0}",3,1043563.8923745494,46448.807473402245,391244.3230546808,18048.625579963194,652319.5693198686,0.15687872105671222,1300381.6200814096,62125.02994481427,339931.31354683655,1026780.036166485,28.91606781139056,0.06
XGBoost__provided_plus_rdkit_descriptors,XGBoost,provided_plus_rdkit_descriptors,1,"{""model__colsample_bytree"": 1.0, ""model__gamma"": 0.0, ""model__learning_rate"": 0.1, ""model__max_depth"": 5, ""model__min_child_weight"": 4, ""model__n_estimators"": 200, ""model__reg_alpha"": 1.0, ""model__reg_lambda"": 3.0, ""model__subsample"": 0.85, ""select__k"": ""all""}",2,720396.8185540539,160536.77278622176,127471.3863758492,3516.9369715837365,592925.4321782046,0.09578459388311905,1088588.263841364,45060.21236395004,97055.28416015205,991532.9796812121,32.57386336637924,0.04
XGBoost__rdkit_descriptors_only,XGBoost,rdkit_descriptors_only,1,"{""model__colsample_bytree"": 0.6, ""model__gamma"": 0.0, ""model__learning_rate"": 0.1, ""model__max_depth"": 2, ""model__min_child_weight"": 8, ""model__n_estimators"": 300, ""model__reg_alpha"": 1.0, ""model__reg_lambda"": 3.0, ""model__subsample"": 0.85, ""select__k"": 20}",3,1456504.8503208067,48703.24684299909,1201264.1305261238,10908.17073881966,255240.719794683,0.08400355956536369,1545510.9835871889,99262.30779737499,1164737.7472713364,422815.3963263303,13.249327709244154,0.06
