scenario_run,model,feature_set,selection_rule,mean_fold_rmse,std_fold_rmse,mean_fold_mae,std_fold_mae,median_ae_mean,median_ae_std,mean_fold_r2,std_fold_r2,explained_variance_mean,explained_variance_std,mean_fold_mape,std_fold_mape,max_error_mean,max_error_std,mean_error_mean,mean_error_std,std_error_mean,std_error_std,mean_absolute_log_error_mean,mean_absolute_log_error_std,rmse_log1p_mean,rmse_log1p_std,pearson_mean,pearson_std,spearman_mean,spearman_std,mean_inner_best_rmse,std_inner_best_rmse,mean_inner_selected_rmse,std_inner_selected_rmse,mean_inner_selected_rmse_gap_vs_min,std_inner_selected_rmse_gap_vs_min,mean_one_se_threshold,std_one_se_threshold,mean_one_se_candidate_count,std_one_se_candidate_count,mean_train_val_rmse_gap,std_train_val_rmse_gap,mean_train_val_rmse_ratio,std_train_val_rmse_ratio,mean_rmse_ratio,std_rmse_ratio,mean_train_val_r2_gap,std_train_val_r2_gap,mean_train_rmse,std_train_rmse,mean_train_mae,std_train_mae,train_median_ae_mean,train_median_ae_std,mean_train_r2,std_train_r2,train_explained_variance_mean,train_explained_variance_std,train_mape_mean,train_mape_std,train_max_error_mean,train_max_error_std,train_mean_error_mean,train_mean_error_std,train_std_error_mean,train_std_error_std,train_mean_absolute_log_error_mean,train_mean_absolute_log_error_std,train_rmse_log1p_mean,train_rmse_log1p_std,mean_train_pearson,std_train_pearson,mean_train_spearman,std_train_spearman,mean_n_train,n_train_std,mean_n_val,n_val_std,pooled_oof_rmse,pooled_oof_mae,pooled_oof_r2,pooled_oof_pearson,pooled_oof_spearman,n_predictions,n_unique_predicted_rows,pooled_train_rmse,pooled_train_mae,pooled_train_r2,pooled_train_pearson,pooled_train_spearman,n_train_predictions,n_unique_train_rows,consensus_best_params,consensus_best_params_count,consensus_best_params_fraction
XGBoost__provided_plus_rdkit_descriptors,XGBoost,provided_plus_rdkit_descriptors,best_rmse,883855.5521917595,165065.93039793367,607529.9129475912,107998.27244147842,378388.66546875,64102.947446511746,0.8651316630928106,0.04523125072303365,0.8681270995710128,0.043788556252336415,0.31318354668506404,0.10083189919382272,2924160.465,591853.7998245838,19141.944916992186,127458.1224028057,881911.252289868,166797.9982459044,0.2811358832005397,0.0962055266098156,0.5760486963913017,0.49065993051381573,0.9333226623854103,0.02263472527035439,0.9482359251951593,0.021389258142505346,1100859.6985790913,83017.79055798896,1100859.6985790913,83017.79055798896,0.0,0.0,1100859.6985790913,83017.79055798896,1.0,0.0,679623.0193034387,158127.27263396172,6.448956029999155,7.177161131036644,6.448956029999155,7.177161131036644,0.12593403501281666,0.04204123666358042,204232.53288832086,112936.20380132279,139533.30460891724,77506.83338054712,88650.885703125,50288.90460279316,0.9910656981056273,0.009770311524406388,0.9910662890151231,0.009769740748317825,0.0755141942108566,0.04121178459951955,890989.72,546904.383792326,-12.037658396402986,1917.8488694062157,204652.84078850542,113167.92062648275,0.08420295002922354,0.05431184386945979,0.2921237596830491,0.31373530952651735,0.9956540443065509,0.0047935436884320795,0.9959777452567847,0.003777415361485821,240.0,0.0,60.0,0.0,898833.9464499395,607529.9129475912,0.8669576273261397,0.9312757594677918,0.952332319693886,3000,300,232831.3163997745,139533.30460891724,0.991072829356928,0.9956352901879111,0.996017740572617,12000,300,"{""model__colsample_bytree"": 0.6, ""model__gamma"": 0.1, ""model__learning_rate"": 0.1, ""model__max_depth"": 5, ""model__min_child_weight"": 4, ""model__n_estimators"": 300, ""model__reg_alpha"": 1.0, ""model__reg_lambda"": 3.0, ""model__subsample"": 0.7, ""select__k"": ""all""}",4,0.08
GBoost__provided_plus_rdkit_descriptors,GBoost,provided_plus_rdkit_descriptors,best_rmse,928484.8322775295,170964.75703705574,640882.3063720899,117079.7534217768,388793.51865909726,84125.42896427154,0.8509889724233075,0.04991675389382097,0.854287442674919,0.04908877744041285,0.3414205237115845,0.11310341563494047,3093150.280522642,631210.4487458362,14501.051251123494,137263.26714096114,925946.240044526,173375.6254370275,0.31719527891093063,0.12074970516485277,0.7100054742366235,0.6009751966850212,0.9262510890016329,0.025105730979861813,0.9431121217768466,0.021055286897756452,1114559.419569774,85591.75933545665,1114559.419569774,85591.75933545665,0.0,0.0,1114559.419569774,85591.75933545665,1.0,0.0,642286.3202842483,200948.23330502538,9.160853836291814,22.049060345025456,9.160853836291814,22.049060345025456,0.13102673053169567,0.049421671046994686,286198.5119932812,165723.07735625817,200386.09279292327,113309.59391084778,133015.62069344195,73220.85068103165,0.9820157029550031,0.018726610020714705,0.9820167212385384,0.018725963338468803,0.11236578654566051,0.06234101362115154,1236401.4523938429,846964.8243816574,470.91239873364276,2468.91215589946,286788.25207522267,166065.06422133947,0.11928303197559305,0.06445285654730885,0.4169797091891924,0.3567383340259058,0.9912176780934846,0.009364726808180991,0.9924054572713638,0.006711280091457196,240.0,0.0,60.0,0.0,943784.1135319013,640882.3063720899,0.8533181514182051,0.9237912729891564,0.9470041938637713,3000,300,329885.50114885025,200386.0927929233,0.9820791953546358,0.991207005846164,0.9923949615056864,12000,300,"{""model__ccp_alpha"": 0.0, ""model__learning_rate"": 0.06, ""model__max_depth"": 5, ""model__max_features"": 0.8, ""model__min_samples_leaf"": 1, ""model__min_samples_split"": 2, ""model__n_estimators"": 300, ""model__subsample"": 0.7, ""select__k"": ""all""}",4,0.08
XGBoost__provided_only,XGBoost,provided_only,best_rmse,1055005.3778528431,157226.7546422028,773303.1484114582,113861.27068595981,558136.956875,84849.09173278158,0.8094417500547735,0.04918623878306264,0.8141353053958507,0.0474675068935647,0.5480457458861735,0.2447887234712796,3389137.4925,609243.1727912216,10644.515619791668,161122.50657444325,1051496.3193370432,159417.39834562503,0.3574510998799843,0.07573816946475151,0.5614011991364308,0.23809048616340014,0.9061940657160047,0.025954356529417934,0.9065338553065365,0.027225649685225402,1316985.446574348,80992.29278731269,1316985.446574348,80992.29278731269,0.0,0.0,1316985.446574348,80992.29278731269,1.0,0.0,841941.5591775114,180099.02877252735,6.909566380811423,4.422152760478069,6.909566380811423,4.422152760478069,0.1805979990788201,0.04627004421149224,213063.81867533186,126410.9566301252,152571.9286651408,91703.48532727966,105879.739453125,68742.07041229331,0.9900397491335936,0.012137419888991965,0.9900404637580091,0.012136954735119481,0.10463912718750695,0.0662616704807981,841785.995,562663.7241587035,-801.3418370157877,1948.7517425120298,213501.3934422658,126670.7321492334,0.09710544837087694,0.06114284067535118,0.2787334252610394,0.2704923458236966,0.9955228818300514,0.005388372101521449,0.9937080672567825,0.006938786773986904,240.0,0.0,60.0,0.0,1066424.959678942,773303.1484114584,0.8127198918183028,0.9039476333934997,0.9089887682221399,3000,300,247095.78342322077,152571.9286651408,0.9899454713018381,0.9953086767632009,0.9935828860505348,12000,300,"{""model__colsample_bytree"": 0.8, ""model__gamma"": 1.0, ""model__learning_rate"": 0.06, ""model__max_depth"": 5, ""model__min_child_weight"": 1, ""model__n_estimators"": 200, ""model__reg_alpha"": 0.1, ""model__reg_lambda"": 1.0, ""model__subsample"": 0.7}",3,0.06
GBoost__provided_only,GBoost,provided_only,best_rmse,1073096.5292488665,162152.77910424184,779181.6731702293,123728.01696737457,556479.8164607357,116721.01461210035,0.802855100745356,0.05059642537573701,0.8072099847289843,0.049373305893844484,0.537865817689673,0.23374546041081998,3595992.4338907218,712531.920310547,23676.200040250988,153283.64794537838,1070765.3786102654,165163.2683121985,0.38066970877367173,0.08992675404814231,0.690655994803404,0.4167950598052803,0.9012271798384279,0.02697529670776226,0.9043771270280017,0.0307106160590485,1328268.0061710756,85835.8283504495,1328268.0061710756,85835.8283504495,0.0,0.0,1328268.0061710756,85835.8283504495,1.0,0.0,853481.5901164024,201684.29201452603,7.644978353018011,6.3343458842421345,7.644978353018011,6.3343458842421345,0.18625028686290312,0.052053758597506564,219614.93913246435,132043.68028634146,163721.097050618,95971.30152311281,124365.8803544807,70024.84632188863,0.9891053876082593,0.01320159428586406,0.9891058847062603,0.013200627569174882,0.11505313307414003,0.06906887203457655,837427.9963007285,543993.513568195,138.70996711661925,1758.7751607390232,220068.9578377767,132316.21777042092,0.11832368204764963,0.07152267304388639,0.4328034745179837,0.3574469975174933,0.9950707244682839,0.006106872268049714,0.9931583915431059,0.007685607869795077,240.0,0.0,60.0,0.0,1085036.319383719,779181.6731702293,0.8061259868111541,0.8989129890151066,0.9071319157399244,3000,300,255572.97260009,163721.097050618,0.9892437497483897,0.9949550461128835,0.9931143746564212,12000,300,"{""model__ccp_alpha"": 0.001, ""model__learning_rate"": 0.1, ""model__max_depth"": 4, ""model__max_features"": 0.6, ""model__min_samples_leaf"": 1, ""model__min_samples_split"": 16, ""model__n_estimators"": 200, ""model__subsample"": 0.85}",3,0.06
KNN__provided_plus_rdkit_descriptors,KNN,provided_plus_rdkit_descriptors,best_rmse,1098029.2394940003,161432.60405648925,763093.3896278092,111204.41560998892,470234.64469941607,97833.20595685476,0.7921089886115265,0.059739447936795545,0.7966444044484622,0.05888287358833442,0.27415367289883524,0.0956212208432148,3437977.9119904246,671773.6736848606,2092.4749034888705,164926.29880766943,1094990.49790183,162751.49687269525,0.24417349778035194,0.042489120411535984,0.3039856814234767,0.07693954578679345,0.8967025311211401,0.03223656548381898,0.931818827792862,0.027150674029801085,1260568.9754443613,82796.7498325801,1260568.9754443613,82796.7498325801,0.0,0.0,1260568.9754443613,82796.7498325801,1.0,0.0,420457.199525994,384451.5291097969,8.644551499754394,34.20013865161766,8.644551499754394,34.20013865161766,0.11973233251552458,0.08661831388437273,677572.0399680063,276851.234336191,460624.1096060084,188657.33435333773,261323.25810992558,107978.99758314165,0.911841321127051,0.03659467368725295,0.9118558823029898,0.03658604115592158,0.15002478633862715,0.061277213318386634,2846534.675542029,1191122.6271875792,2985.0216679353784,9130.237275888083,678933.0351073898,277399.9422598498,0.142531166519614,0.05816599600161364,0.1771019577404084,0.07174495400764319,0.9547332671572535,0.01880759829003972,0.9719950105826972,0.011647477338999028,240.0,0.0,60.0,0.0,1109597.8941594935,763093.3896278092,0.7972493305438553,0.8941929819979987,0.9351396777396331,3000,300,730901.8697341037,460624.1096060084,0.9120270420029712,0.9550023782968785,0.9729082693346901,12000,300,"{""model__n_neighbors"": 5, ""model__p"": 2, ""model__weights"": ""distance"", ""select__k"": 40}",5,0.1
RandomForest__provided_plus_rdkit_descriptors,RandomForest,provided_plus_rdkit_descriptors,best_rmse,1265801.8942921264,170333.19673242877,927713.886536347,121038.2036663839,659256.5410983729,122256.98659562776,0.7279099546665931,0.05661902402606699,0.7343763043875332,0.05353737624425535,0.6432719656740408,0.19850147386978428,3989394.378520146,923410.1685354549,-16511.572889652653,194800.1533076568,1261959.813240069,168086.6188122662,0.3870871372845802,0.05488696273049231,0.5643256614299857,0.09767571486573208,0.8658164245585283,0.03365689712679373,0.8953380739816572,0.026016834691720246,1419206.547165018,83896.00889499662,1419206.547165018,83896.00889499662,0.0,0.0,1419206.547165018,83896.00889499662,1.0,0.0,258710.7910537171,195349.69056990152,1.2643210874672677,0.20405183322420856,1.2643210874672677,0.20405183322420856,0.10418641783912319,0.06330106041077375,1007091.1032384092,65034.58582152055,731281.3918085145,47533.05016241431,504865.3701320584,39828.49479552177,0.8320963725057163,0.02082291092106635,0.8321352969992536,0.0208027137775781,0.5042389290999933,0.03618358671082739,4124209.109605465,422880.37478203827,-9134.613291386315,12405.450626633126,1009082.0723284499,65125.652542111355,0.319754564765483,0.017205881680394587,0.49422908663630055,0.02307343162553648,0.9202480361458906,0.0113790302764711,0.9391897901809249,0.007954595867400912,240.0,0.0,60.0,0.0,1276983.7765392486,927713.8865363469,0.7314644370236179,0.8621110146880587,0.8943816583182514,3000,300,1009146.8662329945,731281.3918085143,0.8322973979978073,0.92015573233783,0.9376645598180348,12000,300,"{""model__bootstrap"": true, ""model__ccp_alpha"": 0.0001, ""model__max_depth"": 5, ""model__max_features"": 0.8, ""model__max_samples"": 0.85, ""model__min_samples_leaf"": 1, ""model__min_samples_split"": 2, ""model__n_estimators"": 300, ""select__k"": 120}",5,0.1
KNN__rdkit_descriptors_only,KNN,rdkit_descriptors_only,best_rmse,1358210.6017330152,162687.96578442925,929674.2882401166,123017.98784318377,534945.7256036017,101483.64895717158,0.685649304692353,0.06468232974298743,0.6941095739823218,0.05897349022691424,0.4369432974203462,0.11660774266142267,4184412.409884413,659108.9683032557,-6828.582392166688,224033.2935236481,1352078.185893046,157132.424767229,0.3249292975375764,0.04291524004008672,0.4565530832875141,0.07895605519454119,0.8387208822360948,0.033792884571465405,0.8791373072546436,0.03317582869269845,1451998.937421916,85797.96867736914,1451998.937421916,85797.96867736914,0.0,0.0,1451998.937421916,85797.96867736914,1.0,0.0,194553.0840786271,202835.825486119,1.1737675597639978,0.18697087241911772,1.1737675597639978,0.18697087241911772,0.09072362807804552,0.07910930181977169,1163657.5176543882,46642.38147853774,758206.7506320927,32014.111068157,399666.4567464561,26661.378416840522,0.7763729327703984,0.017662450371392777,0.7764989066761213,0.01759252927086939,0.36243743079894797,0.030146675653834453,4478849.78399441,407382.32887567003,2241.057954519602,27826.34111683863,1165766.6849237613,46581.33863051147,0.2652792289945433,0.01358040088760058,0.4092807436892404,0.024780401157614686,0.881223266839679,0.00992560904556791,0.9092769317958962,0.008369959633174778,240.0,0.0,60.0,0.0,1367725.8736262955,929674.2882401164,0.6919443528556943,0.8333431157771249,0.877016913382858,3000,300,1164573.2350988332,758206.7506320928,0.7766609530572639,0.8813034285008848,0.9106504125440107,12000,300,"{""model__n_neighbors"": 31, ""model__p"": 2, ""model__weights"": ""distance"", ""select__k"": 80}",6,0.12
XGBoost__rdkit_descriptors_only,XGBoost,rdkit_descriptors_only,best_rmse,1371683.1202442762,166683.34554192095,944344.3420520833,129949.32595289485,544879.4628125,96374.04754053226,0.6798961306280262,0.06374176171095121,0.6889124006648182,0.05942471545246973,0.4818730221063754,0.16610259340683506,4207114.195,633601.2252251465,-2202.4343541666685,230678.17407287794,1364395.2013285058,164386.86220358586,0.3401360347318169,0.042148026488548915,0.4804048381861413,0.08384913476223509,0.8348827853382867,0.034771302618004686,0.8738210513068322,0.034019263953850236,1461516.6236138025,84958.04149557617,1461516.6236138025,84958.04149557617,0.0,0.0,1461516.6236138025,84958.04149557617,1.0,0.0,207762.50372848145,202009.3756412538,1.184172027538157,0.1845075483773474,1.184172027538157,0.1845075483773474,0.09646970389358672,0.07630884403159263,1163920.6165157948,39633.83064901315,766616.8832708333,31038.69677532703,407437.9575,28026.569813451508,0.7763658345216129,0.01454881583624958,0.7763708188198867,0.014549771632161215,0.38160136479882956,0.03085282490937181,4433375.69,378725.9364831578,-2007.958890625,5197.142822602616,1166339.888262817,39717.748019721075,0.27839045621665254,0.017228910027003566,0.4212326366075676,0.024119262875415534,0.8811788249324018,0.008237806515150494,0.9087447937902422,0.007954457737715376,240.0,0.0,60.0,0.0,1381572.3843832794,944344.3420520833,0.6856754252657584,0.8288287954677702,0.8716672414474946,3000,300,1164581.7383386123,766616.8832708333,0.7766576915837143,0.8813194812989168,0.9102569061655934,12000,300,"{""model__colsample_bytree"": 0.8, ""model__gamma"": 0.1, ""model__learning_rate"": 0.1, ""model__max_depth"": 3, ""model__min_child_weight"": 4, ""model__n_estimators"": 300, ""model__reg_alpha"": 0.0, ""model__reg_lambda"": 1.0, ""model__subsample"": 1.0, ""select__k"": ""all""}",3,0.06
GBoost__rdkit_descriptors_only,GBoost,rdkit_descriptors_only,best_rmse,1372208.888791825,165744.3852034143,947233.1567481916,130508.5928344173,547297.6120560523,103483.73546722112,0.6797676141329475,0.06347123732408778,0.6886759537798859,0.05898930831359112,0.490834700337597,0.156608997578936,4215486.664740009,608675.5124079117,-1956.8693417092204,229927.28754847686,1365125.9631495785,162849.9496884675,0.3456910989938351,0.042874246231623774,0.4878487977895507,0.08336315011189802,0.8341022673995705,0.03504902315987802,0.8731983426230644,0.035039941118039326,1460756.3244079156,84764.42006371394,1460756.3244079156,84764.42006371394,0.0,0.0,1460756.3244079156,84764.42006371394,1.0,0.0,207393.3367901542,201987.072301061,1.1837806380069384,0.18436543254440416,1.1837806380069384,0.18436543254440416,0.09629404717220315,0.07580799047136048,1164815.5520016707,38947.48705612875,769523.9650931762,31779.810591044963,411762.44299941324,31138.830006450833,0.7760616613051506,0.013763830698868178,0.7760753449449903,0.013759951220895142,0.39024039795453597,0.03689919983428614,4459243.382951841,385644.03607889137,526.7076406948925,9115.109370942033,1167214.6929508173,39029.60921313724,0.28287637440788876,0.018857772518788125,0.42701699751483746,0.02653832166393696,0.8811468718857607,0.00789587801801204,0.9085678350567327,0.007662646474529672,240.0,0.0,60.0,0.0,1381983.7233778203,947233.1567481916,0.6854882281221293,0.8286326703392753,0.8710956429690334,3000,300,1165453.4906198464,769523.9650931762,0.7763231988952872,0.8811547298068778,0.9097327332136029,12000,300,"{""model__ccp_alpha"": 0.0, ""model__learning_rate"": 0.03, ""model__max_depth"": 5, ""model__max_features"": 0.6, ""model__min_samples_leaf"": 4, ""model__min_samples_split"": 2, ""model__n_estimators"": 300, ""model__subsample"": 0.7, ""select__k"": 20}",2,0.04
RandomForest__rdkit_descriptors_only,RandomForest,rdkit_descriptors_only,best_rmse,1478393.7901430645,148997.6294313474,1073427.4177090218,119344.23159584434,701026.8375468462,133446.43546668277,0.6292528268784315,0.06212120854801985,0.6387463992596062,0.056550341174531095,0.7019198923470543,0.21814122974813274,4251399.008962374,511570.6799831898,-4137.327828096194,232369.10160142847,1472904.1704058703,148260.85281293225,0.4164611465465007,0.04962036565899439,0.5959698734233035,0.09636598586702662,0.8046841876536045,0.03844938469100877,0.8429841759643693,0.041502399737188195,1591530.8662399556,88327.09896853621,1591530.8662399556,88327.09896853621,0.0,0.0,1591530.8662399556,88327.09896853621,1.0,0.0,220846.84019856763,180175.68236561914,1.1796617702063388,0.15208425498054473,1.1796617702063388,0.15208425498054473,0.10969491048690237,0.07290517009883829,1257546.9499444969,42158.8554240842,890922.228274068,37459.54059028315,551939.2898302929,45419.46242479427,0.7389477373653339,0.016766294147789518,0.7389683579570865,0.01676173306374582,0.568348244545819,0.03329141689172545,4423833.633950133,393166.21050449007,-2822.371087630529,10926.659144215086,1260125.5324641145,42238.73973343833,0.35394417799939526,0.013616497289657269,0.5332307979972805,0.01904745085379181,0.8642789210462367,0.009200208139889084,0.8897537458893447,0.008639498720940152,240.0,0.0,60.0,0.0,1485733.6525899295,1073427.4177090216,0.6364928395806043,0.799777231496104,0.8414325497754974,3000,300,1258239.306739208,890922.2282740679,0.7392900864823886,0.8643338428060737,0.8905779392697079,12000,300,"{""model__bootstrap"": true, ""model__ccp_alpha"": 0.001, ""model__max_depth"": 5, ""model__max_features"": 0.8, ""model__max_samples"": 1.0, ""model__min_samples_leaf"": 1, ""model__min_samples_split"": 2, ""model__n_estimators"": 300, ""select__k"": 40}",5,0.1
RandomForest__provided_only,RandomForest,provided_only,best_rmse,1532486.2818023637,189142.76524812492,1164443.1174632306,129650.33502717741,921753.1536129747,121970.32145361313,0.6012468775063844,0.07807677562495599,0.6105344406491156,0.0750372373009679,1.0116851785498546,0.336665268893377,4933825.737019179,814961.0884394178,14282.908032461204,233510.69881098805,1527849.4046278342,189250.86805777103,0.521204753811785,0.07359800599514725,0.7359057067463981,0.11475656182025398,0.7947609611929574,0.05401364087961863,0.8141637182876508,0.04191398613953648,1697654.741588439,79811.51448359157,1697654.741588439,79811.51448359157,0.0,0.0,1697654.741588439,79811.51448359157,1.0,0.0,336002.823644161,222067.84510925057,1.2879890842830404,0.1980784364752111,1.2879890842830404,0.1980784364752111,0.16192373897779672,0.08923633773526801,1196483.4581582027,69127.85925439782,894106.1736686564,52758.174682718134,699693.1054621077,47425.27119542151,0.763170616484181,0.027477874367044495,0.7631966868743689,0.02748099184967939,0.7981642140949963,0.07434281614197885,4687229.75482836,400876.0078899556,1931.9982483922777,12528.240800531134,1198917.226710248,69285.46129595986,0.43002453308828514,0.022253644588338957,0.6441068870393372,0.032469641712334886,0.8919010460281601,0.012332005220041575,0.9017586000128783,0.010045103312727885,240.0,0.0,60.0,0.0,1543882.6671237769,1164443.1174632306,0.6074819504221968,0.79087032350867,0.8102729536992891,3000,300,1198438.8817761235,894106.1736686564,0.7634827446691828,0.8914409335254363,0.8999619194305554,12000,300,"{""model__bootstrap"": true, ""model__ccp_alpha"": 0.0001, ""model__max_depth"": 5, ""model__max_features"": 0.8, ""model__max_samples"": 0.85, ""model__min_samples_leaf"": 1, ""model__min_samples_split"": 2, ""model__n_estimators"": 300}",5,0.1
DecisionTree__provided_plus_rdkit_descriptors,DecisionTree,provided_plus_rdkit_descriptors,best_rmse,1535100.4566467605,269812.1486386363,1112674.8766005945,180049.68727958982,738567.1025791268,171442.91876988483,0.5984482587632585,0.1108726300478719,0.6074887809484278,0.10747101828640204,0.7041102280329476,0.2625273997164235,4638555.69490605,1067431.8790434205,-33560.62271094095,234296.00114446477,1530728.4158223902,267343.42302685924,0.43476215232453813,0.05324691308401604,0.6057823301625143,0.10216305329057979,0.7830933262712354,0.06579568552393111,0.8175260531673725,0.05431984644230914,1505865.6840993436,89496.38611025394,1505865.6840993436,89496.38611025394,0.0,0.0,1505865.6840993436,89496.38611025394,1.0,0.0,302427.1254730247,263559.8005793536,1.2532376147024011,0.23259485702505892,1.2532376147024011,0.23259485702505892,0.14788566036048487,0.1062537441230061,1232673.331173736,131257.66013002206,864689.0288345155,94071.72122135536,553750.294749913,84145.50863971717,0.7463339191237434,0.05625942375955508,0.7463339191237434,0.05625942375955507,0.5353846819197458,0.10677040853215637,4949795.784602734,612270.8323525524,-3.4730571011702215e-12,6.812132378387171e-11,1235249.4537979926,131531.9711087028,0.354953399849576,0.03843575010647727,0.5197297295063841,0.05860396652771701,0.863286673633263,0.033043543488634905,0.8779344656632917,0.03053990935540192,240.0,0.0,60.0,0.0,1558164.3159946352,1112674.8766005947,0.6001864048987714,0.7773611748546396,0.8196924555156688,3000,300,1239502.9420146234,864689.0288345154,0.7469967074710597,0.8642897126953784,0.8813557645702004,12000,300,"{""model__ccp_alpha"": 0.0, ""model__max_depth"": 5, ""model__max_features"": 0.8, ""model__min_samples_leaf"": 1, ""model__min_samples_split"": 8, ""select__k"": 120}",3,0.06
DecisionTree__rdkit_descriptors_only,DecisionTree,rdkit_descriptors_only,best_rmse,1633512.5639596442,179953.4316459411,1178481.6376364937,135736.84564844467,759717.0082786585,166691.77485667265,0.5449519224276578,0.09294981197601274,0.5552596469657459,0.09027113737793475,0.7327169693697937,0.24775782270664595,4617118.947321658,648900.0578053319,11881.68939499691,245502.89969553225,1628975.4626686613,180959.09091351923,0.4441742475512913,0.049697031538745565,0.6199022258995008,0.09342449120285183,0.7523704315595906,0.0553989345459651,0.7899652497860628,0.052996219250366926,1646564.057292405,72070.18614032112,1646564.057292405,72070.18614032112,0.0,0.0,1646564.057292405,72070.18614032112,1.0,0.0,241632.7603615006,214426.80460580613,1.1794838361165159,0.1631668098590136,1.1794838361165159,0.1631668098590136,0.13446927784205337,0.10503446825174498,1391879.8035981439,80443.44104825445,982855.7842913157,71997.55809945046,602973.292978687,92010.97951939472,0.6794212002697111,0.03776623495037002,0.6794212002697111,0.037766234950370015,0.5835725004552179,0.1027568357212233,4854297.844874294,576047.2686932907,-6.732686112324395e-12,6.074162735823558e-11,1394788.6464858865,80611.55709588579,0.37738865598840904,0.032685829730731676,0.5445664689907566,0.05115715535120295,0.8239492350259151,0.023230398142905447,0.8481636063405734,0.026299154043194547,240.0,0.0,60.0,0.0,1643197.7572477204,1178481.6376364937,0.5553577611597423,0.7484366933862664,0.7914783774527926,3000,300,1394156.0572360388,982855.7842913156,0.6799234707427009,0.8245747211397528,0.8517294583372101,12000,300,"{""model__ccp_alpha"": 0.0001, ""model__max_depth"": 5, ""model__max_features"": 1.0, ""model__min_samples_leaf"": 1, ""model__min_samples_split"": 2, ""select__k"": 120}",6,0.12
DecisionTree__provided_only,DecisionTree,provided_only,best_rmse,1828923.912827894,224227.91708209587,1355768.4895574213,169763.0768856449,1026072.5245192499,188301.4055701461,0.42592971121568945,0.14219994000718966,0.43564302865320165,0.14202908673547188,1.0796011438594038,0.4708267092568177,5821408.723617375,893425.1322085359,-623.5059763436273,245216.62321261922,1828230.8789588322,224537.58853645108,0.5669110839024843,0.08777329306572211,0.7870657519079746,0.1387109000131329,0.6713703601060438,0.0922950762571926,0.6732603106884043,0.1007647311207946,1833905.2685893795,100345.19725218492,1833905.2685893795,100345.19725218492,0.0,0.0,1833905.2685893795,100345.19725218492,1.0,0.0,362683.8402331241,224844.40175493227,1.2538306940116606,0.16144005978940554,1.2538306940116606,0.16144005978940554,0.21599301394840148,0.14314780367613905,1466240.07259477,139726.41383037064,1053068.6009567934,124821.84201244875,779853.3695664053,116917.41142831252,0.6419227251640909,0.07180024396570005,0.6419227251640909,0.07180024396570003,0.8285774922321396,0.13352857238490468,6041885.953007993,639589.2871114633,2.8133702774842584e-12,4.6751474149996846e-11,1469304.3185130348,140018.42337318428,0.461640652833945,0.0446521788474677,0.6800275210596897,0.058599118357184725,0.7998794338665514,0.04646280541636994,0.7884819109766831,0.04817078789639987,240.0,0.0,60.0,0.0,1842345.0476326875,1355768.489557421,0.4410499597955241,0.6726590052664243,0.672188770170586,3000,300,1472750.1321643717,1053068.6009567934,0.6428183082353274,0.8017595077299222,0.7954491886947089,12000,300,"{""model__ccp_alpha"": 0.0001, ""model__max_depth"": 5, ""model__max_features"": 1.0, ""model__min_samples_leaf"": 1, ""model__min_samples_split"": 2}",5,0.1
KNN__provided_only,KNN,provided_only,best_rmse,2035142.0839260863,214099.84678679775,1587430.5918295488,169307.50388717774,1248176.140324442,213456.18664678224,0.2983616504912504,0.11527298817439258,0.31821929541425076,0.09990219095801958,1.5941861284334065,0.5784690848460152,5618119.748198417,1024213.6258924771,8948.057115520192,334880.41471692204,2025157.8076977222,213274.7717019471,0.660979514303193,0.08997318860192377,0.9211032358454752,0.13473008582684948,0.5702495003470358,0.09260446028485249,0.5397312946924434,0.08667398272320016,2099702.7684070156,74120.7106140468,2099702.7684070156,74120.7106140468,0.0,0.0,2099702.7684070156,74120.7106140468,1.0,0.0,2035142.0839260863,214099.84678679775,,,,,0.7016383495087496,0.11527298817439259,0.0,0.0,0.0,0.0,0.0,0.0,1.0,0.0,1.0,0.0,0.0,0.0,0.0,0.0,0.0,0.0,0.0,0.0,0.0,0.0,0.0,0.0,0.9999999999999999,1.2588745812754728e-16,0.9999999999999999,1.7943913813528857e-16,240.0,0.0,60.0,0.0,2046148.887855735,1587430.5918295488,0.31054565478737584,0.5582236295910282,0.5311671150794369,3000,300,0.0,0.0,1.0,0.9999999999999999,1.0,12000,300,"{""model__n_neighbors"": 9, ""model__p"": 1, ""model__weights"": ""distance""}",33,0.66
XGBoost__provided_plus_rdkit_descriptors,XGBoost,provided_plus_rdkit_descriptors,one_standard_error,962549.908922297,183688.07765074226,675925.1362386068,131296.57864555376,433988.771953125,89326.77940030639,0.838782463962273,0.057696608316072644,0.8426661194758778,0.05649641565903382,0.3463458322565564,0.09720012948824629,3088483.18,667437.4598324662,11271.593625976564,149293.29837762035,958981.5245045088,185837.837240837,0.3196915539181025,0.10694146956686715,0.676559798940865,0.5651194067897664,0.9200173960029783,0.029909062148840482,0.9388405469449992,0.02409938450376479,1100859.6985790913,83017.79055798896,1147143.6031688184,107052.55107801565,46283.90458972688,44723.19560584887,1174777.9402577681,106384.61422172502,10.26,9.03464985260545,544481.898236287,225617.97997444982,3.2320316955447566,1.9869087402308234,3.2320316955447566,1.9869087402308234,0.12326715078161582,0.04913381337994599,418068.01068600995,240436.65468927377,291442.9163081411,169240.84766487023,185514.0162890625,108116.15012068403,0.9620496147438888,0.03800621006113022,0.9620511536616586,0.038005136377698374,0.1538126331541806,0.08974304286958613,1784915.625,1109003.1337876173,-202.6111297556559,3083.919190161857,418932.4904219356,240935.59911663542,0.15607725185523524,0.0842317403045876,0.4729012193111363,0.3855573732624994,0.9810064341266858,0.019434932206761128,0.9853581337404975,0.013325307986020891,240.0,0.0,60.0,0.0,979575.8321028171,675925.1362386068,0.8419817773324068,0.9176092793799092,0.9426109670069758,3000,300,481076.34610190865,291442.9163081411,0.9618882354626557,0.9810195210414036,0.9856239356742037,12000,300,"{""model__colsample_bytree"": 1.0, ""model__gamma"": 0.0, ""model__learning_rate"": 0.1, ""model__max_depth"": 5, ""model__min_child_weight"": 4, ""model__n_estimators"": 200, ""model__reg_alpha"": 1.0, ""model__reg_lambda"": 3.0, ""model__subsample"": 0.85, ""select__k"": ""all""}",2,0.04
GBoost__provided_plus_rdkit_descriptors,GBoost,provided_plus_rdkit_descriptors,one_standard_error,1004609.6543172344,197207.11905216164,705648.4067996388,141169.73081111963,449234.3399886715,101338.85317385141,0.8254294905065152,0.05899322534667681,0.8294646073449884,0.05728136218255308,0.3583491563387927,0.09947347729007894,3228313.161794565,677890.5072226842,5764.169460698413,155160.2850657553,1001653.8139631752,196312.66223058035,0.31997846302635696,0.09845279507162262,0.6397392022043623,0.5137759865601027,0.9135341429755824,0.030010824830192857,0.9347089291241116,0.023868175388138308,1114559.419569774,85591.75933545665,1163585.4615357462,103358.20025077251,49026.04196597197,35525.7489680968,1186286.8646291604,101642.71940692521,14.02,14.00217184320099,480371.8262062651,211998.52067207234,2.7946355170306822,3.382625185872316,2.7946355170306822,3.382625185872316,0.12003912882723368,0.053441108185205005,524237.8281109694,234651.79884360355,369993.65071346523,164483.57539317146,243428.34012145174,105432.02606737666,0.9454686193337488,0.04199560705777172,0.9454720393441448,0.04199260721617748,0.19755269965265262,0.09053534658615325,2255680.347266255,1223004.8613945798,-431.47423161787424,4574.693408443429,525316.3782787104,235135.93589500157,0.19870042203236146,0.0703858340186756,0.6074761361131332,0.4056233571067973,0.9726155771056924,0.021558140679668998,0.9790328280932075,0.014793997521380662,240.0,0.0,60.0,0.0,1023402.8495153557,705648.4067996386,0.8275257389551374,0.9096927384798358,0.9384206704823531,3000,300,573398.2366462549,369993.65071346523,0.9458568205496845,0.9729121345284135,0.9793367634631379,12000,300,"{""model__ccp_alpha"": 0.0001, ""model__learning_rate"": 0.1, ""model__max_depth"": 3, ""model__max_features"": 0.8, ""model__min_samples_leaf"": 8, ""model__min_samples_split"": 8, ""model__n_estimators"": 300, ""model__subsample"": 0.7, ""select__k"": ""all""}",3,0.06
KNN__provided_plus_rdkit_descriptors,KNN,provided_plus_rdkit_descriptors,one_standard_error,1079677.676415874,152646.01247946583,753706.5062979384,105304.62358976767,471113.50248528353,91884.74618742766,0.7997839065958847,0.05346600012183923,0.8039973084211457,0.052625133667904736,0.25943883380486044,0.09565974913221195,3388521.259293229,620445.9092506216,-2375.721719163973,159289.11530956102,1077139.911403099,153730.00715402496,0.23718087159181092,0.035919726893868235,0.2891146950798749,0.06384782651698152,0.9009593985257278,0.02783267271518494,0.9360856959366239,0.02045958856743808,1260568.9754443613,82796.7498325801,1286923.874496994,95907.69770589334,26354.899052632685,22814.621736245783,1328344.7957585796,107132.10881821091,12.08,5.931032191544981,326937.4787364439,262454.3417884721,4.942813378992971,24.978755800279014,4.942813378992971,24.978755800279014,0.10285883512612416,0.06674149400001049,752740.1976794301,157432.6369393867,511501.75134506455,107228.77776786368,290158.833396962,62459.58958982702,0.9026427417220089,0.02135690496531999,0.9026429918365453,0.02135688783785226,0.16616426908073187,0.03458236672357979,3148752.398655881,730474.6456350873,52.246053252000365,1236.701285451668,754312.346673513,157761.54275530766,0.1582212420607405,0.03286686678394931,0.19615177698529446,0.04029497361143297,0.9500128396399335,0.011001655588747605,0.9692466239545082,0.006785285552911339,240.0,0.0,60.0,0.0,1090201.2080226953,753706.5062979383,0.8042758719213701,0.8980428116776585,0.9385869333727158,3000,300,768704.8456154563,511501.75134506467,0.9026916101087772,0.9501008426208059,0.970111440395987,12000,300,"{""model__n_neighbors"": 31, ""model__p"": 2, ""model__weights"": ""distance"", ""select__k"": 20}",18,0.36
GBoost__provided_only,GBoost,provided_only,one_standard_error,1114961.5584002265,166203.1451034757,824003.5069430274,124071.26000836634,601966.6255725658,109524.63341726127,0.7869624813539831,0.054200913338359115,0.791844833437207,0.05278990851828636,0.5647797856882111,0.23942547272063505,3615276.3951278757,709484.9923108572,6792.6483870292195,167278.39816959086,1111901.973017379,167451.34139108995,0.44480771233175914,0.13174508989703013,0.9335538450280931,0.5895852121600095,0.8929344199010203,0.029282467079841362,0.8930272389283972,0.030541533672748474,1328268.0061710756,85835.8283504495,1384540.1759562648,95628.88918924116,56272.169785189384,40785.743145486325,1408056.4619070613,95583.74604052248,13.94,11.108757347062648,747913.2716702301,171119.44895176374,3.9222621254908336,2.871175537348234,3.9222621254908336,2.871175537348234,0.18685682192447095,0.049155529889040116,367048.2867299967,155766.34246594761,270462.1129963211,116246.97429989856,199358.9790760606,86477.61582754263,0.9738193032784541,0.02017057869198549,0.9738207901604379,0.020167526020096686,0.18069555516843727,0.08405417705710677,1463695.1258877204,642173.8445727114,-361.71664767477864,3054.9168029117477,367806.3408722375,156083.1311365157,0.1942896341149805,0.08919764308712298,0.7188189751873708,0.39109151603965914,0.9878293701219654,0.009480839251145774,0.9844189168688513,0.011821149716212858,240.0,0.0,60.0,0.0,1127036.0652808333,824003.5069430274,0.7908264935681398,0.8904720438609984,0.8958912601774941,3000,300,398123.51747634844,270462.1129963211,0.9738984249915896,0.9876941258668064,0.9842346021157264,12000,300,"{""model__ccp_alpha"": 0.001, ""model__learning_rate"": 0.1, ""model__max_depth"": 3, ""model__max_features"": 0.8, ""model__min_samples_leaf"": 8, ""model__min_samples_split"": 2, ""model__n_estimators"": 300, ""model__subsample"": 1.0}",3,0.06
XGBoost__provided_only,XGBoost,provided_only,one_standard_error,1125710.4394479988,153605.47016444235,830367.2297376302,116640.44657220982,613832.075625,106342.909756912,0.783095932172668,0.05204847273203154,0.7884502394137479,0.05048729804931797,0.5785764105644704,0.2279792616824565,3567630.59,608361.7958869942,3994.4745957031237,176600.71615347214,1121578.2229052573,153798.82493043834,0.4090107046726199,0.09708964951835246,0.7313779975465716,0.42106403611618265,0.892009373587264,0.028388157771611536,0.8906938015115472,0.03782140595144276,1316985.446574348,80992.29278731269,1380543.0223055491,98678.88059614609,63557.57573120117,39287.981496234366,1400429.6212885873,96937.28984771363,11.04,8.14400994346051,736701.3178697778,178538.55199341584,3.6304342633698394,2.1818724240500473,3.6304342633698394,2.1818724240500473,0.18737804848135378,0.043738773868972104,389009.121578221,172415.99785747583,283095.4054847616,127606.16209895322,204679.959375,98732.60789038567,0.9704739806540219,0.02480672300755645,0.9704748839047036,0.024805208586832942,0.1897277035343317,0.09704772779428691,1611167.68,763336.8339759161,-518.9107256469727,2324.9107269547776,389816.9843363038,172771.5925967372,0.1843480169037144,0.09315328168173438,0.5742585865052157,0.42090232682210443,0.9864514728283518,0.01145827150778664,0.9829840279585821,0.013490132814890735,240.0,0.0,60.0,0.0,1135934.3031783826,830367.2297376302,0.7875104980944819,0.8897134524098366,0.8935225620323047,3000,300,424806.8119297341,283095.4054847616,0.9702823821548632,0.9861174953897411,0.9825044587020458,12000,300,"{""model__colsample_bytree"": 0.8, ""model__gamma"": 0.0, ""model__learning_rate"": 0.1, ""model__max_depth"": 4, ""model__min_child_weight"": 4, ""model__n_estimators"": 300, ""model__reg_alpha"": 1.0, ""model__reg_lambda"": 10.0, ""model__subsample"": 1.0}",3,0.06
RandomForest__provided_plus_rdkit_descriptors,RandomForest,provided_plus_rdkit_descriptors,one_standard_error,1322905.31002289,179410.33905376718,972392.0397512674,135286.19194042555,697433.137602059,148648.90105498192,0.7019350279959551,0.06716189431100396,0.7093739669337329,0.06455618686442281,0.6856713269431802,0.22266780008909776,4105341.2105728835,837290.7159852276,-26834.0185026404,207505.51087248605,1317961.5471106796,178292.0074371443,0.4032738290039846,0.06264575394038031,0.5848598578050508,0.10536506271821697,0.8517259046575357,0.04133208263022711,0.8820264845398966,0.03755855038099073,1419206.547165018,83896.00889499662,1451480.858357912,97980.65799465346,32274.311192893932,41150.53153915694,1491904.705375734,93442.10136333451,3.84,3.861690440885245,259387.5071090122,196145.69288423704,1.2508725747388412,0.19203209362000764,1.2508725747388412,0.19203209362000764,0.11043260994378924,0.07014354690005807,1063517.8029138779,82550.22028697812,772850.4958438891,61069.011828651885,537515.7405429763,58600.270966272285,0.8123676379397443,0.028974666719305632,0.8124179321952109,0.028963536699940607,0.5401433579934974,0.06071147129911663,4282603.276246852,459762.96249375213,-12580.341192892096,12055.627090330408,1065599.3698355802,82714.45295907173,0.3351382707934206,0.025044035394084577,0.5145086189927695,0.034767381893623085,0.9107046829986494,0.014180582381171532,0.9313394546189353,0.011600937271316798,240.0,0.0,60.0,0.0,1334774.425755513,972392.0397512674,0.7066089893418939,0.8482935259108962,0.881830080964482,3000,300,1066652.8794349183,772850.4958438891,0.8126398310553988,0.9104620643208449,0.9296820743819568,12000,300,"{""model__bootstrap"": true, ""model__ccp_alpha"": 0.001, ""model__max_depth"": 5, ""model__max_features"": 0.8, ""model__max_samples"": 1.0, ""model__min_samples_leaf"": 1, ""model__min_samples_split"": 2, ""model__n_estimators"": 300, ""select__k"": 40}",5,0.1
KNN__rdkit_descriptors_only,KNN,rdkit_descriptors_only,one_standard_error,1373738.8695548433,160680.84512633414,940219.7891214107,119755.23121072196,541352.4772172109,97536.87324224763,0.6788498438522756,0.06328303024868867,0.6876506850549721,0.058710790865589,0.42237737594695857,0.1158813598913683,4146582.334972724,660893.0303586196,-3021.331180856569,228736.45435968626,1366978.1408252472,156796.70928356168,0.3202972026761895,0.04032958713687573,0.44587047222392484,0.07920371965338821,0.8352155202581284,0.03352812774425424,0.8779572825430327,0.032351147374817375,1451998.937421916,85797.96867736914,1485399.2610607133,94907.31940737892,33400.323638797265,24956.936119886424,1520085.3779113402,106389.43601132635,20.14,11.714303135875548,215168.19698941935,202110.4542787464,1.1924872095447339,0.18819343647891254,1.1924872095447339,0.18819343647891254,0.09954521425360778,0.07720369655955373,1158570.6725654239,45102.46920471594,756580.3583250747,33656.03892374758,399886.7807649633,29387.897801206807,0.7783950581058835,0.015879409487631165,0.7784366363597767,0.015883817446845933,0.34890373216948656,0.03815183284762113,4444073.560137952,371918.51505093335,-1423.8722455028933,16042.084349095803,1160881.9603358468,45197.22732203392,0.26064364160553327,0.018674268315016423,0.39808391120398134,0.034320424175031894,0.882264505199088,0.008999916495343813,0.9105554831089279,0.00853793354430381,240.0,0.0,60.0,0.0,1382917.368838978,940219.7891214107,0.6850631266200757,0.8294539595259832,0.8758672035062844,3000,300,1159430.701423114,756580.3583250747,0.7786290435022827,0.8824003894789384,0.9120321733870157,12000,300,"{""model__n_neighbors"": 31, ""model__p"": 2, ""model__weights"": ""distance"", ""select__k"": 20}",24,0.48
XGBoost__rdkit_descriptors_only,XGBoost,rdkit_descriptors_only,one_standard_error,1408783.3370900964,165402.5955891974,992218.39703125,127107.96555631248,598973.03875,109508.5093672335,0.663100260983189,0.06244879880498526,0.6720826619562417,0.05735325135150009,0.5712419262776927,0.20188821301243876,4205266.165,630257.5695987917,-8130.1656979166655,230742.6914860268,1402443.3871680861,161617.68798093905,0.3756007252159275,0.048968547688242735,0.5347995033724688,0.09369689969454785,0.8242210222585277,0.034959969349430374,0.8607161979837408,0.03934845053609299,1461516.6236138025,84958.04149557617,1509628.4167482122,97257.28827641234,48111.793134409614,31182.862042744615,1528693.181094322,104362.08376479465,37.92,22.15791193286249,216194.00105162966,196207.61088240077,1.1865662912836237,0.17656563672750597,1.1865662912836237,0.17656563672750597,0.10195929185156849,0.07343025641921416,1192589.3360384668,50035.32683290272,811385.939486979,51270.14769636156,460787.8840625,59589.50840263234,0.7650595528347575,0.019403667055620497,0.7650678599234255,0.019400514092532968,0.4519674605270268,0.06475428316530607,4433865.155,374000.8043197346,-2658.6380963541665,6663.056624639612,1195060.7616362155,50132.05544020762,0.3137352301701638,0.03106936119668933,0.4687915861708393,0.043775057079697914,0.8755189293833547,0.010534729088296085,0.9014415336565748,0.011092848237801593,240.0,0.0,60.0,0.0,1418267.0232074775,992218.39703125,0.6687567331014153,0.8178258828205989,0.8594206053600478,3000,300,1193617.5215224184,811385.9394869792,0.7653819505586146,0.8754266869380241,0.9025080800715799,12000,300,"{""model__colsample_bytree"": 0.6, ""model__gamma"": 0.0, ""model__learning_rate"": 0.1, ""model__max_depth"": 2, ""model__min_child_weight"": 8, ""model__n_estimators"": 300, ""model__reg_alpha"": 1.0, ""model__reg_lambda"": 3.0, ""model__subsample"": 0.85, ""select__k"": 20}",3,0.06
GBoost__rdkit_descriptors_only,GBoost,rdkit_descriptors_only,one_standard_error,1414719.0292497182,182879.24023834284,992886.4406508658,154431.0728155476,597335.0924955377,154462.4888078988,0.6600535797187622,0.06890744038903342,0.6689712224660864,0.06428799125930408,0.5549039818512815,0.20165434266686733,4235924.669107456,613287.5767769592,-13656.11817480599,230512.48343710735,1408585.2625975995,179073.4138799172,0.372810093164672,0.05499890480036449,0.5251951615327534,0.09696150991231393,0.822188885743937,0.03803047092686876,0.8627194605704399,0.039695107852496046,1460756.3244079156,84764.42006371394,1504074.538983074,102332.99548093513,43318.214575158636,33228.7262715169,1525625.8196109808,104976.61914664738,39.88,21.697023213485547,224176.94501815806,201637.2860837447,1.1924165348869717,0.17928140714029925,1.1924165348869717,0.17928140714029925,0.10560589547288554,0.07688219814235617,1190542.0842315601,52461.996207610275,807657.0595722168,53626.931004597674,456510.8420392499,63612.81797716693,0.7656594751916477,0.02301418059617144,0.7656724757581317,0.02301471936256898,0.44464764460547024,0.07820285720212138,4449019.317044599,402681.6021345515,-1609.8235834443994,8788.107652876926,1192997.0089397624,52576.3871292687,0.3112680857705485,0.03365910791338851,0.4636954432499321,0.04844062696440984,0.8758368561734846,0.011695093124425661,0.9017863958329942,0.011893200790097981,240.0,0.0,60.0,0.0,1426255.8858427948,992886.4406508659,0.6650145465064832,0.8156529124129959,0.8592117137355758,3000,300,1191674.3137919826,807657.0595722169,0.7661452444738202,0.8757072982803115,0.902539671553469,12000,300,"{""model__ccp_alpha"": 0.001, ""model__learning_rate"": 0.1, ""model__max_depth"": 2, ""model__max_features"": 1.0, ""model__min_samples_leaf"": 8, ""model__min_samples_split"": 8, ""model__n_estimators"": 300, ""model__subsample"": 0.85, ""select__k"": 40}",3,0.06
RandomForest__rdkit_descriptors_only,RandomForest,rdkit_descriptors_only,one_standard_error,1541308.2232419597,178349.1808795594,1132027.2379460528,156103.1422731065,768893.7730896297,177446.0226748092,0.5970190424301611,0.07450531148881533,0.6067197974695141,0.07061433471650895,0.7730468543973589,0.256621076480495,4363902.5755184535,558260.2064404971,-11884.986692628705,235121.3898169546,1536477.4238712715,179555.5306927592,0.4382708125747847,0.058685539308853285,0.6262081252879645,0.104590185260005,0.7859563340251288,0.04882497178580042,0.8259893947760061,0.051593348775255746,1591530.8662399556,88327.09896853621,1637246.9279576214,111657.78328375064,45716.06171766581,46819.46980764862,1662206.1326054805,103350.17111387025,7.94,10.432308528053118,225749.17038535894,181313.88406303557,1.174987378846253,0.14629277304980068,1.174987378846253,0.14629277304980068,0.11616393613338415,0.07473206578815388,1315559.0528566008,85076.69672486525,946183.3537601902,77057.631434188,604085.9007865207,80797.82637999291,0.7131829785635452,0.04052929134301482,0.7132082029482126,0.040534201433417856,0.6262552248962995,0.08399991352659546,4452358.520706322,413587.12242906407,-5538.123455270783,11117.339415150851,1318249.4439326066,85272.4480207339,0.3758486944750368,0.0324626466462588,0.5607964267052142,0.04092041527163174,0.8517255399034177,0.021359678384568048,0.879645793147686,0.0164390441026719,240.0,0.0,60.0,0.0,1551387.5404770044,1132027.2379460528,0.603656584501028,0.7800554070671589,0.8247510584863597,3000,300,1318252.2160011942,946183.3537601902,0.7138273868051794,0.851686593059289,0.8801086921493407,12000,300,"{""model__bootstrap"": true, ""model__ccp_alpha"": 0.001, ""model__max_depth"": 5, ""model__max_features"": 0.8, ""model__max_samples"": 1.0, ""model__min_samples_leaf"": 1, ""model__min_samples_split"": 2, ""model__n_estimators"": 300, ""select__k"": 40}",4,0.08
DecisionTree__provided_plus_rdkit_descriptors,DecisionTree,provided_plus_rdkit_descriptors,one_standard_error,1554281.209761515,238105.1046308152,1137277.144566603,180609.93924947135,797074.3507111832,204490.81735781542,0.5851732890995103,0.11392100415588574,0.5935985953242139,0.11058902803578442,0.736407540632425,0.2388312399764853,4778832.725460767,1185024.7906060317,-19985.7518926008,222630.1949300911,1551910.7991856616,236919.02707411913,0.4529841628132077,0.06382228205846345,0.6278768742967435,0.10354430768083252,0.7733855067215564,0.07032320495753694,0.7938046957514066,0.07466204829031908,1505865.6840993436,89496.38611025394,1549008.094375995,102032.85710581871,43142.41027665139,47454.47385866423,1602081.8099228693,96223.64796832489,5.26,4.873124966464077,271267.6971576026,235669.32571618844,1.219442644913169,0.19945350761563868,1.219442644913169,0.19945350761563868,0.14021679558258546,0.11218709688578062,1283013.5126039123,134729.95447126337,909744.3692704327,105463.98202511952,601368.5606288624,101919.24636915827,0.7253900846820958,0.05903169495546186,0.7253900846820958,0.05903169495546186,0.5513642332856697,0.11849607365350404,5277455.868969052,747215.6607338858,-8.614733815193177e-12,6.642614248998628e-11,1285694.83948384,135011.5220813519,0.3690313510680503,0.04427156131943541,0.5304161377081327,0.06637395201136283,0.8509919886489274,0.03503234565776756,0.8661910610829332,0.037277960210693545,240.0,0.0,60.0,0.0,1572052.8741273128,1137277.144566603,0.5930272347823677,0.7715140259915272,0.7998632099293311,3000,300,1289927.4363092761,909744.3692704327,0.7259930304856319,0.852052246335653,0.8697205276179236,12000,300,"{""model__ccp_alpha"": 0.001, ""model__max_depth"": 5, ""model__max_features"": 1.0, ""model__min_samples_leaf"": 1, ""model__min_samples_split"": 8, ""select__k"": 20}",2,0.04
RandomForest__provided_only,RandomForest,provided_only,one_standard_error,1603076.6811727379,197893.868473468,1222592.497809214,140303.23406827645,968137.3151947234,131022.87831717366,0.5638362739690533,0.08422073258305302,0.5735724307901284,0.0818695667808605,1.057841805890863,0.3659801468827706,5088244.431942641,810191.9178869189,12545.27394613169,238145.03579408326,1598972.884051646,199606.22570220704,0.5401264084736302,0.07826442876628692,0.7561081050528208,0.11878672456476493,0.7709170531709614,0.05994535718901776,0.7913154094597197,0.05228163468841306,1697654.741588439,79811.51448359157,1752055.072172822,104640.04499964067,54400.3305843829,52833.514630038815,1784866.4982867814,89313.4394976835,6.1,4.190611469677894,307203.1416629384,222229.77604026246,1.2467437129259114,0.18944300850656018,1.2467437129259114,0.18944300850656018,0.1564922494679221,0.09489698704634161,1295873.5395097996,124749.21243545141,972682.8646249219,99230.1587942506,764152.9969800491,85339.86223918325,0.7203285234369754,0.05598314002204018,0.7203629794627918,0.05598797998908779,0.857138193630916,0.12053957955844198,5006754.198838629,506310.1688394111,1750.6871758447023,14547.562843999553,1298499.0100844805,125024.27614669818,0.45580136463018045,0.03741046194740477,0.6718481194225556,0.05029098522148077,0.8682388421732855,0.02956505910499652,0.8809007739076538,0.026418635528723863,240.0,0.0,60.0,0.0,1615002.6592038807,1222592.497809214,0.5704857938096513,0.7669739391823616,0.7867815908357754,3000,300,1301744.7326894994,972682.8646249218,0.7209495628059154,0.8681447562843209,0.8785726400873554,12000,300,"{""model__bootstrap"": true, ""model__ccp_alpha"": 0.001, ""model__max_depth"": 5, ""model__max_features"": 1.0, ""model__max_samples"": 1.0, ""model__min_samples_leaf"": 1, ""model__min_samples_split"": 8, ""model__n_estimators"": 100}",4,0.08
DecisionTree__rdkit_descriptors_only,DecisionTree,rdkit_descriptors_only,one_standard_error,1655377.4830872775,183750.13866617542,1205634.5906240554,149660.30241009008,793084.2000590843,186421.1601573953,0.5348788852922483,0.08313998270773558,0.5469982945963711,0.08059935829811793,0.7675135870171771,0.2847447690387275,4693955.854159888,733492.5500700901,-20215.54787182238,268338.68299937405,1647784.4557382176,183500.07887769624,0.4609564327909323,0.05469486860352229,0.637860190099953,0.09603794462872653,0.7454866629914985,0.05138841459527588,0.7800177878557255,0.059694357422684696,1646564.057292405,72070.18614032112,1678978.7735420603,89680.10069065442,32414.716249655303,40445.005252466646,1719971.1670318416,93614.67524997653,4.82,4.614484736972818,238848.18076813937,206806.44628160467,1.1728235881242368,0.15259319946270875,1.1728235881242368,0.15259319946270875,0.13313535426905884,0.09321739002344205,1416529.302319138,76282.20472007942,1002202.4083095037,70244.05442581903,618979.7646311481,86925.09915501147,0.6680142395613072,0.03729361315243313,0.6680142395613072,0.03729361315243313,0.6154642588845171,0.10153970323491056,4916419.229504328,547276.0596492481,-3.686485191186269e-12,6.862218156128425e-11,1419489.65936698,76441.62433956644,0.38772327635881126,0.031851438183603996,0.5614747486633861,0.04934464737991389,0.817003127897133,0.023037869613628734,0.8396820956264313,0.02624266382901604,240.0,0.0,60.0,0.0,1665341.8395942051,1205634.5906240551,0.543292823738605,0.739667144093901,0.7787305129705705,3000,300,1418540.750063445,1002202.4083095036,0.6686288602449797,0.8176972913278971,0.8434788099222831,12000,300,"{""model__ccp_alpha"": 0.001, ""model__max_depth"": 5, ""model__max_features"": 0.6, ""model__min_samples_leaf"": 1, ""model__min_samples_split"": 8, ""select__k"": 120}",2,0.04
DecisionTree__provided_only,DecisionTree,provided_only,one_standard_error,1899988.2882247905,276718.4326699517,1427383.414451313,203931.6432017648,1106191.9636867882,192424.32614527366,0.37463648652462267,0.18929146707692796,0.3879635641390231,0.17773345424233167,1.131105005349919,0.4567629438213425,5897250.530289774,974337.795506101,-4642.219171116843,282891.4311865201,1896833.1938913176,266688.5748966999,0.5932334536194728,0.0931972204486847,0.8115391571904607,0.1373410778443273,0.6305892038080515,0.13003336756477762,0.635266287948353,0.1341476455642364,1833905.2685893795,100345.19725218492,1884483.7296315006,126046.3268468997,50578.46104212111,55168.29372381936,1927742.4757317142,120828.3618161916,12.14,15.632266473612866,314452.0149896606,271475.8804387364,1.2083631226096037,0.1791451623576461,1.2083631226096037,0.1791451623576461,0.20353868087255705,0.19300933037320195,1585536.2732351297,200753.6188510645,1170341.4122801954,180219.05581421056,894468.0405647081,175537.47086868968,0.5781751673971798,0.11133161215453155,0.5781751673971797,0.11133161215453154,0.9466052696254953,0.23702465495096756,6157836.553907594,543750.1201486663,-8.47891593972842e-12,7.93306464357962e-11,1588849.8322793348,201173.16710147666,0.5052643883987709,0.06795231905654676,0.7245429374198422,0.08847655939513673,0.7565391860982927,0.07708746222015136,0.7458578504562938,0.08341830162939486,240.0,0.0,60.0,0.0,1919634.633088051,1427383.4144513132,0.39316837981940855,0.6356361756025392,0.6385109765045848,3000,300,1597942.8177868277,1170341.4122801956,0.5795120861397384,0.7612569120472655,0.7549192155318322,12000,300,"{""model__ccp_alpha"": 0.001, ""model__max_depth"": 5, ""model__max_features"": 0.8, ""model__min_samples_leaf"": 1, ""model__min_samples_split"": 8}",2,0.04
KNN__provided_only,KNN,provided_only,one_standard_error,2118253.6472639875,189590.59979117467,1710347.0775815528,165388.762952356,1414672.5117885377,202148.69889852256,0.24251535272342464,0.08758395608742799,0.2612939253844846,0.07246563056937194,1.7337602489521489,0.6042133981643933,5692970.357977664,840065.3769480187,-15187.744916069089,323798.3638484429,2111448.3673807983,191485.4077961918,0.7062311816762399,0.08873044961643377,0.9559357989256111,0.13057944789737091,0.5383575801503837,0.08655022203640682,0.5196768664657384,0.07766050252769309,2099702.7684070156,74120.7106140468,2157563.774636022,95074.7768284654,57861.00622900628,49495.103635704625,2177659.0919077783,91501.25589982231,7.86,5.6424412143276115,1568754.4494121184,913294.9427487444,1.0403701865146353,0.09835071394785848,1.0403701865146353,0.09835071394785848,0.5650381538516378,0.32328943523110143,549499.1978518694,937223.3134019676,450812.5291318484,769551.781223073,384541.7334869432,657982.2541853924,0.8075535065750624,0.3287763856582994,0.8076035108166131,0.3286951957098278,0.4679515803814321,0.8006033479941103,1608501.9794162828,2744703.2327628746,-1888.6917078853044,17570.8273481487,550574.0651701338,939058.9575303394,0.18613326790396886,0.3175113766592376,0.25278691707000345,0.43110006831118175,0.8872291329222631,0.19348654279435787,0.8859921922448356,0.19537151680647,240.0,0.0,60.0,0.0,2126552.1902285353,1710347.0775815526,0.2552969361621913,0.5221308290130992,0.5035107030031255,3000,300,1078317.7439142542,450812.5291318484,0.8085195001536419,0.8994748382526052,0.8923850637640387,12000,300,"{""model__n_neighbors"": 9, ""model__p"": 1, ""model__weights"": ""distance""}",10,0.2
