model,feature_set,feature,n_correlated_features,max_abs_pearson_r,mean_abs_pearson_r,n_abs_pearson_ge_threshold
XGBoost,provided_only,Viscosity (mPa.s),4,0.6763960793487617,0.31452707777905653,0
XGBoost,provided_only,Concentration (% w/v),4,0.6763960793487617,0.16909901983719072,0
XGBoost,provided_only,Molecular weight (Da),4,0.2825561397558835,0.13138792115373948,0
XGBoost,provided_only,"Glass transition temperature (Tg, degC)",4,0.2825561397558835,0.1397613490584546,0
XGBoost,provided_only,Solubility (mg/mL),4,0.09999581407378783,0.034441049429279946,0
XGBoost,provided_plus_rdkit_descriptors,rdkit_fr_ether,141,0.9874408034780916,0.5208598874610882,59
XGBoost,provided_plus_rdkit_descriptors,rdkit_VSA_EState7,141,0.9803053772313759,0.5073195881175946,58
XGBoost,provided_plus_rdkit_descriptors,rdkit_fr_Al_OH,141,0.9996506894539373,0.5213514788562434,54
XGBoost,provided_plus_rdkit_descriptors,rdkit_fr_Al_OH_noTert,141,0.9996506894539373,0.518301609560895,54
XGBoost,provided_plus_rdkit_descriptors,rdkit_SMR_VSA1,141,0.9994802450779516,0.5175467583166172,54
XGBoost,provided_plus_rdkit_descriptors,rdkit_NOCount,141,0.9994802450779516,0.5164229537400765,54
XGBoost,provided_plus_rdkit_descriptors,rdkit_SlogP_VSA2,141,0.9993086153958131,0.5192766214871478,54
XGBoost,provided_plus_rdkit_descriptors,rdkit_NumHAcceptors,141,0.9993086153958131,0.5190343628802304,54
XGBoost,provided_plus_rdkit_descriptors,rdkit_NumHeteroatoms,141,0.9986350104582846,0.5135265008183137,54
XGBoost,provided_plus_rdkit_descriptors,rdkit_TPSA,141,0.9984944660633416,0.5145003560204019,54
XGBoost,provided_plus_rdkit_descriptors,rdkit_EState_VSA1,141,0.9982154155290041,0.5230215927259719,54
XGBoost,provided_plus_rdkit_descriptors,rdkit_VSA_EState3,141,0.9979449411624748,0.5211624190395395,54
XGBoost,provided_plus_rdkit_descriptors,rdkit_NumHDonors,141,0.9973003748533591,0.5178146981172569,54
XGBoost,provided_plus_rdkit_descriptors,rdkit_PEOE_VSA1,141,0.9960502232308481,0.5191066947457362,54
XGBoost,provided_plus_rdkit_descriptors,rdkit_PEOE_VSA10,141,0.9960502232308481,0.5145429443918139,54
XGBoost,provided_plus_rdkit_descriptors,rdkit_NHOHCount,141,0.9958770053581469,0.5160227648161426,54
XGBoost,provided_plus_rdkit_descriptors,rdkit_NumAtomStereoCenters,141,0.9902975070691958,0.5351382770773413,54
XGBoost,provided_plus_rdkit_descriptors,rdkit_VSA_EState1,141,0.9865203332195561,0.5127260560472409,54
XGBoost,provided_plus_rdkit_descriptors,rdkit_MolLogP,141,0.9763540127556751,0.5006042303587904,54
XGBoost,provided_plus_rdkit_descriptors,Molecular weight (Da),141,0.9999999999532571,0.5304910722195463,53
XGBoost,provided_plus_rdkit_descriptors,rdkit_MolWt,141,0.9999999999532571,0.5304914426984008,53
XGBoost,provided_plus_rdkit_descriptors,rdkit_ExactMolWt,141,0.9999998645964124,0.5305000041373432,53
XGBoost,provided_plus_rdkit_descriptors,rdkit_HeavyAtomMolWt,141,0.9999509987115432,0.5294815224041457,53
XGBoost,provided_plus_rdkit_descriptors,rdkit_NumValenceElectrons,141,0.9998979117610365,0.5323942703855881,53
XGBoost,provided_plus_rdkit_descriptors,rdkit_HeavyAtomCount,141,0.9998979117610365,0.532498254178774,53
XGBoost,provided_plus_rdkit_descriptors,rdkit_Chi1,141,0.9998722261552233,0.532614077094848,53
XGBoost,provided_plus_rdkit_descriptors,rdkit_Chi0,141,0.9997602339681322,0.5314692153288523,53
XGBoost,provided_plus_rdkit_descriptors,rdkit_Chi0n,141,0.9996540818571622,0.5359036188241685,53
XGBoost,provided_plus_rdkit_descriptors,rdkit_MolMR,141,0.9996116534111221,0.5356337199832806,53
XGBoost,provided_plus_rdkit_descriptors,rdkit_Chi0v,141,0.9994474112396179,0.5338488978359497,53
XGBoost,provided_plus_rdkit_descriptors,rdkit_LabuteASA,141,0.9993912744215177,0.5323291412474462,53
XGBoost,provided_plus_rdkit_descriptors,rdkit_Kappa1,141,0.998331347976237,0.5273753708208697,53
XGBoost,provided_plus_rdkit_descriptors,rdkit_SlogP_VSA3,141,0.9872189157419092,0.5030705194717336,53
XGBoost,provided_plus_rdkit_descriptors,rdkit_SMR_VSA6,141,0.955258398207116,0.47781135621696513,53
XGBoost,provided_plus_rdkit_descriptors,rdkit_NumRotatableBonds,141,0.9493168259519358,0.4645771466463589,53
XGBoost,provided_plus_rdkit_descriptors,rdkit_Chi1n,141,0.9996540818571622,0.5379911424720893,52
XGBoost,provided_plus_rdkit_descriptors,rdkit_Chi1v,141,0.9994474112396179,0.5355204993948083,52
XGBoost,provided_plus_rdkit_descriptors,rdkit_BertzCT,141,0.9925274795657165,0.522287305148583,52
XGBoost,provided_plus_rdkit_descriptors,rdkit_SMR_VSA5,141,0.9916137058954767,0.5444239380818685,52
XGBoost,provided_plus_rdkit_descriptors,rdkit_Chi2n,141,0.9991493677161384,0.5403614256204079,51
XGBoost,provided_plus_rdkit_descriptors,rdkit_Chi2v,141,0.9985405634326877,0.5374570523235236,51
XGBoost,provided_plus_rdkit_descriptors,rdkit_Kappa2,141,0.9961627738011175,0.5207265374808384,51
XGBoost,provided_plus_rdkit_descriptors,rdkit_Phi,141,0.9961627738011175,0.5082268972964923,51
XGBoost,provided_plus_rdkit_descriptors,rdkit_Chi3n,141,0.9991493677161384,0.5414090188103701,50
XGBoost,provided_plus_rdkit_descriptors,rdkit_Chi3v,141,0.9985405634326877,0.5380971648493919,50
XGBoost,provided_plus_rdkit_descriptors,rdkit_Kappa3,141,0.9918426088063226,0.49952482965640843,50
XGBoost,provided_plus_rdkit_descriptors,rdkit_EState_VSA10,141,0.9822605364030031,0.5182651296826142,50
XGBoost,provided_plus_rdkit_descriptors,rdkit_PEOE_VSA9,141,0.9610257220877161,0.5191956792627328,50
XGBoost,provided_plus_rdkit_descriptors,rdkit_Chi4n,141,0.9982970718254657,0.5418611793794738,49
XGBoost,provided_plus_rdkit_descriptors,rdkit_Chi4v,141,0.9982566232425121,0.5382650922659107,49
XGBoost,provided_plus_rdkit_descriptors,rdkit_EState_VSA9,141,0.9083105384792625,0.44970653877685834,48
XGBoost,provided_plus_rdkit_descriptors,rdkit_PEOE_VSA12,141,0.9896857681940795,0.40886381572076963,39
XGBoost,provided_plus_rdkit_descriptors,rdkit_qed,141,0.8592724222080546,0.4664938793724431,39
XGBoost,provided_plus_rdkit_descriptors,rdkit_VSA_EState5,141,0.9896857681940795,0.4061283316282151,37
XGBoost,provided_plus_rdkit_descriptors,rdkit_VSA_EState8,141,0.9154517254925484,0.43646020944959757,24
XGBoost,provided_plus_rdkit_descriptors,rdkit_NumAliphaticCarbocycles,141,0.9683554571752844,0.2179016789165954,15
XGBoost,provided_plus_rdkit_descriptors,rdkit_NumSaturatedCarbocycles,141,0.9683554571752844,0.2016254193221349,13
XGBoost,provided_plus_rdkit_descriptors,rdkit_SlogP_VSA4,141,1.0,0.2138446631420138,12
XGBoost,provided_plus_rdkit_descriptors,rdkit_EState_VSA6,141,1.0,0.21384466314201386,12
XGBoost,provided_plus_rdkit_descriptors,rdkit_fr_allylic_oxid,141,1.0,0.21384466314201384,12
XGBoost,provided_plus_rdkit_descriptors,rdkit_fr_bicyclic,141,1.0,0.21384466314201384,12
XGBoost,provided_plus_rdkit_descriptors,rdkit_PEOE_VSA6,141,0.9935203948239331,0.22021333121202472,12
XGBoost,provided_plus_rdkit_descriptors,rdkit_SMR_VSA4,141,0.9920704222316595,0.20891662879085843,12
XGBoost,provided_plus_rdkit_descriptors,rdkit_PEOE_VSA7,141,0.9888081313597826,0.20972657730788433,12
XGBoost,provided_plus_rdkit_descriptors,rdkit_SlogP_VSA5,141,0.9830000840388,0.20517801759088386,12
XGBoost,provided_plus_rdkit_descriptors,rdkit_EState_VSA3,141,0.9711515765524835,0.1990419452969827,12
XGBoost,provided_plus_rdkit_descriptors,rdkit_EState_VSA8,141,0.9448705761961358,0.20972999984162408,12
XGBoost,provided_plus_rdkit_descriptors,rdkit_EState_VSA4,141,0.9268723911794542,0.2192443496832871,12
XGBoost,provided_plus_rdkit_descriptors,rdkit_NumAliphaticRings,141,1.0,0.4486083949487946,9
XGBoost,provided_plus_rdkit_descriptors,rdkit_RingCount,141,1.0,0.4486083949487946,9
XGBoost,provided_plus_rdkit_descriptors,rdkit_NumSaturatedRings,141,0.9988861594793783,0.44350457429378004,9
XGBoost,provided_plus_rdkit_descriptors,rdkit_NumAliphaticHeterocycles,141,1.0,0.42769113956269256,7
XGBoost,provided_plus_rdkit_descriptors,rdkit_NumHeterocycles,141,1.0,0.42769113956269256,7
XGBoost,provided_plus_rdkit_descriptors,rdkit_NumSaturatedHeterocycles,141,1.0,0.42769113956269256,7
XGBoost,provided_plus_rdkit_descriptors,rdkit_MaxAbsPartialCharge,141,0.9896526802708405,0.14418312879939135,7
XGBoost,provided_plus_rdkit_descriptors,rdkit_PEOE_VSA3,141,0.9896526802708405,0.1491836434785221,6
XGBoost,provided_plus_rdkit_descriptors,rdkit_SMR_VSA3,141,1.0,0.13086322649405016,5
XGBoost,provided_plus_rdkit_descriptors,rdkit_fr_Al_COO,141,1.0,0.12379341827227733,5
XGBoost,provided_plus_rdkit_descriptors,rdkit_fr_COO,141,1.0,0.12379341827227733,5
XGBoost,provided_plus_rdkit_descriptors,rdkit_fr_COO2,141,1.0,0.12379341827227733,5
XGBoost,provided_plus_rdkit_descriptors,rdkit_fr_NH1,141,1.0,0.13086322649405013,5
XGBoost,provided_plus_rdkit_descriptors,rdkit_BCUT2D_CHGLO,141,0.9632184925019488,0.38941756746825706,5
XGBoost,provided_plus_rdkit_descriptors,rdkit_BCUT2D_LOGPLOW,141,0.9632184925019488,0.3539232600902798,5
XGBoost,provided_plus_rdkit_descriptors,rdkit_BCUT2D_CHGHI,141,0.9523798010750122,0.4529516905191994,5
XGBoost,provided_plus_rdkit_descriptors,rdkit_BCUT2D_LOGPHI,141,0.9523798010750122,0.45181297735718595,5
XGBoost,provided_plus_rdkit_descriptors,rdkit_BCUT2D_MRLOW,141,0.9413221705795478,0.390002168128437,5
XGBoost,provided_plus_rdkit_descriptors,rdkit_SlogP_VSA12,141,0.9387233815159304,0.10817309659711105,5
XGBoost,provided_plus_rdkit_descriptors,rdkit_SPS,141,0.9181142288280022,0.36882555506928283,5
XGBoost,provided_plus_rdkit_descriptors,rdkit_VSA_EState10,141,0.99996088983863,0.07009824453242064,4
XGBoost,provided_plus_rdkit_descriptors,rdkit_fr_alkyl_halide,141,0.99996088983863,0.06992217488892288,4
XGBoost,provided_plus_rdkit_descriptors,rdkit_PEOE_VSA5,141,0.9997822148147503,0.08176209038340616,4
XGBoost,provided_plus_rdkit_descriptors,rdkit_fr_halogen,141,0.9997822148147503,0.08106447242980579,4
XGBoost,provided_plus_rdkit_descriptors,rdkit_MinPartialCharge,141,0.9857555878467046,0.11727295723949885,4
XGBoost,provided_plus_rdkit_descriptors,rdkit_VSA_EState2,141,0.9317413777350917,0.2588006972330498,4
XGBoost,provided_plus_rdkit_descriptors,rdkit_NumAmideBonds,141,1.0,0.11955773099260082,3
XGBoost,provided_plus_rdkit_descriptors,rdkit_fr_amide,141,1.0,0.11955773099260082,3
XGBoost,provided_plus_rdkit_descriptors,rdkit_MaxPartialCharge,141,0.98737660999735,0.18325967627143666,3
XGBoost,provided_plus_rdkit_descriptors,rdkit_MinAbsPartialCharge,141,0.98737660999735,0.20293642126981767,3
XGBoost,provided_plus_rdkit_descriptors,rdkit_SlogP_VSA1,141,0.9742351148780696,0.12670862251519174,3
XGBoost,provided_plus_rdkit_descriptors,rdkit_VSA_EState6,141,0.9742351148780696,0.13150848948411778,3
XGBoost,provided_plus_rdkit_descriptors,rdkit_VSA_EState9,141,0.9678610667285926,0.10367358476673086,3
XGBoost,provided_plus_rdkit_descriptors,rdkit_fr_C_O,141,0.9441326755472582,0.25763846569602716,3
XGBoost,provided_plus_rdkit_descriptors,rdkit_fr_C_O_noCOO,141,0.9441326755472582,0.24481432190916208,3
XGBoost,provided_plus_rdkit_descriptors,rdkit_FractionCSP3,141,0.8839043879658438,0.29139673850644565,3
XGBoost,provided_plus_rdkit_descriptors,rdkit_SMR_VSA7,141,1.0,0.20825991657951187,2
XGBoost,provided_plus_rdkit_descriptors,rdkit_SlogP_VSA6,141,1.0,0.20825991657951187,2
XGBoost,provided_plus_rdkit_descriptors,rdkit_FpDensityMorgan2,141,0.9697200584567873,0.4123545935836714,2
XGBoost,provided_plus_rdkit_descriptors,rdkit_FpDensityMorgan3,141,0.9697200584567873,0.36307053035900555,2
XGBoost,provided_plus_rdkit_descriptors,rdkit_fr_phos_acid,141,0.9678610667285926,0.11272286047488653,2
XGBoost,provided_plus_rdkit_descriptors,rdkit_FpDensityMorgan1,141,0.9652731648394224,0.4411191012287117,2
XGBoost,provided_plus_rdkit_descriptors,rdkit_fr_phos_ester,141,0.8479918754811034,0.09602577010397266,2
XGBoost,provided_plus_rdkit_descriptors,rdkit_BCUT2D_MWLOW,141,0.8302231926619098,0.32444283682284164,2
XGBoost,provided_plus_rdkit_descriptors,rdkit_MaxAbsEStateIndex,141,1.0,0.4068631465922035,1
XGBoost,provided_plus_rdkit_descriptors,rdkit_MaxEStateIndex,141,1.0,0.4068631465922035,1
XGBoost,provided_plus_rdkit_descriptors,rdkit_fr_ketone,141,1.0,0.11093334810063067,1
XGBoost,provided_plus_rdkit_descriptors,rdkit_fr_ketone_Topliss,141,1.0,0.11093334810063067,1
XGBoost,provided_plus_rdkit_descriptors,rdkit_VSA_EState4,141,0.9534802942493347,0.13026281095334638,1
XGBoost,provided_plus_rdkit_descriptors,rdkit_fr_NH2,141,0.9534802942493347,0.07731030249632644,1
XGBoost,provided_plus_rdkit_descriptors,rdkit_BCUT2D_MWHI,141,0.8354881917800029,0.11175685143417037,1
XGBoost,provided_plus_rdkit_descriptors,rdkit_MinEStateIndex,141,0.8115653599800906,0.2748762567469089,1
XGBoost,provided_plus_rdkit_descriptors,rdkit_BCUT2D_MRHI,141,0.804237749878322,0.20214080250543073,1
XGBoost,provided_plus_rdkit_descriptors,rdkit_PEOE_VSA14,141,0.7898353081970434,0.0715704969078804,0
XGBoost,provided_plus_rdkit_descriptors,rdkit_SMR_VSA10,141,0.7898353081970434,0.18388392998750996,0
XGBoost,provided_plus_rdkit_descriptors,rdkit_NumBridgeheadAtoms,141,0.7779491530946728,0.15239085736220415,0
XGBoost,provided_plus_rdkit_descriptors,rdkit_MinAbsEStateIndex,141,0.7740038667087573,0.2459725755869248,0
XGBoost,provided_plus_rdkit_descriptors,rdkit_fr_aldehyde,141,0.7740038667087573,0.2027943951778716,0
XGBoost,provided_plus_rdkit_descriptors,rdkit_PEOE_VSA2,141,0.7738463763914568,0.16377725601319626,0
XGBoost,provided_plus_rdkit_descriptors,rdkit_EState_VSA2,141,0.7451717785771914,0.14269595650835076,0
XGBoost,provided_plus_rdkit_descriptors,rdkit_AvgIpc,141,0.7390527614728286,0.23641274261235137,0
XGBoost,provided_plus_rdkit_descriptors,rdkit_HallKierAlpha,141,0.7250811749220295,0.4014998868384359,0
XGBoost,provided_plus_rdkit_descriptors,rdkit_PEOE_VSA11,141,0.7173687417846677,0.2735099510012527,0
XGBoost,provided_plus_rdkit_descriptors,rdkit_PEOE_VSA8,141,0.7162583537389866,0.16063988148388297,0
XGBoost,provided_plus_rdkit_descriptors,rdkit_BalabanJ,141,0.710381275650757,0.3554721197695156,0
XGBoost,provided_plus_rdkit_descriptors,Viscosity (mPa.s),141,0.6763960793487617,0.14450657485676152,0
XGBoost,provided_plus_rdkit_descriptors,Concentration (% w/v),141,0.6763960793487617,0.004797135314531104,0
XGBoost,provided_plus_rdkit_descriptors,rdkit_EState_VSA5,141,0.5486407537573544,0.10087537817146743,0
XGBoost,provided_plus_rdkit_descriptors,rdkit_EState_VSA7,141,0.5483469524033676,0.10330936255209686,0
XGBoost,provided_plus_rdkit_descriptors,"Glass transition temperature (Tg, degC)",141,0.432244191552911,0.20080133224940297,0
XGBoost,provided_plus_rdkit_descriptors,rdkit_Ipc,141,0.41434467300646066,0.1792643879713667,0
XGBoost,provided_plus_rdkit_descriptors,rdkit_fr_methoxy,141,0.40626539677063844,0.0757382503857596,0
XGBoost,provided_plus_rdkit_descriptors,Solubility (mg/mL),141,0.35961205435447874,0.043584339758357224,0
XGBoost,provided_plus_rdkit_descriptors,rdkit_NumUnspecifiedAtomStereoCenters,141,0.23658167590867304,0.06516414468003667,0
XGBoost,rdkit_descriptors_only,rdkit_SMR_VSA1,19,0.9994802450779516,0.9410792193181886,17
XGBoost,rdkit_descriptors_only,rdkit_NOCount,19,0.9994802450779516,0.9413760197875438,17
XGBoost,rdkit_descriptors_only,rdkit_SlogP_VSA2,19,0.9993086153958131,0.9388509072004494,17
XGBoost,rdkit_descriptors_only,rdkit_NumHAcceptors,19,0.9993086153958131,0.9401069673625299,17
XGBoost,rdkit_descriptors_only,rdkit_NumHeteroatoms,19,0.9986350104582846,0.9376908858179035,17
XGBoost,rdkit_descriptors_only,rdkit_TPSA,19,0.9984944660633416,0.9420324651962718,17
XGBoost,rdkit_descriptors_only,rdkit_VSA_EState3,19,0.9973003748533591,0.9379419916158205,17
XGBoost,rdkit_descriptors_only,rdkit_NumHDonors,19,0.9973003748533591,0.9396902807613133,17
XGBoost,rdkit_descriptors_only,rdkit_PEOE_VSA1,19,0.9960502232308481,0.9394989855520741,17
XGBoost,rdkit_descriptors_only,rdkit_PEOE_VSA10,19,0.9960502232308481,0.9354984285310225,17
XGBoost,rdkit_descriptors_only,rdkit_NHOHCount,19,0.9958770053581469,0.9378673894451041,17
XGBoost,rdkit_descriptors_only,rdkit_EState_VSA10,19,0.9822605364030031,0.9349420309267206,17
XGBoost,rdkit_descriptors_only,rdkit_NumAtomStereoCenters,19,0.9815900643064808,0.9291979899775029,17
XGBoost,rdkit_descriptors_only,rdkit_VSA_EState7,19,0.9803053772313759,0.9296189843841484,17
XGBoost,rdkit_descriptors_only,rdkit_MolLogP,19,0.9760547861149945,0.9172603522726075,17
XGBoost,rdkit_descriptors_only,rdkit_Kappa3,19,0.9658570323522211,0.9081356477280128,17
XGBoost,rdkit_descriptors_only,rdkit_SlogP_VSA3,19,0.9872189157419092,0.9196733197897852,16
XGBoost,rdkit_descriptors_only,rdkit_qed,19,0.8592724222080546,0.8098755778144834,16
XGBoost,rdkit_descriptors_only,rdkit_HallKierAlpha,19,0.7250811749220295,0.6684885111670402,0
XGBoost,rdkit_descriptors_only,rdkit_BCUT2D_LOGPLOW,19,0.7146899504655193,0.55506487286357,0
