model,feature_set,feature,importance_type,mean_importance,std_importance,n_folds
XGBoost,provided_only,Molecular weight (Da),model_feature_importances,0.3328607475757599,0.029473626981282686,50
XGBoost,provided_only,Solubility (mg/mL),model_feature_importances,0.31181675255298613,0.03066995988082155,50
XGBoost,provided_only,"Glass transition temperature (Tg, degC)",model_feature_importances,0.18677388429641723,0.017596167011162574,50
XGBoost,provided_only,Concentration (% w/v),model_feature_importances,0.09289590500295163,0.020017100279859784,50
XGBoost,provided_only,Viscosity (mPa.s),model_feature_importances,0.07565271392464638,0.010081524454129217,50
XGBoost,provided_plus_rdkit_descriptors,rdkit_EState_VSA10,model_feature_importances,0.351292727291584,0.06801529111834557,50
XGBoost,provided_plus_rdkit_descriptors,rdkit_Chi0v,model_feature_importances,0.04627590338699519,0.038849326816854185,50
XGBoost,provided_plus_rdkit_descriptors,rdkit_VSA_EState8,model_feature_importances,0.030917176697403192,0.010555649103325671,50
XGBoost,provided_plus_rdkit_descriptors,rdkit_VSA_EState2,model_feature_importances,0.027302153580239973,0.021505913062717433,50
XGBoost,provided_plus_rdkit_descriptors,rdkit_HallKierAlpha,model_feature_importances,0.0267633547692094,0.018325334694497465,50
XGBoost,provided_plus_rdkit_descriptors,rdkit_fr_Al_OH,model_feature_importances,0.025274770849209746,0.040312155341691344,50
XGBoost,provided_plus_rdkit_descriptors,rdkit_VSA_EState3,model_feature_importances,0.02291553362738341,0.019348926227501183,50
XGBoost,provided_plus_rdkit_descriptors,rdkit_SlogP_VSA3,model_feature_importances,0.022164573047775776,0.022561151846289283,50
XGBoost,provided_plus_rdkit_descriptors,rdkit_fr_aldehyde,model_feature_importances,0.018843429688276955,0.0422841428721514,50
XGBoost,provided_plus_rdkit_descriptors,rdkit_MaxPartialCharge,model_feature_importances,0.018214446632191537,0.007529049533610795,50
XGBoost,provided_plus_rdkit_descriptors,rdkit_SlogP_VSA2,model_feature_importances,0.01778859064746939,0.019274988080204062,50
XGBoost,provided_plus_rdkit_descriptors,rdkit_AvgIpc,model_feature_importances,0.015143555188551545,0.006143162860355121,50
XGBoost,provided_plus_rdkit_descriptors,rdkit_MolLogP,model_feature_importances,0.015132750174961985,0.008961962420573476,50
XGBoost,provided_plus_rdkit_descriptors,Solubility (mg/mL),model_feature_importances,0.014418394658714534,0.003152963258299485,50
XGBoost,provided_plus_rdkit_descriptors,rdkit_PEOE_VSA8,model_feature_importances,0.013357937944092554,0.026909395661285418,50
XGBoost,provided_plus_rdkit_descriptors,rdkit_BCUT2D_CHGLO,model_feature_importances,0.01241974504198879,0.010042790756210137,50
XGBoost,provided_plus_rdkit_descriptors,rdkit_VSA_EState7,model_feature_importances,0.011192281572148204,0.007493327474649867,50
XGBoost,provided_plus_rdkit_descriptors,rdkit_Phi,model_feature_importances,0.010755924645363847,0.01812111780097088,50
XGBoost,provided_plus_rdkit_descriptors,rdkit_BCUT2D_LOGPHI,model_feature_importances,0.010254318937222706,0.016973115825765113,50
XGBoost,provided_plus_rdkit_descriptors,rdkit_BCUT2D_CHGHI,model_feature_importances,0.010202311831526457,0.00632078386442891,50
XGBoost,provided_plus_rdkit_descriptors,rdkit_NumUnspecifiedAtomStereoCenters,model_feature_importances,0.010111735742830206,0.016536414564808442,50
XGBoost,provided_plus_rdkit_descriptors,rdkit_Chi0n,model_feature_importances,0.00993830372026423,0.010786269034931463,50
XGBoost,provided_plus_rdkit_descriptors,rdkit_PEOE_VSA11,model_feature_importances,0.00959852703846991,0.004987931943670785,50
XGBoost,provided_plus_rdkit_descriptors,rdkit_BertzCT,model_feature_importances,0.009510913660633377,0.013364133252707829,50
XGBoost,provided_plus_rdkit_descriptors,rdkit_SPS,model_feature_importances,0.009227465128060431,0.004410576128069713,50
XGBoost,provided_plus_rdkit_descriptors,rdkit_EState_VSA9,model_feature_importances,0.008986499148886651,0.006756695261267633,50
XGBoost,provided_plus_rdkit_descriptors,rdkit_MinAbsEStateIndex,model_feature_importances,0.008682634653523565,0.004875714504552295,50
XGBoost,provided_plus_rdkit_descriptors,rdkit_qed,model_feature_importances,0.008595533414045349,0.006655482271543302,50
XGBoost,provided_plus_rdkit_descriptors,rdkit_EState_VSA1,model_feature_importances,0.007837553849822144,0.012728264237674364,50
XGBoost,provided_plus_rdkit_descriptors,rdkit_MinPartialCharge,model_feature_importances,0.007630985667929053,0.004399563587979879,50
XGBoost,provided_plus_rdkit_descriptors,rdkit_NHOHCount,model_feature_importances,0.007510069269046653,0.02838754854191943,50
XGBoost,provided_plus_rdkit_descriptors,rdkit_PEOE_VSA1,model_feature_importances,0.007344166337279603,0.00474327566052556,50
XGBoost,provided_plus_rdkit_descriptors,rdkit_BCUT2D_MWLOW,model_feature_importances,0.00729832716519013,0.005188583277256557,50
XGBoost,provided_plus_rdkit_descriptors,rdkit_BCUT2D_MRLOW,model_feature_importances,0.007179569904692471,0.00597030450235242,50
XGBoost,provided_plus_rdkit_descriptors,rdkit_MaxAbsEStateIndex,model_feature_importances,0.007160058959852904,0.003992720236082786,50
XGBoost,provided_plus_rdkit_descriptors,rdkit_MinEStateIndex,model_feature_importances,0.006739450467284769,0.0036825185997917446,50
XGBoost,provided_plus_rdkit_descriptors,rdkit_EState_VSA2,model_feature_importances,0.006476454427465797,0.004359105726593077,50
XGBoost,provided_plus_rdkit_descriptors,rdkit_PEOE_VSA10,model_feature_importances,0.005593647246132605,0.014714387748094217,50
XGBoost,provided_plus_rdkit_descriptors,rdkit_FpDensityMorgan3,model_feature_importances,0.005543712263461203,0.005038798922778342,50
XGBoost,provided_plus_rdkit_descriptors,rdkit_SMR_VSA4,model_feature_importances,0.005287327669939259,0.01789462085522718,50
XGBoost,provided_plus_rdkit_descriptors,rdkit_Kappa1,model_feature_importances,0.005163905890658498,0.008480623588326432,50
XGBoost,provided_plus_rdkit_descriptors,rdkit_Chi3v,model_feature_importances,0.005012129601964261,0.019282616321721395,50
XGBoost,provided_plus_rdkit_descriptors,rdkit_NumAtomStereoCenters,model_feature_importances,0.00499616693414282,0.006124521067463305,50
XGBoost,provided_plus_rdkit_descriptors,rdkit_BalabanJ,model_feature_importances,0.004971194330137223,0.003838535309697966,50
XGBoost,provided_plus_rdkit_descriptors,"Glass transition temperature (Tg, degC)",model_feature_importances,0.004825033117085696,0.0011888997849273,50
XGBoost,provided_plus_rdkit_descriptors,rdkit_MolMR,model_feature_importances,0.004814188049931545,0.006385220320931986,50
XGBoost,provided_plus_rdkit_descriptors,rdkit_BCUT2D_MRHI,model_feature_importances,0.0040317306923680005,0.0018394092727336401,50
XGBoost,provided_plus_rdkit_descriptors,Molecular weight (Da),model_feature_importances,0.0040045005246065555,0.002404821402043746,50
XGBoost,provided_plus_rdkit_descriptors,rdkit_Kappa2,model_feature_importances,0.0038971134170424195,0.008684870131777557,50
XGBoost,provided_plus_rdkit_descriptors,rdkit_SMR_VSA1,model_feature_importances,0.003863171388475166,0.0075445682034556705,50
XGBoost,provided_plus_rdkit_descriptors,rdkit_EState_VSA3,model_feature_importances,0.0036550776234071237,0.005814686435807401,50
XGBoost,provided_plus_rdkit_descriptors,rdkit_NumHDonors,model_feature_importances,0.0034014530688000377,0.008248177349991554,50
XGBoost,provided_plus_rdkit_descriptors,rdkit_Chi4n,model_feature_importances,0.003370452023882535,0.016409384815570513,50
XGBoost,provided_plus_rdkit_descriptors,rdkit_PEOE_VSA9,model_feature_importances,0.0033697002654662356,0.006949982604016825,50
XGBoost,provided_plus_rdkit_descriptors,Concentration (% w/v),model_feature_importances,0.003361048470251262,0.0007216660507854951,50
XGBoost,provided_plus_rdkit_descriptors,rdkit_NumRotatableBonds,model_feature_importances,0.003358248290096526,0.01151900479890037,50
XGBoost,provided_plus_rdkit_descriptors,rdkit_SlogP_VSA5,model_feature_importances,0.003124690417171223,0.004629399545424828,50
XGBoost,provided_plus_rdkit_descriptors,rdkit_TPSA,model_feature_importances,0.0031020056592387848,0.012220385543530624,50
XGBoost,provided_plus_rdkit_descriptors,rdkit_Chi2n,model_feature_importances,0.0030956203964888117,0.00470126933073849,50
XGBoost,provided_plus_rdkit_descriptors,rdkit_Chi1,model_feature_importances,0.003046758730924921,0.0054738634767925315,50
XGBoost,provided_plus_rdkit_descriptors,rdkit_BCUT2D_MWHI,model_feature_importances,0.002985263434238732,0.0020991863535264454,50
XGBoost,provided_plus_rdkit_descriptors,rdkit_FpDensityMorgan1,model_feature_importances,0.002801397927105427,0.001369766779695318,50
XGBoost,provided_plus_rdkit_descriptors,rdkit_Kappa3,model_feature_importances,0.0027199501113500447,0.0020396787949224565,50
XGBoost,provided_plus_rdkit_descriptors,rdkit_VSA_EState5,model_feature_importances,0.0025796437638928183,0.006986787566458753,50
XGBoost,provided_plus_rdkit_descriptors,rdkit_FpDensityMorgan2,model_feature_importances,0.0025541263737250118,0.0020548207740365663,50
XGBoost,provided_plus_rdkit_descriptors,rdkit_Chi1v,model_feature_importances,0.0023830011358950288,0.007829523495730743,50
XGBoost,provided_plus_rdkit_descriptors,rdkit_SMR_VSA10,model_feature_importances,0.002327591214270797,0.0040762837427533085,50
XGBoost,provided_plus_rdkit_descriptors,rdkit_PEOE_VSA7,model_feature_importances,0.002318763610237511,0.0024728086092628103,50
XGBoost,provided_plus_rdkit_descriptors,rdkit_EState_VSA8,model_feature_importances,0.002153791310702218,0.0020975099228883504,50
XGBoost,provided_plus_rdkit_descriptors,rdkit_SMR_VSA5,model_feature_importances,0.0019949464331148192,0.0020007582867236132,50
XGBoost,provided_plus_rdkit_descriptors,rdkit_Ipc,model_feature_importances,0.001965506139677018,0.002851468896435513,50
XGBoost,provided_plus_rdkit_descriptors,rdkit_BCUT2D_LOGPLOW,model_feature_importances,0.001709014982188819,0.0027345903577510084,50
XGBoost,provided_plus_rdkit_descriptors,rdkit_EState_VSA5,model_feature_importances,0.0016141385600349166,0.002575487110438376,50
XGBoost,provided_plus_rdkit_descriptors,Viscosity (mPa.s),model_feature_importances,0.0015256629942450672,0.00030603832772095076,50
XGBoost,provided_plus_rdkit_descriptors,rdkit_Chi0,model_feature_importances,0.0014628520511905663,0.002570205598028609,50
XGBoost,provided_plus_rdkit_descriptors,rdkit_MaxAbsPartialCharge,model_feature_importances,0.0014520325887133368,0.0009564872015490364,50
XGBoost,provided_plus_rdkit_descriptors,rdkit_Chi4v,model_feature_importances,0.001304688204836566,0.0016123910816675305,50
XGBoost,provided_plus_rdkit_descriptors,rdkit_PEOE_VSA12,model_feature_importances,0.0012950222847393888,0.003972099424983726,50
XGBoost,provided_plus_rdkit_descriptors,rdkit_FractionCSP3,model_feature_importances,0.0012535520893288776,0.0032007188151230094,50
XGBoost,provided_plus_rdkit_descriptors,rdkit_Chi1n,model_feature_importances,0.001041387078439584,0.0019628561457602093,50
XGBoost,provided_plus_rdkit_descriptors,rdkit_VSA_EState1,model_feature_importances,0.0010290742939832852,0.001265318488777841,50
XGBoost,provided_plus_rdkit_descriptors,rdkit_SMR_VSA6,model_feature_importances,0.0006415959518926684,0.0007331517574184207,50
XGBoost,provided_plus_rdkit_descriptors,rdkit_Chi3n,model_feature_importances,0.000628540828529367,0.0008984138268303451,50
XGBoost,provided_plus_rdkit_descriptors,rdkit_Chi2v,model_feature_importances,0.0005948422722576651,0.0019374074653211327,50
XGBoost,provided_plus_rdkit_descriptors,rdkit_fr_ketone,model_feature_importances,0.0005897838789678644,0.0010071296403796261,50
XGBoost,provided_plus_rdkit_descriptors,rdkit_PEOE_VSA2,model_feature_importances,0.00037603513679641766,0.0008661824887458927,50
XGBoost,provided_plus_rdkit_descriptors,rdkit_fr_ether,model_feature_importances,0.00034357473836280403,0.0014668624645044913,50
XGBoost,provided_plus_rdkit_descriptors,rdkit_NumValenceElectrons,model_feature_importances,0.0002820822491776198,0.0007875189611325896,50
XGBoost,provided_plus_rdkit_descriptors,rdkit_SlogP_VSA1,model_feature_importances,0.0002754226385150105,0.0009058097822793928,50
XGBoost,provided_plus_rdkit_descriptors,rdkit_NumHeteroatoms,model_feature_importances,0.0001355489550041966,0.0004929253495472819,50
XGBoost,provided_plus_rdkit_descriptors,rdkit_LabuteASA,model_feature_importances,8.755801143706777e-05,0.00023481529331706175,50
XGBoost,provided_plus_rdkit_descriptors,rdkit_PEOE_VSA6,model_feature_importances,5.53928675071802e-05,0.00013147771279499874,50
XGBoost,provided_plus_rdkit_descriptors,rdkit_SMR_VSA3,model_feature_importances,4.872925346717238e-05,0.0002803898989316706,50
XGBoost,provided_plus_rdkit_descriptors,rdkit_HeavyAtomMolWt,model_feature_importances,4.026770358905196e-05,0.0001874799000581612,50
XGBoost,provided_plus_rdkit_descriptors,rdkit_EState_VSA4,model_feature_importances,3.142913192277774e-05,0.00014154532890937432,50
XGBoost,provided_plus_rdkit_descriptors,rdkit_fr_C_O_noCOO,model_feature_importances,2.4458219995722176e-05,8.453885682312011e-05,50
XGBoost,provided_plus_rdkit_descriptors,rdkit_NumHAcceptors,model_feature_importances,1.3931101420894265e-05,9.850776284111883e-05,50
XGBoost,provided_plus_rdkit_descriptors,rdkit_PEOE_VSA14,model_feature_importances,5.871251778444275e-06,2.9727613955709455e-05,50
XGBoost,provided_plus_rdkit_descriptors,rdkit_NumAliphaticHeterocycles,model_feature_importances,2.533883380237967e-06,1.791726120902157e-05,50
XGBoost,provided_plus_rdkit_descriptors,rdkit_VSA_EState9,model_feature_importances,2.3068363952916115e-06,1.1535216819315964e-05,50
XGBoost,provided_plus_rdkit_descriptors,rdkit_SlogP_VSA12,model_feature_importances,1.6888788377400487e-06,1.1942176787684433e-05,50
XGBoost,provided_plus_rdkit_descriptors,rdkit_EState_VSA6,model_feature_importances,0.0,0.0,50
XGBoost,provided_plus_rdkit_descriptors,rdkit_EState_VSA7,model_feature_importances,0.0,0.0,50
XGBoost,provided_plus_rdkit_descriptors,rdkit_ExactMolWt,model_feature_importances,0.0,0.0,50
XGBoost,provided_plus_rdkit_descriptors,rdkit_HeavyAtomCount,model_feature_importances,0.0,0.0,50
XGBoost,provided_plus_rdkit_descriptors,rdkit_MaxEStateIndex,model_feature_importances,0.0,0.0,50
XGBoost,provided_plus_rdkit_descriptors,rdkit_MinAbsPartialCharge,model_feature_importances,0.0,0.0,50
XGBoost,provided_plus_rdkit_descriptors,rdkit_MolWt,model_feature_importances,0.0,0.0,50
XGBoost,provided_plus_rdkit_descriptors,rdkit_NOCount,model_feature_importances,0.0,0.0,50
XGBoost,provided_plus_rdkit_descriptors,rdkit_NumAliphaticCarbocycles,model_feature_importances,0.0,0.0,50
XGBoost,provided_plus_rdkit_descriptors,rdkit_NumAliphaticRings,model_feature_importances,0.0,0.0,50
XGBoost,provided_plus_rdkit_descriptors,rdkit_NumAmideBonds,model_feature_importances,0.0,0.0,50
XGBoost,provided_plus_rdkit_descriptors,rdkit_NumBridgeheadAtoms,model_feature_importances,0.0,0.0,50
XGBoost,provided_plus_rdkit_descriptors,rdkit_NumHeterocycles,model_feature_importances,0.0,0.0,50
XGBoost,provided_plus_rdkit_descriptors,rdkit_NumSaturatedCarbocycles,model_feature_importances,0.0,0.0,50
XGBoost,provided_plus_rdkit_descriptors,rdkit_NumSaturatedHeterocycles,model_feature_importances,0.0,0.0,50
XGBoost,provided_plus_rdkit_descriptors,rdkit_NumSaturatedRings,model_feature_importances,0.0,0.0,50
XGBoost,provided_plus_rdkit_descriptors,rdkit_PEOE_VSA3,model_feature_importances,0.0,0.0,50
XGBoost,provided_plus_rdkit_descriptors,rdkit_PEOE_VSA5,model_feature_importances,0.0,0.0,50
XGBoost,provided_plus_rdkit_descriptors,rdkit_RingCount,model_feature_importances,0.0,0.0,50
XGBoost,provided_plus_rdkit_descriptors,rdkit_SMR_VSA7,model_feature_importances,0.0,0.0,50
XGBoost,provided_plus_rdkit_descriptors,rdkit_SlogP_VSA4,model_feature_importances,0.0,0.0,50
XGBoost,provided_plus_rdkit_descriptors,rdkit_SlogP_VSA6,model_feature_importances,0.0,0.0,50
XGBoost,provided_plus_rdkit_descriptors,rdkit_VSA_EState10,model_feature_importances,0.0,0.0,50
XGBoost,provided_plus_rdkit_descriptors,rdkit_VSA_EState4,model_feature_importances,0.0,0.0,50
XGBoost,provided_plus_rdkit_descriptors,rdkit_VSA_EState6,model_feature_importances,0.0,0.0,50
XGBoost,provided_plus_rdkit_descriptors,rdkit_fr_Al_COO,model_feature_importances,0.0,0.0,50
XGBoost,provided_plus_rdkit_descriptors,rdkit_fr_Al_OH_noTert,model_feature_importances,0.0,0.0,50
XGBoost,provided_plus_rdkit_descriptors,rdkit_fr_COO,model_feature_importances,0.0,0.0,50
XGBoost,provided_plus_rdkit_descriptors,rdkit_fr_COO2,model_feature_importances,0.0,0.0,50
XGBoost,provided_plus_rdkit_descriptors,rdkit_fr_C_O,model_feature_importances,0.0,0.0,50
XGBoost,provided_plus_rdkit_descriptors,rdkit_fr_NH1,model_feature_importances,0.0,0.0,50
XGBoost,provided_plus_rdkit_descriptors,rdkit_fr_NH2,model_feature_importances,0.0,0.0,50
XGBoost,provided_plus_rdkit_descriptors,rdkit_fr_alkyl_halide,model_feature_importances,0.0,0.0,50
XGBoost,provided_plus_rdkit_descriptors,rdkit_fr_allylic_oxid,model_feature_importances,0.0,0.0,50
XGBoost,provided_plus_rdkit_descriptors,rdkit_fr_amide,model_feature_importances,0.0,0.0,50
XGBoost,provided_plus_rdkit_descriptors,rdkit_fr_bicyclic,model_feature_importances,0.0,0.0,50
XGBoost,provided_plus_rdkit_descriptors,rdkit_fr_halogen,model_feature_importances,0.0,0.0,50
XGBoost,provided_plus_rdkit_descriptors,rdkit_fr_ketone_Topliss,model_feature_importances,0.0,0.0,50
XGBoost,provided_plus_rdkit_descriptors,rdkit_fr_methoxy,model_feature_importances,0.0,0.0,50
XGBoost,provided_plus_rdkit_descriptors,rdkit_fr_phos_acid,model_feature_importances,0.0,0.0,50
XGBoost,provided_plus_rdkit_descriptors,rdkit_fr_phos_ester,model_feature_importances,0.0,0.0,50
XGBoost,rdkit_descriptors_only,rdkit_EState_VSA10,model_feature_importances,0.2633876168727875,0.06703621396110061,50
XGBoost,rdkit_descriptors_only,rdkit_fr_Al_OH_noTert,model_feature_importances,0.11974553970503621,0.06075140141605924,16
XGBoost,rdkit_descriptors_only,rdkit_fr_Al_OH,model_feature_importances,0.08290512647686733,0.040929237180088646,9
XGBoost,rdkit_descriptors_only,rdkit_HallKierAlpha,model_feature_importances,0.06761320728808641,0.024657333399819507,50
XGBoost,rdkit_descriptors_only,rdkit_PEOE_VSA11,model_feature_importances,0.05726519455625252,0.02134388951215282,22
XGBoost,rdkit_descriptors_only,rdkit_MolLogP,model_feature_importances,0.055461215525865554,0.017807672660241344,50
XGBoost,rdkit_descriptors_only,rdkit_NumHeteroatoms,model_feature_importances,0.054228231227025386,0.04100980650130139,50
XGBoost,rdkit_descriptors_only,rdkit_VSA_EState3,model_feature_importances,0.0520854588401945,0.01018021812265981,38
XGBoost,rdkit_descriptors_only,rdkit_SMR_VSA1,model_feature_importances,0.05094158228486776,0.018541761750126427,50
XGBoost,rdkit_descriptors_only,rdkit_NHOHCount,model_feature_importances,0.04887860223688945,0.03837967036730568,49
XGBoost,rdkit_descriptors_only,rdkit_SMR_VSA5,model_feature_importances,0.04781848502655824,0.010087624716678845,6
XGBoost,rdkit_descriptors_only,rdkit_BCUT2D_CHGLO,model_feature_importances,0.04532269574701786,0.0032805921500765546,2
XGBoost,rdkit_descriptors_only,rdkit_PEOE_VSA1,model_feature_importances,0.04319330647587776,0.011253358545060255,50
XGBoost,rdkit_descriptors_only,rdkit_SlogP_VSA2,model_feature_importances,0.042048540386942126,0.012430067917453746,31
XGBoost,rdkit_descriptors_only,rdkit_TPSA,model_feature_importances,0.0419359009154141,0.02121278549213386,50
XGBoost,rdkit_descriptors_only,rdkit_Kappa2,model_feature_importances,0.04011562466621399,,1
XGBoost,rdkit_descriptors_only,rdkit_VSA_EState7,model_feature_importances,0.03681263433769345,0.014098100188956717,50
XGBoost,rdkit_descriptors_only,rdkit_BCUT2D_CHGHI,model_feature_importances,0.036247290670871735,,1
XGBoost,rdkit_descriptors_only,rdkit_BCUT2D_MRLOW,model_feature_importances,0.03489823639392853,,1
XGBoost,rdkit_descriptors_only,rdkit_BCUT2D_LOGPLOW,model_feature_importances,0.030257166097206727,0.0071577529717496,28
XGBoost,rdkit_descriptors_only,rdkit_Chi0,model_feature_importances,0.02999543584883213,,1
XGBoost,rdkit_descriptors_only,rdkit_fr_ether,model_feature_importances,0.029922702815383673,0.018457090273241234,5
XGBoost,rdkit_descriptors_only,rdkit_NumHDonors,model_feature_importances,0.026637013321742415,0.018564700639180937,50
XGBoost,rdkit_descriptors_only,rdkit_PEOE_VSA10,model_feature_importances,0.026368633210659027,0.005157951019514369,50
XGBoost,rdkit_descriptors_only,rdkit_qed,model_feature_importances,0.02583831206572299,0.008142659169566373,49
XGBoost,rdkit_descriptors_only,rdkit_SlogP_VSA3,model_feature_importances,0.025800108276307583,0.015048664519258537,50
XGBoost,rdkit_descriptors_only,rdkit_EState_VSA1,model_feature_importances,0.022042049349031666,0.008422372349819308,22
XGBoost,rdkit_descriptors_only,rdkit_NumAtomStereoCenters,model_feature_importances,0.02051171218045056,0.006336676602603131,28
XGBoost,rdkit_descriptors_only,rdkit_Kappa3,model_feature_importances,0.02004487131063531,0.005142862842679654,41
XGBoost,rdkit_descriptors_only,rdkit_NumHAcceptors,model_feature_importances,0.013522024429403246,0.01990992116901048,50
XGBoost,rdkit_descriptors_only,rdkit_NOCount,model_feature_importances,0.008848325458820909,0.009943330656931135,50
