model,feature_set,feature,n_folds_observed,mean_abs_shap,std_abs_shap_across_folds,median_abs_shap,q25_abs_shap,q75_abs_shap,mean_shap,std_mean_shap_across_folds,mean_rank,std_rank,median_rank,best_rank,worst_rank,positive_mean_shap_fraction,negative_mean_shap_fraction,total_folds,presence_fraction,cv_abs_shap,iqr_abs_shap,sign_consistency,top_5_frequency,top_10_frequency,top_20_frequency
XGBoost,provided_only,Molecular weight (Da),50,965303.44,79997.49344033195,965333.4375,896945.765625,1029348.515625,-15413.831,143070.20509244475,1.04,0.19794866372215741,1.0,1.0,2.0,0.44,0.56,50,1.0,0.08287289812985044,132402.75,0.56,1.0,1.0,1.0
XGBoost,provided_only,Solubility (mg/mL),50,820796.9,71201.25935185738,815283.09375,757383.21875,878550.25,21392.822,144127.8109559508,1.96,0.19794866372215741,2.0,1.0,2.0,0.62,0.38,50,1.0,0.08674650394088962,121167.03125,0.62,1.0,1.0,1.0
XGBoost,provided_only,"Glass transition temperature (Tg, degC)",50,570087.8,57714.751023395744,569309.125,529833.703125,607790.390625,-18892.902,120163.25081749623,3.0,0.0,3.0,3.0,3.0,0.5,0.5,50,1.0,0.10123835268517645,77956.6875,0.5,1.0,1.0,1.0
XGBoost,provided_only,Viscosity (mPa.s),50,301326.8,53031.78212002642,299768.625,264527.6875,336336.0078125,978.2636,49129.86110561461,4.24,0.4314191105869,4.0,4.0,5.0,0.46,0.54,50,1.0,0.1759942358930519,71808.3203125,0.54,1.0,1.0,1.0
XGBoost,provided_only,Concentration (% w/v),50,251587.95,36093.62530980815,258080.984375,229501.88671875,273927.5703125,6819.8496,43099.69684746289,4.76,0.4314191105869,5.0,4.0,5.0,0.6,0.4,50,1.0,0.14346324957727705,44425.68359375,0.6,1.0,1.0,1.0
XGBoost,provided_plus_rdkit_descriptors,rdkit_EState_VSA10,50,614076.2,133075.1986000912,610775.75,554547.609375,716404.984375,6470.628,91349.8165788692,1.38,0.6667006794044591,1.0,1.0,4.0,0.54,0.46,50,1.0,0.21670796117638283,161857.375,0.54,1.0,1.0,1.0
XGBoost,provided_plus_rdkit_descriptors,Solubility (mg/mL),50,539602.56,52828.45946455631,543554.3125,508356.59375,562069.796875,-3685.3179,97512.70902356776,1.7,0.4629100498862757,2.0,1.0,2.0,0.5,0.5,50,1.0,0.09790253630338591,53713.203125,0.5,1.0,1.0,1.0
XGBoost,provided_plus_rdkit_descriptors,Concentration (% w/v),50,265073.75,31856.386160364884,262356.78125,241566.83203125,289091.203125,2087.0957,43049.59946585048,3.78,0.932190748632883,3.5,3.0,6.0,0.6,0.4,50,1.0,0.12017933182883965,47524.37109375,0.6,0.94,1.0,1.0
XGBoost,provided_plus_rdkit_descriptors,"Glass transition temperature (Tg, degC)",50,245000.08,40908.140964780076,239011.5,214566.796875,277278.171875,19000.553,49058.41820140355,4.5,1.129384878631564,4.0,3.0,8.0,0.68,0.32,50,1.0,0.16697195069427112,62711.375,0.68,0.86,1.0,1.0
XGBoost,provided_plus_rdkit_descriptors,Viscosity (mPa.s),50,198494.72,35879.27145844472,197409.234375,174594.69921875,221437.41796875,19220.342,36831.892060478,5.88,1.4090089149643377,6.0,3.0,10.0,0.74,0.26,50,1.0,0.18075680645001904,46842.71875,0.74,0.38,1.0,1.0
XGBoost,provided_plus_rdkit_descriptors,rdkit_HallKierAlpha,50,198370.78,93797.26559318483,191033.4296875,118857.861328125,259154.234375,-29764.105,43616.23026755971,7.78,7.6406271780181365,6.0,2.0,54.0,0.24,0.76,50,1.0,0.4728381115511931,140296.373046875,0.76,0.36,0.8,0.98
XGBoost,provided_plus_rdkit_descriptors,rdkit_VSA_EState8,50,173900.2,46359.96305517141,178210.59375,133558.5703125,204928.03515625,11780.558,33809.61710824176,7.06,2.2169108862448716,7.0,3.0,14.0,0.66,0.34,50,1.0,0.2665894704093458,71369.46484375,0.66,0.24,0.94,1.0
XGBoost,provided_plus_rdkit_descriptors,rdkit_MolLogP,50,134176.48,71503.0578370621,119817.27734375,87341.685546875,169179.34375,-13087.112,35093.17424431137,11.46,6.93471009355349,9.0,3.0,37.0,0.36,0.64,50,1.0,0.5329030505615533,81837.658203125,0.64,0.14,0.58,0.88
XGBoost,provided_plus_rdkit_descriptors,rdkit_AvgIpc,50,114395.25,26472.970924819023,114097.6484375,95624.794921875,134847.30859375,-32035.793,29929.409182252937,10.44,2.8367846126866088,10.0,6.0,18.0,0.16,0.84,50,1.0,0.23141669715149032,39222.513671875,0.84,0.0,0.64,1.0
XGBoost,provided_plus_rdkit_descriptors,rdkit_MaxPartialCharge,50,110543.09,45287.4602200456,97197.27734375,75860.677734375,140544.8046875,-31495.92,28781.56751783424,11.88,5.016869501176679,10.0,4.0,26.0,0.1,0.9,50,1.0,0.4096814978099489,64684.126953125,0.9,0.04,0.52,0.94
XGBoost,provided_plus_rdkit_descriptors,rdkit_EState_VSA9,50,83996.31,42546.26569260542,80487.77734375,57254.98828125,109343.724609375,-1152.4008,16480.944679006927,16.34,7.272003906512053,14.5,5.0,35.0,0.56,0.44,50,1.0,0.5065253988692113,52088.736328125,0.56,0.02,0.24,0.68
XGBoost,provided_plus_rdkit_descriptors,rdkit_Chi0v,50,77499.48,50253.11761219294,67130.36328125,40313.26171875,97106.5,24191.65,28767.419466011215,18.92,10.530499920299539,16.5,3.0,44.0,0.94,0.06,50,1.0,0.6484317035569389,56793.23828125,0.94,0.02,0.24,0.68
XGBoost,provided_plus_rdkit_descriptors,rdkit_MinPartialCharge,50,72886.08,30762.789041455395,64311.849609375,53332.1591796875,87116.453125,-8352.275,14317.271298224396,17.7,5.500463802336701,18.0,7.0,32.0,0.24,0.76,50,1.0,0.4220667352782661,33784.2939453125,0.76,0.0,0.14,0.64
XGBoost,provided_plus_rdkit_descriptors,rdkit_MinEStateIndex,50,72451.4,30256.65251576697,77522.4140625,45609.4580078125,90572.291015625,22116.49,23251.359119493638,17.72,7.03646478955831,15.0,7.0,34.0,0.8,0.2,50,1.0,0.41761309192489626,44962.8330078125,0.8,0.0,0.06,0.68
XGBoost,provided_plus_rdkit_descriptors,rdkit_PEOE_VSA11,50,70891.23,30795.54975995637,66231.86328125,49652.720703125,90527.31640625,-3513.2947,16065.422670260466,18.1,7.393460982930962,17.0,8.0,41.0,0.4,0.6,50,1.0,0.43440565572392825,40874.595703125,0.6,0.0,0.14,0.6
XGBoost,provided_plus_rdkit_descriptors,rdkit_BCUT2D_MRHI,50,68921.38,25701.28484905346,65490.44140625,50461.8330078125,82452.919921875,4914.188,14216.490060191169,17.64,5.951367532777998,17.0,8.0,37.0,0.66,0.34,50,1.0,0.37290727202867613,31991.0869140625,0.66,0.0,0.1,0.66
XGBoost,provided_plus_rdkit_descriptors,rdkit_MaxAbsEStateIndex,50,68462.69,17734.13559134359,66384.83984375,57344.13671875,77285.658203125,-981.20404,23385.538577536787,17.14,4.110762380257314,16.5,9.0,29.0,0.5,0.5,50,1.0,0.2590335880598259,19941.521484375,0.5,0.0,0.02,0.8
XGBoost,provided_plus_rdkit_descriptors,rdkit_MinAbsEStateIndex,50,62493.18,25315.139264865153,54339.24609375,44035.482421875,74330.49609375,659.74725,20387.26432556304,19.64,6.070201556684548,20.0,7.0,32.0,0.44,0.56,50,1.0,0.40508643329487576,30295.013671875,0.56,0.0,0.06,0.56
XGBoost,provided_plus_rdkit_descriptors,rdkit_BCUT2D_MWLOW,50,57206.25,34298.67107883037,49535.7109375,32303.71728515625,67820.26953125,-3289.0952,13442.88768843255,22.92,8.902739775496311,21.0,7.0,44.0,0.4,0.6,50,1.0,0.5995616052237364,35516.55224609375,0.6,0.0,0.04,0.44
XGBoost,provided_plus_rdkit_descriptors,rdkit_VSA_EState2,50,56216.5,30497.408665107647,55409.7734375,33997.8388671875,79227.84765625,-3456.2144,15221.014780431882,23.58,13.065127286804676,19.0,10.0,67.0,0.44,0.56,50,1.0,0.5424992424841043,45230.0087890625,0.56,0.0,0.04,0.56
XGBoost,provided_plus_rdkit_descriptors,rdkit_qed,50,55931.203,39325.890660563964,44647.96484375,25939.5595703125,71409.013671875,-3689.0767,18036.701047012688,24.24,11.03345561721906,22.0,8.0,45.0,0.52,0.48,50,1.0,0.7031118313810447,45469.4541015625,0.52,0.0,0.1,0.44
XGBoost,provided_plus_rdkit_descriptors,rdkit_SlogP_VSA3,50,51030.805,38398.83132852999,41343.49609375,19203.64111328125,74491.033203125,-7743.5317,18874.944611047144,27.74,15.00722275085825,26.0,7.0,64.0,0.32,0.68,50,1.0,0.7524637630873139,55287.39208984375,0.68,0.0,0.1,0.44
XGBoost,provided_plus_rdkit_descriptors,rdkit_VSA_EState3,50,49939.87,31512.392267954932,40979.875,27073.9580078125,64063.310546875,16900.96,15571.675775425078,25.66,10.858289413143853,24.5,10.0,52.0,0.94,0.06,50,1.0,0.6310066801894233,36989.3525390625,0.94,0.0,0.06,0.36
XGBoost,provided_plus_rdkit_descriptors,rdkit_SPS,50,48868.484,18165.89524024567,45931.125,37100.771484375,60839.8603515625,10359.364,13540.640074077264,23.3,6.490967035906475,24.0,11.0,40.0,0.7,0.3,50,1.0,0.37173027714235657,23739.0888671875,0.7,0.0,0.0,0.34
XGBoost,provided_plus_rdkit_descriptors,rdkit_PEOE_VSA1,50,47544.703,24649.978521713874,44008.677734375,28061.44921875,66282.7666015625,-3647.587,9459.022250006541,25.12,10.10685764362848,23.0,10.0,52.0,0.38,0.62,50,1.0,0.5184589849453156,38221.3173828125,0.62,0.0,0.02,0.4
XGBoost,provided_plus_rdkit_descriptors,rdkit_BCUT2D_CHGLO,50,43095.72,25652.47837732486,37791.37109375,25912.58935546875,56265.443359375,762.3586,18558.571902499312,26.94,9.620153166076697,26.0,9.0,50.0,0.44,0.56,50,1.0,0.5952442405273694,30352.85400390625,0.56,0.0,0.02,0.3
XGBoost,provided_plus_rdkit_descriptors,rdkit_FpDensityMorgan1,50,41160.836,14072.419677086873,39117.1328125,33738.119140625,46974.337890625,17870.72,10847.89138492114,26.14,5.976177195963237,26.5,14.0,40.0,0.96,0.04,50,1.0,0.34188857822165974,13236.21875,0.96,0.0,0.0,0.2
XGBoost,provided_plus_rdkit_descriptors,rdkit_FpDensityMorgan3,50,40536.22,16275.374279775968,37053.806640625,28494.61669921875,48739.2783203125,-4183.6675,8734.076116854834,27.02,7.167073236371329,27.0,13.0,43.0,0.32,0.68,50,1.0,0.401502034024226,20244.66162109375,0.68,0.0,0.0,0.2
XGBoost,provided_plus_rdkit_descriptors,rdkit_BCUT2D_CHGHI,50,38229.504,16439.473321625992,35719.5390625,27681.3037109375,49734.0390625,2047.0414,10112.020596857546,27.82,6.585977682988026,28.0,14.0,41.0,0.56,0.44,50,1.0,0.4300205768283162,22052.7353515625,0.56,0.0,0.0,0.1
XGBoost,provided_plus_rdkit_descriptors,rdkit_BalabanJ,50,36206.67,22005.26501313741,28816.03515625,23144.03125,40258.630859375,-3455.0232,13364.727275679214,29.72,8.675652066300849,31.0,9.0,51.0,0.4,0.6,50,1.0,0.6077682336865547,17114.599609375,0.6,0.0,0.02,0.16
XGBoost,provided_plus_rdkit_descriptors,rdkit_VSA_EState7,50,34118.895,17487.148530782695,27821.8359375,22376.1953125,42044.17578125,12017.09,13364.407145405534,30.72,8.630841707007988,31.5,16.0,49.0,0.82,0.18,50,1.0,0.5125356132147235,19667.98046875,0.82,0.0,0.0,0.14
XGBoost,provided_plus_rdkit_descriptors,rdkit_BertzCT,50,33920.035,36676.62654651594,21867.42578125,8583.642822265625,43157.6396484375,-166.16922,11769.706048327449,35.72,15.179255446772329,34.5,7.0,63.0,0.58,0.42,50,1.0,1.0812673506253137,34573.996826171875,0.58,0.0,0.1,0.18
XGBoost,provided_plus_rdkit_descriptors,Molecular weight (Da),50,31914.777,12297.115115041739,29092.8759765625,23055.04833984375,37522.6357421875,2945.268,14270.096163803386,30.16,5.994419173238537,30.5,16.0,41.0,0.58,0.42,50,1.0,0.385311010714287,14467.58740234375,0.58,0.0,0.0,0.08
XGBoost,provided_plus_rdkit_descriptors,rdkit_EState_VSA2,50,29439.555,15541.15347143243,26717.60546875,17406.39208984375,39384.8408203125,754.70154,8690.157097290672,32.78,8.725496301889407,33.0,16.0,54.0,0.5,0.5,50,1.0,0.5279004263617881,21978.44873046875,0.5,0.0,0.0,0.08
XGBoost,provided_plus_rdkit_descriptors,rdkit_SlogP_VSA2,50,27572.154,25024.811596525982,21110.23046875,8623.608154296875,36289.0966796875,-5888.986,10172.25802172945,39.77,20.333748462362077,36.0,8.0,112.0,0.24,0.72,50,1.0,0.9076117639223522,27665.488525390625,0.72,0.0,0.02,0.16
XGBoost,provided_plus_rdkit_descriptors,rdkit_BCUT2D_MRLOW,50,24428.107,12572.038774079852,22744.0478515625,13924.5966796875,32399.23876953125,1074.7859,9127.581200927567,35.24,8.411750770226622,35.5,19.0,60.0,0.52,0.48,50,1.0,0.514654637666354,18474.64208984375,0.52,0.0,0.0,0.02
XGBoost,provided_plus_rdkit_descriptors,rdkit_FpDensityMorgan2,50,23329.22,12885.175648495755,21808.556640625,13441.972900390625,29360.24658203125,546.8334,5687.584889295228,36.54,9.087353850269063,36.0,17.0,58.0,0.54,0.46,50,1.0,0.5523191628415499,15918.273681640625,0.54,0.0,0.0,0.06
XGBoost,provided_plus_rdkit_descriptors,rdkit_Kappa3,50,18759.207,8058.586959556276,16520.99267578125,12639.42724609375,23306.3681640625,280.86954,7454.085064706538,39.08,6.236299268911698,39.0,23.0,54.0,0.48,0.52,50,1.0,0.42958036265242394,10666.94091796875,0.52,0.0,0.0,0.0
XGBoost,provided_plus_rdkit_descriptors,rdkit_Kappa1,50,18160.363,15336.57179545886,14679.28955078125,7917.4056396484375,24086.6416015625,-347.86218,5177.219762396825,42.4,11.797613041178616,43.0,14.0,69.0,0.46,0.54,50,1.0,0.8445079846664403,16169.235961914062,0.54,0.0,0.0,0.02
XGBoost,provided_plus_rdkit_descriptors,rdkit_BCUT2D_MWHI,50,17314.523,6182.288488650785,16295.89208984375,12817.087646484375,21736.36083984375,-801.8592,5158.029927183957,39.96,5.162502161881249,40.5,30.0,50.0,0.38,0.62,50,1.0,0.35705796414015717,8919.273193359375,0.62,0.0,0.0,0.0
XGBoost,provided_plus_rdkit_descriptors,rdkit_Ipc,50,17182.287,11377.427613389735,14995.51611328125,8009.330810546875,25576.31103515625,-4795.4736,5968.177734604342,42.74,11.524260124995939,41.0,20.0,68.0,0.12,0.88,50,1.0,0.6621602549745536,17566.980224609375,0.88,0.0,0.0,0.02
XGBoost,provided_plus_rdkit_descriptors,rdkit_Chi0n,50,14439.883,13285.405238694819,10707.66796875,3067.2741088867188,22153.09228515625,-1384.7891,4873.806329251724,50.75,20.905094096503692,46.0,24.0,111.0,0.38,0.56,50,1.0,0.9200493806773973,19085.81817626953,0.56,0.0,0.0,0.0
XGBoost,provided_plus_rdkit_descriptors,rdkit_fr_Al_OH,50,11729.219,17081.389766832337,2044.8965454101562,0.0,17095.296142578125,4538.4155,8175.098738476558,68.83,34.11035661747659,69.5,15.0,114.5,0.56,0.12,50,1.0,1.4563109556493128,17095.296142578125,0.56,0.0,0.0,0.06
XGBoost,provided_plus_rdkit_descriptors,rdkit_MolMR,50,11614.152,9210.54874695789,10248.234375,5075.477294921875,15694.207763671875,172.72412,3000.3596211306335,50.64,17.4811968954634,46.5,24.0,112.5,0.5,0.46,50,1.0,0.7930452842660035,10618.73046875,0.5,0.0,0.0,0.0
XGBoost,provided_plus_rdkit_descriptors,rdkit_Phi,50,11599.541,10355.773948638887,9361.82470703125,3298.9542236328125,16592.323486328125,322.96054,4521.957403626428,52.56,19.355071054124394,47.5,28.0,114.0,0.48,0.48,50,1.0,0.8927744584625621,13293.369262695312,0.48,0.0,0.0,0.0
XGBoost,provided_plus_rdkit_descriptors,rdkit_EState_VSA1,50,10884.852,12416.009545693292,6761.69970703125,2404.6061401367188,13694.59521484375,3703.8909,6368.597358887228,53.02,14.933170856744882,54.0,19.0,77.0,0.74,0.26,50,1.0,1.140668705898422,11289.989074707031,0.74,0.0,0.0,0.02
XGBoost,provided_plus_rdkit_descriptors,rdkit_BCUT2D_LOGPHI,50,10801.402,12306.60111888644,4792.934326171875,2414.1954956054688,13611.62939453125,-1915.4381,5363.591501337921,54.59,17.140979063790553,57.0,24.0,109.5,0.44,0.54,50,1.0,1.139352162546504,11197.433898925781,0.54,0.0,0.0,0.0
XGBoost,provided_plus_rdkit_descriptors,rdkit_SMR_VSA5,50,10723.34,5937.584276295358,9365.5546875,6863.321533203125,14520.112548828125,-116.05728,3573.571342000487,47.92,8.218545479336253,48.0,33.0,69.0,0.44,0.56,50,1.0,0.5537066215201624,7656.791015625,0.56,0.0,0.0,0.0
XGBoost,provided_plus_rdkit_descriptors,rdkit_Kappa2,50,10210.644,10089.658957294292,7162.307861328125,3732.4646606445312,10864.336669921875,1591.7639,4215.810516086414,50.76,11.93786635296377,51.0,20.0,73.0,0.64,0.36,50,1.0,0.9881511290894426,7131.872009277344,0.64,0.0,0.0,0.02
XGBoost,provided_plus_rdkit_descriptors,rdkit_MaxAbsPartialCharge,50,9981.86,4860.303643334843,9150.43701171875,6701.3536376953125,12949.171630859375,-141.89453,2208.678155506764,48.44,7.494651153880836,48.0,32.0,72.0,0.5,0.5,50,1.0,0.48691360850124904,6247.8179931640625,0.5,0.0,0.0,0.0
XGBoost,provided_plus_rdkit_descriptors,rdkit_Chi2n,50,9831.403,6929.087068631376,8271.785888671875,5321.0509033203125,12970.9052734375,2749.7156,3580.6975579011196,52.23,17.451451609115676,49.0,25.0,111.5,0.76,0.18,50,1.0,0.7047912533824447,7649.8543701171875,0.76,0.0,0.0,0.0
XGBoost,provided_plus_rdkit_descriptors,rdkit_fr_aldehyde,50,8812.543,16183.615371019987,2128.298583984375,669.9170684814453,7339.5621337890625,688.34784,4640.549723284849,67.39,26.987391235802804,69.0,15.0,114.0,0.44,0.38,50,1.0,1.8364296694391635,6669.645065307617,0.44,0.0,0.0,0.04
XGBoost,provided_plus_rdkit_descriptors,rdkit_NumUnspecifiedAtomStereoCenters,50,8349.093,6548.084260469523,7179.920166015625,2627.8311767578125,12684.157470703125,2354.8271,3838.740561695372,55.72,17.91110703172869,52.0,33.0,111.5,0.7,0.24,50,1.0,0.7842869205265204,10056.326293945312,0.7,0.0,0.0,0.0
XGBoost,provided_plus_rdkit_descriptors,rdkit_NumAtomStereoCenters,50,7627.543,4726.5085491546915,6211.107177734375,4446.9459228515625,10617.767822265625,2099.7024,3804.293750876262,52.74,9.173631244173796,53.0,36.0,72.0,0.7,0.3,50,1.0,0.6196633134050074,6170.8218994140625,0.7,0.0,0.0,0.0
XGBoost,provided_plus_rdkit_descriptors,rdkit_EState_VSA8,50,6896.155,5453.03486654851,4868.751953125,3032.4927978515625,9562.57275390625,565.4861,1828.6753261008892,55.3,10.34161397422263,54.0,35.0,76.0,0.54,0.46,50,1.0,0.7907355673463118,6530.0799560546875,0.54,0.0,0.0,0.0
XGBoost,provided_plus_rdkit_descriptors,rdkit_PEOE_VSA10,50,6128.3613,5990.743600450346,3835.6014404296875,1633.7288513183594,8307.859497070312,806.9587,4071.8179647821125,59.25,14.46609336147314,58.0,35.0,112.5,0.52,0.46,50,1.0,0.9775441230850599,6674.130645751953,0.52,0.0,0.0,0.0
XGBoost,provided_plus_rdkit_descriptors,rdkit_PEOE_VSA9,50,5616.459,6567.451370588501,3393.07470703125,2305.471435546875,5001.4378662109375,963.71735,3513.667935833261,58.74,10.672891465994486,60.0,23.0,77.0,0.52,0.48,50,1.0,1.1693224127264463,2695.9664306640625,0.52,0.0,0.0,0.0
XGBoost,provided_plus_rdkit_descriptors,rdkit_Chi4v,50,5427.3438,4305.801653812331,4575.421875,2453.0440673828125,7658.5445556640625,-93.34331,1597.5887548743283,61.47,17.77047827041196,57.0,41.0,112.5,0.4,0.52,50,1.0,0.793353406776995,5205.50048828125,0.52,0.0,0.0,0.0
XGBoost,provided_plus_rdkit_descriptors,rdkit_NHOHCount,50,5167.6123,11807.45835804738,456.3423156738281,0.0,6584.0052490234375,-402.8142,2608.334105386786,82.76,29.90806320873953,80.5,16.0,113.0,0.26,0.28,50,1.0,2.284896323847075,6584.0052490234375,0.28,0.0,0.0,0.02
XGBoost,provided_plus_rdkit_descriptors,rdkit_VSA_EState5,50,5118.7095,6338.2893141252935,3449.758056640625,2457.9708862304688,4900.6588134765625,-538.12604,1505.075272827148,59.9,9.470146433365626,60.5,23.0,78.0,0.3,0.7,50,1.0,1.2382592424875731,2442.6879272460938,0.7,0.0,0.0,0.0
XGBoost,provided_plus_rdkit_descriptors,rdkit_PEOE_VSA8,50,5025.4614,10913.840352881965,1181.1388549804688,334.0889129638672,3984.9852905273438,1175.3303,4267.411445290468,74.14,24.167578214101095,72.0,20.0,114.0,0.48,0.3,50,1.0,2.1717091085193867,3650.8963775634766,0.48,0.0,0.0,0.02
XGBoost,provided_plus_rdkit_descriptors,rdkit_NumRotatableBonds,50,4955.1235,6434.748874173138,2943.01806640625,1754.6221008300781,6676.0133056640625,-692.63806,2040.3004960562012,61.63,13.09105084570746,63.5,28.0,111.5,0.36,0.62,50,1.0,1.2986051363844011,4921.391204833984,0.62,0.0,0.0,0.0
XGBoost,provided_plus_rdkit_descriptors,rdkit_SMR_VSA1,50,4787.026,6913.920734477568,3242.9481201171875,1780.6543273925781,5547.0333251953125,-497.4309,3018.817813401409,63.82,16.632203825158967,61.0,23.0,112.5,0.46,0.48,50,1.0,1.44430402286801,3766.3789978027344,0.48,0.0,0.0,0.0
XGBoost,provided_plus_rdkit_descriptors,rdkit_BCUT2D_LOGPLOW,50,4603.074,5056.033295686017,2879.578369140625,1586.9801330566406,5599.7694091796875,81.47288,1413.6524517568466,61.74,11.543723446982268,63.0,37.0,80.0,0.52,0.48,50,1.0,1.0984036005960862,4012.789276123047,0.52,0.0,0.0,0.0
XGBoost,provided_plus_rdkit_descriptors,rdkit_SMR_VSA10,50,4601.342,3886.7587459956444,3728.0072021484375,1924.5782775878906,6046.6475830078125,-201.43234,2523.06871217174,60.72,10.76092705209027,60.5,38.0,83.0,0.4,0.6,50,1.0,0.8447011583958696,4122.069305419922,0.6,0.0,0.0,0.0
XGBoost,provided_plus_rdkit_descriptors,rdkit_SlogP_VSA5,50,4504.576,4477.64517820551,2782.7000732421875,671.4405059814453,8042.0233154296875,-710.3476,1568.2775772592108,67.51,21.52181854466271,64.0,39.0,114.0,0.24,0.62,50,1.0,0.9940214145256023,7370.582809448242,0.62,0.0,0.0,0.0
XGBoost,provided_plus_rdkit_descriptors,rdkit_VSA_EState1,50,4443.8306,3516.624316593972,3464.1593017578125,1672.9928894042969,6268.9761962890625,-23.030472,1412.6108849363889,63.21,17.159839802306323,60.5,40.0,111.5,0.48,0.44,50,1.0,0.7913497744892387,4595.983306884766,0.48,0.0,0.0,0.0
XGBoost,provided_plus_rdkit_descriptors,rdkit_Chi0,50,4180.0874,5639.992033232052,2336.2364501953125,1355.8143920898438,5118.0408935546875,249.2772,1165.0071721535994,67.48,19.152705355875433,66.0,30.0,112.5,0.46,0.42,50,1.0,1.3492521783323816,3762.2265014648438,0.46,0.0,0.0,0.0
XGBoost,provided_plus_rdkit_descriptors,rdkit_NumHDonors,50,4126.058,8187.065590902106,0.0,0.0,2205.249755859375,-442.21844,2194.213190110233,91.33,30.9515107936295,111.0,29.0,114.0,0.1,0.22,50,1.0,1.9842341968114374,2205.249755859375,0.22,0.0,0.0,0.0
XGBoost,provided_plus_rdkit_descriptors,rdkit_Chi1v,50,3852.3457,13290.258267578478,1044.1320190429688,0.0,3246.7182006835938,1672.8508,9237.962541898652,79.64,24.409357523168808,74.5,12.0,114.0,0.48,0.2,50,1.0,3.449913193615386,3246.7182006835938,0.48,0.0,0.0,0.02
XGBoost,provided_plus_rdkit_descriptors,rdkit_Chi3v,50,3806.081,7776.608809222456,1728.5579223632812,314.04862213134766,3166.3843994140625,622.1787,3335.526833577502,74.48,23.20801233916196,69.0,27.0,113.0,0.3,0.48,50,1.0,2.0432063052479994,2852.335777282715,0.48,0.0,0.0,0.0
XGBoost,provided_plus_rdkit_descriptors,rdkit_SMR_VSA6,50,3243.2576,2221.518188867585,3035.3394775390625,1226.8971252441406,4506.4451904296875,-237.70648,1158.3702056346494,64.87,12.38531470767551,62.5,45.0,111.5,0.38,0.58,50,1.0,0.6849650828044952,3279.548065185547,0.58,0.0,0.0,0.0
XGBoost,provided_plus_rdkit_descriptors,rdkit_Chi4n,50,3108.559,5663.59945662222,1024.5511779785156,0.0,3358.9351196289062,-518.57025,1464.4971052207661,79.27,24.925237190036768,73.5,34.0,113.0,0.18,0.5,50,1.0,1.8219372085800634,3358.9351196289062,0.5,0.0,0.0,0.0
XGBoost,provided_plus_rdkit_descriptors,rdkit_EState_VSA3,50,3067.68,3217.851818282513,2092.74658203125,543.5873489379883,4188.950439453125,-133.602,1776.779231072558,69.54,17.63514579885686,65.5,42.0,112.0,0.48,0.42,50,1.0,1.0489529188143087,3645.3630905151367,0.48,0.0,0.0,0.0
XGBoost,provided_plus_rdkit_descriptors,rdkit_Chi1,50,2943.306,3054.0306666865604,2114.69677734375,833.4123840332031,4993.03125,795.87225,1630.3432699235489,71.67,20.003726693610197,66.5,40.0,113.0,0.54,0.3,50,1.0,1.0376191812664937,4159.618865966797,0.54,0.0,0.0,0.0
XGBoost,provided_plus_rdkit_descriptors,rdkit_TPSA,50,2755.1555,5121.360247670592,1164.052001953125,103.62451934814453,3433.3057861328125,11.726849,1463.5635852274156,76.23,22.44635555164848,74.0,35.0,114.0,0.44,0.32,50,1.0,1.858828009887602,3329.681266784668,0.44,0.0,0.0,0.0
XGBoost,provided_plus_rdkit_descriptors,rdkit_FractionCSP3,50,2117.483,2779.097325186206,1380.1581420898438,888.4022521972656,2315.7655029296875,-188.62263,1590.0711306647231,72.52,14.115399030701129,71.5,40.0,112.5,0.54,0.38,50,1.0,1.3124532490234526,1427.3632507324219,0.54,0.0,0.0,0.0
XGBoost,provided_plus_rdkit_descriptors,rdkit_Chi3n,50,2086.0662,2947.840855889897,1065.2212524414062,165.7633056640625,2198.9698181152344,-173.41888,1210.5275136183309,77.54,20.949852661310345,73.0,41.0,112.5,0.34,0.44,50,1.0,1.4131099528066349,2033.2065124511719,0.44,0.0,0.0,0.0
XGBoost,provided_plus_rdkit_descriptors,rdkit_EState_VSA5,50,2002.226,2216.80029898141,1143.7117919921875,691.7279205322266,2316.200164794922,263.5946,1182.499650857268,73.2,15.37922001153717,72.5,49.0,112.5,0.5,0.4,50,1.0,1.1071678981099655,1624.4722442626953,0.5,0.0,0.0,0.0
XGBoost,provided_plus_rdkit_descriptors,rdkit_PEOE_VSA7,50,1961.8345,1948.0022607322826,1206.8797607421875,75.08707427978516,3163.7757568359375,-116.692345,544.067755235864,78.04,21.211721826790555,71.5,53.0,114.5,0.26,0.48,50,1.0,0.9929493481143498,3088.6886825561523,0.48,0.0,0.0,0.0
XGBoost,provided_plus_rdkit_descriptors,rdkit_PEOE_VSA12,50,1906.5099,2685.212217646888,934.8651123046875,208.90917205810547,2245.9035034179688,-300.5672,1363.9334736710696,77.05,18.68679824291547,74.5,40.0,114.0,0.36,0.46,50,1.0,1.408443897919098,2036.9943313598633,0.46,0.0,0.0,0.0
XGBoost,provided_plus_rdkit_descriptors,rdkit_Chi1n,50,1806.4164,2159.871371410638,938.0663146972656,496.4884338378906,2420.987060546875,-226.75092,1224.8358372349007,75.16,16.303073455076888,75.0,45.0,112.5,0.38,0.5,50,1.0,1.1956663995791874,1924.4986267089844,0.5,0.0,0.0,0.0
XGBoost,provided_plus_rdkit_descriptors,rdkit_Chi2v,50,1126.4768,1398.9674523802098,674.8453063964844,0.0,1773.2944030761719,304.4818,580.5454572266052,84.31,19.371473345923814,77.0,53.0,112.5,0.48,0.2,50,1.0,1.2418963658490274,1773.2944030761719,0.48,0.0,0.0,0.0
XGBoost,provided_plus_rdkit_descriptors,rdkit_fr_ketone,50,716.0181,870.7198559366583,608.9326477050781,0.0,1214.0646057128906,-11.393821,341.1684993030599,90.52,20.022935828286357,77.5,62.0,114.0,0.28,0.26,50,1.0,1.216058396521409,1214.0646057128906,0.28,0.0,0.0,0.0
XGBoost,provided_plus_rdkit_descriptors,rdkit_SMR_VSA4,50,684.9548,1638.260883680285,0.0,0.0,557.7693481445312,-235.52184,991.4306888511062,96.02,20.157532647846054,110.75,49.0,114.0,0.18,0.22,50,1.0,2.3917796449923308,557.7693481445312,0.22,0.0,0.0,0.0
XGBoost,provided_plus_rdkit_descriptors,rdkit_PEOE_VSA2,50,638.2185,1165.082954413855,0.0,0.0,705.542724609375,-29.382788,520.2523570709259,95.23,19.83045740310411,110.5,57.0,113.0,0.24,0.18,50,1.0,1.8255236156855805,705.542724609375,0.24,0.0,0.0,0.0
XGBoost,provided_plus_rdkit_descriptors,rdkit_NumValenceElectrons,50,415.64905,810.0517260660406,0.0,0.0,432.09275817871094,-53.99869,288.73904223523965,97.28,19.377337910296035,111.0,61.0,114.5,0.18,0.2,50,1.0,1.9488838727120772,432.09275817871094,0.2,0.0,0.0,0.0
XGBoost,provided_plus_rdkit_descriptors,rdkit_fr_ether,50,359.53302,1013.5924352314615,0.0,0.0,0.0,122.45047,404.6754457269987,104.87,16.44124045670223,111.5,54.0,114.5,0.12,0.04,50,1.0,2.8191915034018273,0.0,0.12,0.0,0.0,0.0
XGBoost,provided_plus_rdkit_descriptors,rdkit_NumHeteroatoms,50,319.34506,837.7398863708207,0.0,0.0,0.0,-7.562528,132.80733042331988,104.67,16.845822470092624,111.5,55.0,114.5,0.06,0.1,50,1.0,2.623306214453453,0.0,0.1,0.0,0.0,0.0
XGBoost,provided_plus_rdkit_descriptors,rdkit_LabuteASA,50,202.15376,486.8489735180902,0.0,0.0,0.0,59.486977,211.84449063571535,103.76,15.53181067542168,111.25,66.0,114.5,0.18,0.04,50,1.0,2.4083102225402997,0.0,0.18,0.0,0.0,0.0
XGBoost,provided_plus_rdkit_descriptors,rdkit_SlogP_VSA1,50,101.30857,318.01486321382197,0.0,0.0,0.0,-34.10855,122.14117583782829,107.39,12.111004441062212,111.5,69.0,114.5,0.0,0.12,50,1.0,3.139071655127681,0.0,0.12,0.0,0.0,0.0
XGBoost,provided_plus_rdkit_descriptors,rdkit_PEOE_VSA6,50,98.01482,214.02050936513078,0.0,0.0,0.0,7.9562654,71.96040254442075,104.48,14.053454800750409,111.0,73.0,114.0,0.14,0.08,50,1.0,2.183552624784905,0.0,0.14,0.0,0.0,0.0
XGBoost,provided_plus_rdkit_descriptors,rdkit_HeavyAtomMolWt,50,80.28409,350.70568649519066,0.0,0.0,0.0,1.7403748,98.20618580620658,108.84,10.392029913076934,111.5,65.0,114.5,0.06,0.02,50,1.0,4.3683087725489615,0.0,0.06,0.0,0.0,0.0
XGBoost,provided_plus_rdkit_descriptors,rdkit_fr_C_O_noCOO,50,56.281914,216.6696753240296,0.0,0.0,0.0,-13.477617,107.05910434219163,109.05,9.579021508547964,111.5,72.0,114.5,0.04,0.04,50,1.0,3.8497211778949754,0.0,0.04,0.0,0.0,0.0
XGBoost,provided_plus_rdkit_descriptors,rdkit_EState_VSA4,50,48.55851,217.7434649162113,0.0,0.0,0.0,-1.4600521,100.27031056910862,109.0,9.680613912055666,111.5,70.0,114.0,0.04,0.04,50,1.0,4.484146356498429,0.0,0.04,0.0,0.0,0.0
XGBoost,provided_plus_rdkit_descriptors,rdkit_SMR_VSA3,50,39.978447,167.55403694625892,0.0,0.0,0.0,-20.619957,139.4365656158365,109.02,10.015274049456373,112.0,71.0,114.5,0.02,0.06,50,1.0,4.191109202216398,0.0,0.06,0.0,0.0,0.0
XGBoost,provided_plus_rdkit_descriptors,rdkit_NumHAcceptors,50,30.694002,217.03936577540838,0.0,0.0,0.0,-3.7948322,26.833515490775408,111.08,5.62824509568861,112.0,73.0,114.5,0.0,0.02,50,1.0,7.071067653680924,0.0,0.02,0.0,0.0,0.0
XGBoost,provided_plus_rdkit_descriptors,rdkit_NumAliphaticHeterocycles,50,19.629305,138.8001497240861,0.0,0.0,0.0,4.2458887,30.022966720459568,111.09,5.489033593987049,111.75,74.0,114.5,0.02,0.0,50,1.0,7.071068004249142,0.0,0.02,0.0,0.0,0.0
XGBoost,provided_plus_rdkit_descriptors,rdkit_PEOE_VSA14,50,8.465069,41.940927503373366,0.0,0.0,0.0,1.5217229,30.38753889601905,110.54,6.616183004650069,111.75,79.0,114.5,0.02,0.02,50,1.0,4.954587896374606,0.0,0.02,0.0,0.0,0.0
XGBoost,provided_plus_rdkit_descriptors,rdkit_VSA_EState9,50,7.2540464,35.89915091412169,0.0,0.0,0.0,0.4835316,3.5137832707461567,110.61,6.235423819122616,111.75,79.0,114.5,0.02,0.02,50,1.0,4.948844925440745,0.0,0.02,0.0,0.0,0.0
XGBoost,provided_plus_rdkit_descriptors,rdkit_SlogP_VSA12,50,5.648894,39.94371283987496,0.0,0.0,0.0,2.3508666,16.62313676787282,111.22,4.526745914167106,111.75,81.0,114.5,0.02,0.0,50,1.0,7.07106807449549,0.0,0.02,0.0,0.0,0.0
XGBoost,provided_plus_rdkit_descriptors,rdkit_EState_VSA6,50,0.0,0.0,0.0,0.0,0.0,0.0,0.0,111.85,1.2174328963613799,112.0,108.5,114.5,0.0,0.0,50,1.0,,0.0,0.0,0.0,0.0,0.0
XGBoost,provided_plus_rdkit_descriptors,rdkit_EState_VSA7,50,0.0,0.0,0.0,0.0,0.0,0.0,0.0,111.85,1.2174328963613799,112.0,108.5,114.5,0.0,0.0,50,1.0,,0.0,0.0,0.0,0.0,0.0
XGBoost,provided_plus_rdkit_descriptors,rdkit_ExactMolWt,50,0.0,0.0,0.0,0.0,0.0,0.0,0.0,111.85,1.2174328963613799,112.0,108.5,114.5,0.0,0.0,50,1.0,,0.0,0.0,0.0,0.0,0.0
XGBoost,provided_plus_rdkit_descriptors,rdkit_HeavyAtomCount,50,0.0,0.0,0.0,0.0,0.0,0.0,0.0,111.85,1.2174328963613799,112.0,108.5,114.5,0.0,0.0,50,1.0,,0.0,0.0,0.0,0.0,0.0
XGBoost,provided_plus_rdkit_descriptors,rdkit_MaxEStateIndex,50,0.0,0.0,0.0,0.0,0.0,0.0,0.0,111.85,1.2174328963613799,112.0,108.5,114.5,0.0,0.0,50,1.0,,0.0,0.0,0.0,0.0,0.0
XGBoost,provided_plus_rdkit_descriptors,rdkit_MinAbsPartialCharge,50,0.0,0.0,0.0,0.0,0.0,0.0,0.0,111.85,1.2174328963613799,112.0,108.5,114.5,0.0,0.0,50,1.0,,0.0,0.0,0.0,0.0,0.0
XGBoost,provided_plus_rdkit_descriptors,rdkit_MolWt,50,0.0,0.0,0.0,0.0,0.0,0.0,0.0,111.85,1.2174328963613799,112.0,108.5,114.5,0.0,0.0,50,1.0,,0.0,0.0,0.0,0.0,0.0
XGBoost,provided_plus_rdkit_descriptors,rdkit_NOCount,50,0.0,0.0,0.0,0.0,0.0,0.0,0.0,111.85,1.2174328963613799,112.0,108.5,114.5,0.0,0.0,50,1.0,,0.0,0.0,0.0,0.0,0.0
XGBoost,provided_plus_rdkit_descriptors,rdkit_NumAliphaticCarbocycles,50,0.0,0.0,0.0,0.0,0.0,0.0,0.0,111.85,1.2174328963613799,112.0,108.5,114.5,0.0,0.0,50,1.0,,0.0,0.0,0.0,0.0,0.0
XGBoost,provided_plus_rdkit_descriptors,rdkit_NumAliphaticRings,50,0.0,0.0,0.0,0.0,0.0,0.0,0.0,111.85,1.2174328963613799,112.0,108.5,114.5,0.0,0.0,50,1.0,,0.0,0.0,0.0,0.0,0.0
XGBoost,provided_plus_rdkit_descriptors,rdkit_NumAmideBonds,50,0.0,0.0,0.0,0.0,0.0,0.0,0.0,111.85,1.2174328963613799,112.0,108.5,114.5,0.0,0.0,50,1.0,,0.0,0.0,0.0,0.0,0.0
XGBoost,provided_plus_rdkit_descriptors,rdkit_NumBridgeheadAtoms,50,0.0,0.0,0.0,0.0,0.0,0.0,0.0,111.85,1.2174328963613799,112.0,108.5,114.5,0.0,0.0,50,1.0,,0.0,0.0,0.0,0.0,0.0
XGBoost,provided_plus_rdkit_descriptors,rdkit_NumHeterocycles,50,0.0,0.0,0.0,0.0,0.0,0.0,0.0,111.85,1.2174328963613799,112.0,108.5,114.5,0.0,0.0,50,1.0,,0.0,0.0,0.0,0.0,0.0
XGBoost,provided_plus_rdkit_descriptors,rdkit_NumSaturatedCarbocycles,50,0.0,0.0,0.0,0.0,0.0,0.0,0.0,111.85,1.2174328963613799,112.0,108.5,114.5,0.0,0.0,50,1.0,,0.0,0.0,0.0,0.0,0.0
XGBoost,provided_plus_rdkit_descriptors,rdkit_NumSaturatedHeterocycles,50,0.0,0.0,0.0,0.0,0.0,0.0,0.0,111.85,1.2174328963613799,112.0,108.5,114.5,0.0,0.0,50,1.0,,0.0,0.0,0.0,0.0,0.0
XGBoost,provided_plus_rdkit_descriptors,rdkit_NumSaturatedRings,50,0.0,0.0,0.0,0.0,0.0,0.0,0.0,111.85,1.2174328963613799,112.0,108.5,114.5,0.0,0.0,50,1.0,,0.0,0.0,0.0,0.0,0.0
XGBoost,provided_plus_rdkit_descriptors,rdkit_PEOE_VSA3,50,0.0,0.0,0.0,0.0,0.0,0.0,0.0,111.85,1.2174328963613799,112.0,108.5,114.5,0.0,0.0,50,1.0,,0.0,0.0,0.0,0.0,0.0
XGBoost,provided_plus_rdkit_descriptors,rdkit_PEOE_VSA5,50,0.0,0.0,0.0,0.0,0.0,0.0,0.0,111.85,1.2174328963613799,112.0,108.5,114.5,0.0,0.0,50,1.0,,0.0,0.0,0.0,0.0,0.0
XGBoost,provided_plus_rdkit_descriptors,rdkit_RingCount,50,0.0,0.0,0.0,0.0,0.0,0.0,0.0,111.85,1.2174328963613799,112.0,108.5,114.5,0.0,0.0,50,1.0,,0.0,0.0,0.0,0.0,0.0
XGBoost,provided_plus_rdkit_descriptors,rdkit_SMR_VSA7,50,0.0,0.0,0.0,0.0,0.0,0.0,0.0,111.85,1.2174328963613799,112.0,108.5,114.5,0.0,0.0,50,1.0,,0.0,0.0,0.0,0.0,0.0
XGBoost,provided_plus_rdkit_descriptors,rdkit_SlogP_VSA4,50,0.0,0.0,0.0,0.0,0.0,0.0,0.0,111.85,1.2174328963613799,112.0,108.5,114.5,0.0,0.0,50,1.0,,0.0,0.0,0.0,0.0,0.0
XGBoost,provided_plus_rdkit_descriptors,rdkit_SlogP_VSA6,50,0.0,0.0,0.0,0.0,0.0,0.0,0.0,111.85,1.2174328963613799,112.0,108.5,114.5,0.0,0.0,50,1.0,,0.0,0.0,0.0,0.0,0.0
XGBoost,provided_plus_rdkit_descriptors,rdkit_VSA_EState10,50,0.0,0.0,0.0,0.0,0.0,0.0,0.0,111.85,1.2174328963613799,112.0,108.5,114.5,0.0,0.0,50,1.0,,0.0,0.0,0.0,0.0,0.0
XGBoost,provided_plus_rdkit_descriptors,rdkit_VSA_EState4,50,0.0,0.0,0.0,0.0,0.0,0.0,0.0,111.85,1.2174328963613799,112.0,108.5,114.5,0.0,0.0,50,1.0,,0.0,0.0,0.0,0.0,0.0
XGBoost,provided_plus_rdkit_descriptors,rdkit_VSA_EState6,50,0.0,0.0,0.0,0.0,0.0,0.0,0.0,111.85,1.2174328963613799,112.0,108.5,114.5,0.0,0.0,50,1.0,,0.0,0.0,0.0,0.0,0.0
XGBoost,provided_plus_rdkit_descriptors,rdkit_fr_Al_COO,50,0.0,0.0,0.0,0.0,0.0,0.0,0.0,111.85,1.2174328963613799,112.0,108.5,114.5,0.0,0.0,50,1.0,,0.0,0.0,0.0,0.0,0.0
XGBoost,provided_plus_rdkit_descriptors,rdkit_fr_Al_OH_noTert,50,0.0,0.0,0.0,0.0,0.0,0.0,0.0,111.85,1.2174328963613799,112.0,108.5,114.5,0.0,0.0,50,1.0,,0.0,0.0,0.0,0.0,0.0
XGBoost,provided_plus_rdkit_descriptors,rdkit_fr_COO,50,0.0,0.0,0.0,0.0,0.0,0.0,0.0,111.85,1.2174328963613799,112.0,108.5,114.5,0.0,0.0,50,1.0,,0.0,0.0,0.0,0.0,0.0
XGBoost,provided_plus_rdkit_descriptors,rdkit_fr_COO2,50,0.0,0.0,0.0,0.0,0.0,0.0,0.0,111.85,1.2174328963613799,112.0,108.5,114.5,0.0,0.0,50,1.0,,0.0,0.0,0.0,0.0,0.0
XGBoost,provided_plus_rdkit_descriptors,rdkit_fr_C_O,50,0.0,0.0,0.0,0.0,0.0,0.0,0.0,111.85,1.2174328963613799,112.0,108.5,114.5,0.0,0.0,50,1.0,,0.0,0.0,0.0,0.0,0.0
XGBoost,provided_plus_rdkit_descriptors,rdkit_fr_NH1,50,0.0,0.0,0.0,0.0,0.0,0.0,0.0,111.85,1.2174328963613799,112.0,108.5,114.5,0.0,0.0,50,1.0,,0.0,0.0,0.0,0.0,0.0
XGBoost,provided_plus_rdkit_descriptors,rdkit_fr_NH2,50,0.0,0.0,0.0,0.0,0.0,0.0,0.0,111.85,1.2174328963613799,112.0,108.5,114.5,0.0,0.0,50,1.0,,0.0,0.0,0.0,0.0,0.0
XGBoost,provided_plus_rdkit_descriptors,rdkit_fr_alkyl_halide,50,0.0,0.0,0.0,0.0,0.0,0.0,0.0,111.85,1.2174328963613799,112.0,108.5,114.5,0.0,0.0,50,1.0,,0.0,0.0,0.0,0.0,0.0
XGBoost,provided_plus_rdkit_descriptors,rdkit_fr_allylic_oxid,50,0.0,0.0,0.0,0.0,0.0,0.0,0.0,111.85,1.2174328963613799,112.0,108.5,114.5,0.0,0.0,50,1.0,,0.0,0.0,0.0,0.0,0.0
XGBoost,provided_plus_rdkit_descriptors,rdkit_fr_amide,50,0.0,0.0,0.0,0.0,0.0,0.0,0.0,111.85,1.2174328963613799,112.0,108.5,114.5,0.0,0.0,50,1.0,,0.0,0.0,0.0,0.0,0.0
XGBoost,provided_plus_rdkit_descriptors,rdkit_fr_bicyclic,50,0.0,0.0,0.0,0.0,0.0,0.0,0.0,111.85,1.2174328963613799,112.0,108.5,114.5,0.0,0.0,50,1.0,,0.0,0.0,0.0,0.0,0.0
XGBoost,provided_plus_rdkit_descriptors,rdkit_fr_halogen,50,0.0,0.0,0.0,0.0,0.0,0.0,0.0,111.85,1.2174328963613799,112.0,108.5,114.5,0.0,0.0,50,1.0,,0.0,0.0,0.0,0.0,0.0
XGBoost,provided_plus_rdkit_descriptors,rdkit_fr_ketone_Topliss,50,0.0,0.0,0.0,0.0,0.0,0.0,0.0,111.85,1.2174328963613799,112.0,108.5,114.5,0.0,0.0,50,1.0,,0.0,0.0,0.0,0.0,0.0
XGBoost,provided_plus_rdkit_descriptors,rdkit_fr_methoxy,50,0.0,0.0,0.0,0.0,0.0,0.0,0.0,111.85,1.2174328963613799,112.0,108.5,114.5,0.0,0.0,50,1.0,,0.0,0.0,0.0,0.0,0.0
XGBoost,provided_plus_rdkit_descriptors,rdkit_fr_phos_acid,50,0.0,0.0,0.0,0.0,0.0,0.0,0.0,111.85,1.2174328963613799,112.0,108.5,114.5,0.0,0.0,50,1.0,,0.0,0.0,0.0,0.0,0.0
XGBoost,provided_plus_rdkit_descriptors,rdkit_fr_phos_ester,50,0.0,0.0,0.0,0.0,0.0,0.0,0.0,111.85,1.2174328963613799,112.0,108.5,114.5,0.0,0.0,50,1.0,,0.0,0.0,0.0,0.0,0.0
XGBoost,rdkit_descriptors_only,rdkit_VSA_EState3,38,654627.2,134557.88195276755,655531.9375,561892.34375,716473.046875,44372.566,104998.49079818436,2.1052631578947367,1.0852692699674602,2.0,1.0,5.0,0.68421054,0.31578946,50,0.76,0.2055488750270818,154580.703125,0.68421054,1.0,1.0,1.0
XGBoost,rdkit_descriptors_only,rdkit_EState_VSA10,50,646888.2,127695.18177395353,664479.53125,558846.375,731717.875,-39301.246,98609.96177514209,1.76,0.9160696881075084,1.5,1.0,4.0,0.44,0.56,50,1.0,0.19739915528130358,172871.5,0.56,1.0,1.0,1.0
XGBoost,rdkit_descriptors_only,rdkit_Kappa2,1,541070.0,,541070.0,541070.0,541070.0,116143.86,,4.0,,4.0,4.0,4.0,1.0,0.0,50,0.02,,0.0,1.0,1.0,1.0,1.0
XGBoost,rdkit_descriptors_only,rdkit_VSA_EState7,50,524066.12,132726.1847372387,529943.96875,437182.15625,628034.796875,33228.2,91492.7018960707,3.02,1.531838964201165,3.0,1.0,9.0,0.62,0.38,50,1.0,0.25326228581791793,190852.640625,0.62,0.94,1.0,1.0
XGBoost,rdkit_descriptors_only,rdkit_HallKierAlpha,50,466152.16,96844.59009761494,477849.515625,406335.390625,542757.0,-46447.645,79368.41331637886,3.42,1.3863768666298966,4.0,1.0,8.0,0.3,0.7,50,1.0,0.20775317414959388,136421.609375,0.7,0.96,1.0,1.0
XGBoost,rdkit_descriptors_only,rdkit_BCUT2D_CHGLO,2,420739.3,65346.12413483536,420739.3125,397635.96875,443842.65625,-20772.8,36439.18943328746,2.5,0.7071067811865476,2.5,2.0,3.0,0.5,0.5,50,0.04,0.15531261803550947,46206.6875,0.5,1.0,1.0,1.0
XGBoost,rdkit_descriptors_only,rdkit_BCUT2D_LOGPLOW,28,315357.22,69537.08838056061,333672.46875,296848.2890625,358743.75,-9156.284,52608.206486865114,5.928571428571429,2.5229108912284963,5.0,3.0,16.0,0.39285713,0.60714287,50,0.56,0.2205026054459412,61895.4609375,0.60714287,0.5357142857142857,0.9285714285714286,1.0
XGBoost,rdkit_descriptors_only,rdkit_BCUT2D_MRLOW,1,306076.28,,306076.28125,306076.28125,306076.28125,-40874.504,,5.0,,5.0,5.0,5.0,0.0,1.0,50,0.02,,0.0,1.0,1.0,1.0,1.0
XGBoost,rdkit_descriptors_only,rdkit_MolLogP,50,283945.9,76887.79603652473,286864.390625,231431.19921875,353503.3515625,1876.3844,81551.46493758904,6.72,2.070590963656393,6.0,3.0,13.0,0.58,0.42,50,1.0,0.2707832525284901,122072.15234375,0.58,0.3,0.96,1.0
XGBoost,rdkit_descriptors_only,rdkit_PEOE_VSA1,50,282819.7,70266.30524130922,269526.078125,236219.375,323376.3203125,-46933.49,64033.48149918748,6.54,1.8866880602618685,7.0,2.0,11.0,0.18,0.82,50,1.0,0.24844912977039205,87156.9453125,0.82,0.28,0.98,1.0
XGBoost,rdkit_descriptors_only,rdkit_PEOE_VSA10,50,233482.31,62910.58962319588,222753.4921875,189988.3671875,269019.3125,16769.387,52763.590147570394,8.04,2.3901157003845004,8.0,3.0,14.0,0.58,0.42,50,1.0,0.26944477699224384,79030.9453125,0.58,0.16,0.86,1.0
XGBoost,rdkit_descriptors_only,rdkit_BCUT2D_CHGHI,1,231787.48,,231787.484375,231787.484375,231787.484375,66551.98,,7.0,,7.0,7.0,7.0,1.0,0.0,50,0.02,,0.0,1.0,0.0,1.0,1.0
XGBoost,rdkit_descriptors_only,rdkit_qed,49,229334.05,87197.41055818931,220175.1875,163223.09375,268234.125,-18531.85,44269.7530920684,8.53061224489796,2.63867107347877,9.0,4.0,15.0,0.24489796,0.75510204,50,0.98,0.38022008396213763,105011.03125,0.75510204,0.12244897959183673,0.8163265306122449,1.0
XGBoost,rdkit_descriptors_only,rdkit_Kappa3,41,226768.08,55390.651977530615,218207.734375,179956.28125,266304.03125,-27316.982,48175.0626002677,8.292682926829269,1.7211028795371934,8.0,5.0,11.0,0.31707317,0.68292683,50,0.82,0.24426124009834382,86347.75,0.68292683,0.04878048780487805,0.9024390243902439,1.0
XGBoost,rdkit_descriptors_only,rdkit_PEOE_VSA11,22,206991.56,65268.06716685602,207071.8203125,165425.5078125,245385.625,-3637.4568,46449.497274645706,9.181818181818182,2.611993649018087,9.0,4.0,15.0,0.59090906,0.4090909,50,0.44,0.31531752492015713,79960.1171875,0.59090906,0.045454545454545456,0.6818181818181818,1.0
XGBoost,rdkit_descriptors_only,rdkit_SMR_VSA5,6,173219.88,52411.652819813404,188268.90625,185806.71875,198728.00390625,22538.107,49386.60314273148,10.666666666666666,2.338090388900024,10.0,8.0,15.0,0.6666667,0.33333334,50,0.12,0.30257297449160153,12921.28515625,0.6666667,0.0,0.6666666666666666,1.0
XGBoost,rdkit_descriptors_only,rdkit_SlogP_VSA2,31,167971.5,63858.54330537999,154047.40625,135353.921875,194281.765625,2879.4768,36585.757136751,10.258064516129032,2.220626667339408,10.0,6.0,15.0,0.5483871,0.4516129,50,0.62,0.3801748707690292,58927.84375,0.5483871,0.0,0.5483870967741935,1.0
XGBoost,rdkit_descriptors_only,rdkit_NumAtomStereoCenters,28,135524.3,27634.447246299937,132190.578125,119261.92578125,153290.71875,8821.372,45310.26436395966,11.892857142857142,1.7917358790618274,12.0,8.0,15.0,0.60714287,0.39285713,50,0.56,0.20390769687437227,34028.79296875,0.60714287,0.0,0.25,1.0
XGBoost,rdkit_descriptors_only,rdkit_Chi0,1,130725.24,,130725.2421875,130725.2421875,130725.2421875,-35666.055,,12.0,,12.0,12.0,12.0,0.0,1.0,50,0.02,,0.0,1.0,0.0,0.0,1.0
XGBoost,rdkit_descriptors_only,rdkit_fr_Al_OH_noTert,16,106658.03,63710.015281609296,111814.0859375,78323.9560546875,143674.34375,21039.686,22012.746321136732,13.25,3.1937438845342623,12.0,9.0,20.0,0.9375,0.0625,50,0.32,0.5973297513084304,65350.3876953125,0.9375,0.0,0.1875,1.0
XGBoost,rdkit_descriptors_only,rdkit_EState_VSA1,22,106126.53,41456.325301126526,89785.5,75029.3359375,141835.9609375,21081.09,30537.71592244096,13.272727272727273,2.207817672376701,13.0,10.0,18.0,0.8181818,0.18181819,50,0.44,0.3906311156393941,66806.625,0.8181818,0.0,0.09090909090909091,1.0
XGBoost,rdkit_descriptors_only,rdkit_SMR_VSA1,50,103371.06,40654.18238084496,94426.4140625,73965.091796875,118706.9765625,35123.316,29303.40781072183,13.24,1.9645843928766953,13.0,8.0,17.0,0.92,0.08,50,1.0,0.3932839752019088,44741.884765625,0.92,0.0,0.06,1.0
XGBoost,rdkit_descriptors_only,rdkit_NHOHCount,49,96773.94,74043.10849737229,85276.4296875,33467.78515625,126749.84375,-7126.5723,18551.10738295427,14.020408163265307,3.561892029516332,15.0,5.0,20.0,0.26530612,0.71428573,50,0.98,0.7651141455040237,93282.05859375,0.71428573,0.04081632653061224,0.12244897959183673,1.0
XGBoost,rdkit_descriptors_only,rdkit_fr_Al_OH,9,94361.0,46496.305942349594,91314.015625,63614.10546875,108812.796875,18041.352,19321.888709627885,13.222222222222221,2.6352313834736494,13.0,9.0,17.0,0.8888889,0.11111111,50,0.18,0.4927491860233528,45198.69140625,0.8888889,0.0,0.2222222222222222,1.0
XGBoost,rdkit_descriptors_only,rdkit_SlogP_VSA3,50,94136.05,45649.51488452853,79863.42578125,57092.5693359375,120413.466796875,-122.37078,25313.25595533971,13.94,2.5427768847687537,14.0,8.0,19.0,0.56,0.44,50,1.0,0.4849312925275579,63320.8974609375,0.56,0.0,0.1,1.0
XGBoost,rdkit_descriptors_only,rdkit_TPSA,50,74780.42,35987.65757176564,73414.8515625,43705.271484375,98528.310546875,10520.185,25346.68639340593,15.0,1.9378085666072196,15.0,11.0,18.0,0.62,0.38,50,1.0,0.48124437746448107,54823.0390625,0.62,0.0,0.0,1.0
XGBoost,rdkit_descriptors_only,rdkit_NumHeteroatoms,50,51821.996,31090.530374870556,46860.701171875,29916.31005859375,71452.0546875,12764.213,17137.20779924488,16.36,2.1166010488516727,17.0,11.0,20.0,0.76,0.22,50,1.0,0.5999485299374686,41535.74462890625,0.76,0.0,0.0,1.0
XGBoost,rdkit_descriptors_only,rdkit_NumHDonors,50,48971.5,22464.578348675404,46554.673828125,31005.37109375,69426.85546875,-3579.829,10160.18007354106,16.42,1.5660948442621505,17.0,11.0,19.0,0.34,0.66,50,1.0,0.4587275935733111,38421.484375,0.66,0.0,0.0,1.0
XGBoost,rdkit_descriptors_only,rdkit_fr_ether,5,44787.105,28773.166287343825,46394.671875,37331.859375,55648.76171875,-10198.024,20537.77105667759,16.8,2.5884358211089573,16.0,14.0,20.0,0.6,0.4,50,0.1,0.6424430868259654,18316.90234375,0.6,0.0,0.0,1.0
XGBoost,rdkit_descriptors_only,rdkit_NumHAcceptors,50,11761.191,14202.335259294417,8728.54736328125,0.0,14655.417724609375,-1028.3384,8836.361045988588,19.2,0.7423074889580905,19.0,18.0,20.0,0.2,0.48,50,1.0,1.2075592317753772,14655.417724609375,0.48,0.0,0.0,1.0
XGBoost,rdkit_descriptors_only,rdkit_NOCount,50,8158.19,7622.656801477594,8538.26904296875,292.6982727050781,11379.26904296875,-1102.0967,2706.2304895352745,19.38,0.7925675146674391,19.5,16.0,20.0,0.26,0.48,50,1.0,0.9343563776064345,11086.570770263672,0.48,0.0,0.0,1.0
