model,feature_set,feature,mean_abs_shap,std_mean_abs_shap,mean_shap,mean_shap_std,mean_std_abs_shap,std_abs_shap_std
XGBoost,provided_only,Molecular weight (Da),965303.44,79997.49344033195,-15413.831,143070.20509244475,555686.4,52994.027502727135
XGBoost,provided_only,Solubility (mg/mL),820796.9,71201.25935185738,21392.822,144127.8109559508,734512.6,149414.522419538
XGBoost,provided_only,"Glass transition temperature (Tg, degC)",570087.8,57714.751023395744,-18892.902,120163.25081749623,455748.2,53282.85592948137
XGBoost,provided_only,Viscosity (mPa.s),301326.8,53031.78212002642,978.2636,49129.86110561461,274571.7,50254.4421945072
XGBoost,provided_only,Concentration (% w/v),251587.95,36093.62530980815,6819.8496,43099.69684746289,161095.78,22592.525207283663
XGBoost,provided_plus_rdkit_descriptors,rdkit_EState_VSA10,614076.2,133075.1986000912,6470.628,91349.8165788692,265884.03,67660.22241734792
XGBoost,provided_plus_rdkit_descriptors,Solubility (mg/mL),539602.56,52828.45946455631,-3685.3179,97512.70902356776,579748.75,92328.16717994561
XGBoost,provided_plus_rdkit_descriptors,Concentration (% w/v),265073.75,31856.386160364884,2087.0957,43049.59946585048,133866.12,18941.21636257356
XGBoost,provided_plus_rdkit_descriptors,"Glass transition temperature (Tg, degC)",245000.08,40908.140964780076,19000.553,49058.41820140355,194825.9,37268.499353334526
XGBoost,provided_plus_rdkit_descriptors,Viscosity (mPa.s),198494.72,35879.27145844472,19220.342,36831.892060478,174394.0,36386.62800502875
XGBoost,provided_plus_rdkit_descriptors,rdkit_HallKierAlpha,198370.78,93797.26559318483,-29764.105,43616.23026755971,128694.6,63986.34691398918
XGBoost,provided_plus_rdkit_descriptors,rdkit_VSA_EState8,173900.2,46359.96305517141,11780.558,33809.61710824176,162853.4,46402.36378139643
XGBoost,provided_plus_rdkit_descriptors,rdkit_MolLogP,134176.48,71503.0578370621,-13087.112,35093.17424431137,82448.62,36457.19353641597
XGBoost,provided_plus_rdkit_descriptors,rdkit_AvgIpc,114395.25,26472.970924819023,-32035.793,29929.409182252937,136885.4,46037.8203107115
XGBoost,provided_plus_rdkit_descriptors,rdkit_MaxPartialCharge,110543.09,45287.4602200456,-31495.92,28781.56751783424,87975.37,34529.31646652442
XGBoost,provided_plus_rdkit_descriptors,rdkit_EState_VSA9,83996.31,42546.26569260542,-1152.4008,16480.944679006927,54749.15,25717.869562325806
XGBoost,provided_plus_rdkit_descriptors,rdkit_Chi0v,77499.48,50253.11761219294,24191.65,28767.419466011215,82042.47,59804.95597044788
XGBoost,provided_plus_rdkit_descriptors,rdkit_MinPartialCharge,72886.08,30762.789041455395,-8352.275,14317.271298224396,41497.34,18185.902381649787
XGBoost,provided_plus_rdkit_descriptors,rdkit_MinEStateIndex,72451.4,30256.65251576697,22116.49,23251.359119493638,59752.58,26087.180446634007
XGBoost,provided_plus_rdkit_descriptors,rdkit_PEOE_VSA11,70891.23,30795.54975995637,-3513.2947,16065.422670260466,51108.63,19486.539722624577
XGBoost,provided_plus_rdkit_descriptors,rdkit_BCUT2D_MRHI,68921.38,25701.28484905346,4914.188,14216.490060191169,67185.63,25670.608926896515
XGBoost,provided_plus_rdkit_descriptors,rdkit_MaxAbsEStateIndex,68462.69,17734.13559134359,-981.20404,23385.538577536787,78913.875,28409.941257216477
XGBoost,provided_plus_rdkit_descriptors,rdkit_MinAbsEStateIndex,62493.18,25315.139264865153,659.74725,20387.26432556304,91102.26,49551.25316327413
XGBoost,provided_plus_rdkit_descriptors,rdkit_BCUT2D_MWLOW,57206.25,34298.67107883037,-3289.0952,13442.88768843255,49308.61,34227.21325534359
XGBoost,provided_plus_rdkit_descriptors,rdkit_VSA_EState2,56216.5,30497.408665107647,-3456.2144,15221.014780431882,53808.125,35120.85156731413
XGBoost,provided_plus_rdkit_descriptors,rdkit_qed,55931.203,39325.890660563964,-3689.0767,18036.701047012688,48851.355,31761.173835400616
XGBoost,provided_plus_rdkit_descriptors,rdkit_SlogP_VSA3,51030.805,38398.83132852999,-7743.5317,18874.944611047144,29411.648,21813.89556633977
XGBoost,provided_plus_rdkit_descriptors,rdkit_VSA_EState3,49939.87,31512.392267954932,16900.96,15571.675775425078,37190.13,25141.907541368422
XGBoost,provided_plus_rdkit_descriptors,rdkit_SPS,48868.484,18165.89524024567,10359.364,13540.640074077264,48787.73,20639.89935727269
XGBoost,provided_plus_rdkit_descriptors,rdkit_PEOE_VSA1,47544.703,24649.978521713874,-3647.587,9459.022250006541,48508.8,27979.283536626015
XGBoost,provided_plus_rdkit_descriptors,rdkit_BCUT2D_CHGLO,43095.72,25652.47837732486,762.3586,18558.571902499312,39304.164,23860.112322811532
XGBoost,provided_plus_rdkit_descriptors,rdkit_FpDensityMorgan1,41160.836,14072.419677086873,17870.72,10847.89138492114,34627.926,12513.977747445317
XGBoost,provided_plus_rdkit_descriptors,rdkit_FpDensityMorgan3,40536.22,16275.374279775968,-4183.6675,8734.076116854834,33583.684,13137.403095897213
XGBoost,provided_plus_rdkit_descriptors,rdkit_BCUT2D_CHGHI,38229.504,16439.473321625992,2047.0414,10112.020596857546,35532.723,23628.343677633886
XGBoost,provided_plus_rdkit_descriptors,rdkit_BalabanJ,36206.67,22005.26501313741,-3455.0232,13364.727275679214,30702.053,19460.61017246006
XGBoost,provided_plus_rdkit_descriptors,rdkit_VSA_EState7,34118.895,17487.148530782695,12017.09,13364.407145405534,30387.717,14923.153082174353
XGBoost,provided_plus_rdkit_descriptors,rdkit_BertzCT,33920.035,36676.62654651594,-166.16922,11769.706048327449,20848.73,16982.6112416336
XGBoost,provided_plus_rdkit_descriptors,Molecular weight (Da),31914.777,12297.115115041739,2945.268,14270.096163803386,29909.928,12465.09950792578
XGBoost,provided_plus_rdkit_descriptors,rdkit_EState_VSA2,29439.555,15541.15347143243,754.70154,8690.157097290672,67240.52,40924.59569897089
XGBoost,provided_plus_rdkit_descriptors,rdkit_SlogP_VSA2,27572.154,25024.811596525982,-5888.986,10172.25802172945,18441.615,14939.132276118626
XGBoost,provided_plus_rdkit_descriptors,rdkit_BCUT2D_MRLOW,24428.107,12572.038774079852,1074.7859,9127.581200927567,20934.12,9410.053928690104
XGBoost,provided_plus_rdkit_descriptors,rdkit_FpDensityMorgan2,23329.22,12885.175648495755,546.8334,5687.584889295228,18167.379,9425.961664683853
XGBoost,provided_plus_rdkit_descriptors,rdkit_Kappa3,18759.207,8058.586959556276,280.86954,7454.085064706538,17121.086,8223.180448927505
XGBoost,provided_plus_rdkit_descriptors,rdkit_Kappa1,18160.363,15336.57179545886,-347.86218,5177.219762396825,20154.863,16556.37619585541
XGBoost,provided_plus_rdkit_descriptors,rdkit_BCUT2D_MWHI,17314.523,6182.288488650785,-801.8592,5158.029927183957,15213.827,5910.1781371492825
XGBoost,provided_plus_rdkit_descriptors,rdkit_Ipc,17182.287,11377.427613389735,-4795.4736,5968.177734604342,14104.125,9248.675576958593
XGBoost,provided_plus_rdkit_descriptors,rdkit_Chi0n,14439.883,13285.405238694819,-1384.7891,4873.806329251724,10272.802,8114.006765624127
XGBoost,provided_plus_rdkit_descriptors,rdkit_fr_Al_OH,11729.219,17081.389766832337,4538.4155,8175.098738476558,7863.13,10726.724885214378
XGBoost,provided_plus_rdkit_descriptors,rdkit_MolMR,11614.152,9210.54874695789,172.72412,3000.3596211306335,12467.085,10107.072870365791
XGBoost,provided_plus_rdkit_descriptors,rdkit_Phi,11599.541,10355.773948638887,322.96054,4521.957403626428,9575.016,8473.885107339695
XGBoost,provided_plus_rdkit_descriptors,rdkit_EState_VSA1,10884.852,12416.009545693292,3703.8909,6368.597358887228,10475.092,10905.702000084375
XGBoost,provided_plus_rdkit_descriptors,rdkit_BCUT2D_LOGPHI,10801.402,12306.60111888644,-1915.4381,5363.591501337921,12092.192,14503.939890442589
XGBoost,provided_plus_rdkit_descriptors,rdkit_SMR_VSA5,10723.34,5937.584276295358,-116.05728,3573.571342000487,9758.41,5342.030968267608
XGBoost,provided_plus_rdkit_descriptors,rdkit_Kappa2,10210.644,10089.658957294292,1591.7639,4215.810516086414,11545.74,9969.655639105635
XGBoost,provided_plus_rdkit_descriptors,rdkit_MaxAbsPartialCharge,9981.86,4860.303643334843,-141.89453,2208.678155506764,9859.838,5037.143689739256
XGBoost,provided_plus_rdkit_descriptors,rdkit_Chi2n,9831.403,6929.087068631376,2749.7156,3580.6975579011196,7139.7925,4982.827936861809
XGBoost,provided_plus_rdkit_descriptors,rdkit_fr_aldehyde,8812.543,16183.615371019987,688.34784,4640.549723284849,6619.2124,10240.757976110912
XGBoost,provided_plus_rdkit_descriptors,rdkit_NumUnspecifiedAtomStereoCenters,8349.093,6548.084260469523,2354.8271,3838.740561695372,13993.64,10937.293323773549
XGBoost,provided_plus_rdkit_descriptors,rdkit_NumAtomStereoCenters,7627.543,4726.5085491546915,2099.7024,3804.293750876262,11655.262,7476.4228274615925
XGBoost,provided_plus_rdkit_descriptors,rdkit_EState_VSA8,6896.155,5453.03486654851,565.4861,1828.6753261008892,9728.854,7789.039062561932
XGBoost,provided_plus_rdkit_descriptors,rdkit_PEOE_VSA10,6128.3613,5990.743600450346,806.9587,4071.8179647821125,7236.978,6752.74825338253
XGBoost,provided_plus_rdkit_descriptors,rdkit_PEOE_VSA9,5616.459,6567.451370588501,963.71735,3513.667935833261,6041.4727,6726.855081717758
XGBoost,provided_plus_rdkit_descriptors,rdkit_Chi4v,5427.3438,4305.801653812331,-93.34331,1597.5887548743283,4154.6235,2889.95675721133
XGBoost,provided_plus_rdkit_descriptors,rdkit_NHOHCount,5167.6123,11807.45835804738,-402.8142,2608.334105386786,3490.7788,7069.667691321322
XGBoost,provided_plus_rdkit_descriptors,rdkit_VSA_EState5,5118.7095,6338.2893141252935,-538.12604,1505.075272827148,5686.6387,6907.321084518237
XGBoost,provided_plus_rdkit_descriptors,rdkit_PEOE_VSA8,5025.4614,10913.840352881965,1175.3303,4267.411445290468,11878.617,27874.447191917527
XGBoost,provided_plus_rdkit_descriptors,rdkit_NumRotatableBonds,4955.1235,6434.748874173138,-692.63806,2040.3004960562012,5071.9404,6301.712825502949
XGBoost,provided_plus_rdkit_descriptors,rdkit_SMR_VSA1,4787.026,6913.920734477568,-497.4309,3018.817813401409,4946.02,5268.566563798685
XGBoost,provided_plus_rdkit_descriptors,rdkit_BCUT2D_LOGPLOW,4603.074,5056.033295686017,81.47288,1413.6524517568466,3861.1292,3897.65418553323
XGBoost,provided_plus_rdkit_descriptors,rdkit_SMR_VSA10,4601.342,3886.7587459956444,-201.43234,2523.06871217174,6259.252,6119.472489079988
XGBoost,provided_plus_rdkit_descriptors,rdkit_SlogP_VSA5,4504.576,4477.64517820551,-710.3476,1568.2775772592108,5442.2573,5361.9565510323855
XGBoost,provided_plus_rdkit_descriptors,rdkit_VSA_EState1,4443.8306,3516.624316593972,-23.030472,1412.6108849363889,4062.3765,3101.5010050297938
XGBoost,provided_plus_rdkit_descriptors,rdkit_Chi0,4180.0874,5639.992033232052,249.2772,1165.0071721535994,4709.235,5033.470790166419
XGBoost,provided_plus_rdkit_descriptors,rdkit_NumHDonors,4126.058,8187.065590902106,-442.21844,2194.213190110233,2697.7263,4963.6084899168245
XGBoost,provided_plus_rdkit_descriptors,rdkit_Chi1v,3852.3457,13290.258267578478,1672.8508,9237.962541898652,4220.5757,14396.689543198083
XGBoost,provided_plus_rdkit_descriptors,rdkit_Chi3v,3806.081,7776.608809222456,622.1787,3335.526833577502,4014.29,8601.107813263876
XGBoost,provided_plus_rdkit_descriptors,rdkit_SMR_VSA6,3243.2576,2221.518188867585,-237.70648,1158.3702056346494,2891.7437,1833.5843055981165
XGBoost,provided_plus_rdkit_descriptors,rdkit_Chi4n,3108.559,5663.59945662222,-518.57025,1464.4971052207661,2306.8806,3624.277863723495
XGBoost,provided_plus_rdkit_descriptors,rdkit_EState_VSA3,3067.68,3217.851818282513,-133.602,1776.779231072558,8000.5825,9355.530093449714
XGBoost,provided_plus_rdkit_descriptors,rdkit_Chi1,2943.306,3054.0306666865604,795.87225,1630.3432699235489,2716.2544,2716.1178841193196
XGBoost,provided_plus_rdkit_descriptors,rdkit_TPSA,2755.1555,5121.360247670592,11.726849,1463.5635852274156,2618.651,3826.8897816454073
XGBoost,provided_plus_rdkit_descriptors,rdkit_FractionCSP3,2117.483,2779.097325186206,-188.62263,1590.0711306647231,2079.556,2032.494717493183
XGBoost,provided_plus_rdkit_descriptors,rdkit_Chi3n,2086.0662,2947.840855889897,-173.41888,1210.5275136183309,1746.0177,2276.2535806531087
XGBoost,provided_plus_rdkit_descriptors,rdkit_EState_VSA5,2002.226,2216.80029898141,263.5946,1182.499650857268,2917.653,3109.252322849233
XGBoost,provided_plus_rdkit_descriptors,rdkit_PEOE_VSA7,1961.8345,1948.0022607322826,-116.692345,544.067755235864,3350.3105,3275.8799428543257
XGBoost,provided_plus_rdkit_descriptors,rdkit_PEOE_VSA12,1906.5099,2685.212217646888,-300.5672,1363.9334736710696,2439.497,2964.6440154688057
XGBoost,provided_plus_rdkit_descriptors,rdkit_Chi1n,1806.4164,2159.871371410638,-226.75092,1224.8358372349007,1727.1547,1722.618917779467
XGBoost,provided_plus_rdkit_descriptors,rdkit_Chi2v,1126.4768,1398.9674523802098,304.4818,580.5454572266052,1277.289,1787.380750322765
XGBoost,provided_plus_rdkit_descriptors,rdkit_fr_ketone,716.0181,870.7198559366583,-11.393821,341.1684993030599,1115.315,1413.5839295277008
XGBoost,provided_plus_rdkit_descriptors,rdkit_SMR_VSA4,684.9548,1638.260883680285,-235.52184,991.4306888511062,1315.7773,3869.126252329987
XGBoost,provided_plus_rdkit_descriptors,rdkit_PEOE_VSA2,638.2185,1165.082954413855,-29.382788,520.2523570709259,852.85333,1536.3022513747637
XGBoost,provided_plus_rdkit_descriptors,rdkit_NumValenceElectrons,415.64905,810.0517260660406,-53.99869,288.73904223523965,496.1217,915.7751296112676
XGBoost,provided_plus_rdkit_descriptors,rdkit_fr_ether,359.53302,1013.5924352314615,122.45047,404.6754457269987,320.391,844.4794140949979
XGBoost,provided_plus_rdkit_descriptors,rdkit_NumHeteroatoms,319.34506,837.7398863708207,-7.562528,132.80733042331988,309.55396,786.6391841552116
XGBoost,provided_plus_rdkit_descriptors,rdkit_LabuteASA,202.15376,486.8489735180902,59.486977,211.84449063571535,273.36188,690.2763683255869
XGBoost,provided_plus_rdkit_descriptors,rdkit_SlogP_VSA1,101.30857,318.01486321382197,-34.10855,122.14117583782829,162.29239,537.8631547557824
XGBoost,provided_plus_rdkit_descriptors,rdkit_PEOE_VSA6,98.01482,214.02050936513078,7.9562654,71.96040254442075,296.95694,675.0473721464781
XGBoost,provided_plus_rdkit_descriptors,rdkit_HeavyAtomMolWt,80.28409,350.70568649519066,1.7403748,98.20618580620658,91.04444,363.2582261005529
XGBoost,provided_plus_rdkit_descriptors,rdkit_fr_C_O_noCOO,56.281914,216.6696753240296,-13.477617,107.05910434219163,65.62129,243.6954399892106
XGBoost,provided_plus_rdkit_descriptors,rdkit_EState_VSA4,48.55851,217.7434649162113,-1.4600521,100.27031056910862,89.96866,489.90276122314543
XGBoost,provided_plus_rdkit_descriptors,rdkit_SMR_VSA3,39.978447,167.55403694625892,-20.619957,139.4365656158365,64.45643,252.06046874813498
XGBoost,provided_plus_rdkit_descriptors,rdkit_NumHAcceptors,30.694002,217.03936577540838,-3.7948322,26.833515490775408,38.21872,270.24714851119467
XGBoost,provided_plus_rdkit_descriptors,rdkit_NumAliphaticHeterocycles,19.629305,138.8001497240861,4.2458887,30.022966720459568,25.869307,182.9236215018012
XGBoost,provided_plus_rdkit_descriptors,rdkit_PEOE_VSA14,8.465069,41.940927503373366,1.5217229,30.38753889601905,10.731976,53.58676965000991
XGBoost,provided_plus_rdkit_descriptors,rdkit_VSA_EState9,7.2540464,35.89915091412169,0.4835316,3.5137832707461567,22.683681,114.90276049517894
XGBoost,provided_plus_rdkit_descriptors,rdkit_SlogP_VSA12,5.648894,39.94371283987496,2.3508666,16.62313676787282,12.365909,87.44017545960043
XGBoost,provided_plus_rdkit_descriptors,rdkit_EState_VSA6,0.0,0.0,0.0,0.0,0.0,0.0
XGBoost,provided_plus_rdkit_descriptors,rdkit_EState_VSA7,0.0,0.0,0.0,0.0,0.0,0.0
XGBoost,provided_plus_rdkit_descriptors,rdkit_ExactMolWt,0.0,0.0,0.0,0.0,0.0,0.0
XGBoost,provided_plus_rdkit_descriptors,rdkit_HeavyAtomCount,0.0,0.0,0.0,0.0,0.0,0.0
XGBoost,provided_plus_rdkit_descriptors,rdkit_MaxEStateIndex,0.0,0.0,0.0,0.0,0.0,0.0
XGBoost,provided_plus_rdkit_descriptors,rdkit_MinAbsPartialCharge,0.0,0.0,0.0,0.0,0.0,0.0
XGBoost,provided_plus_rdkit_descriptors,rdkit_MolWt,0.0,0.0,0.0,0.0,0.0,0.0
XGBoost,provided_plus_rdkit_descriptors,rdkit_NOCount,0.0,0.0,0.0,0.0,0.0,0.0
XGBoost,provided_plus_rdkit_descriptors,rdkit_NumAliphaticCarbocycles,0.0,0.0,0.0,0.0,0.0,0.0
XGBoost,provided_plus_rdkit_descriptors,rdkit_NumAliphaticRings,0.0,0.0,0.0,0.0,0.0,0.0
XGBoost,provided_plus_rdkit_descriptors,rdkit_NumAmideBonds,0.0,0.0,0.0,0.0,0.0,0.0
XGBoost,provided_plus_rdkit_descriptors,rdkit_NumBridgeheadAtoms,0.0,0.0,0.0,0.0,0.0,0.0
XGBoost,provided_plus_rdkit_descriptors,rdkit_NumHeterocycles,0.0,0.0,0.0,0.0,0.0,0.0
XGBoost,provided_plus_rdkit_descriptors,rdkit_NumSaturatedCarbocycles,0.0,0.0,0.0,0.0,0.0,0.0
XGBoost,provided_plus_rdkit_descriptors,rdkit_NumSaturatedHeterocycles,0.0,0.0,0.0,0.0,0.0,0.0
XGBoost,provided_plus_rdkit_descriptors,rdkit_NumSaturatedRings,0.0,0.0,0.0,0.0,0.0,0.0
XGBoost,provided_plus_rdkit_descriptors,rdkit_PEOE_VSA3,0.0,0.0,0.0,0.0,0.0,0.0
XGBoost,provided_plus_rdkit_descriptors,rdkit_PEOE_VSA5,0.0,0.0,0.0,0.0,0.0,0.0
XGBoost,provided_plus_rdkit_descriptors,rdkit_RingCount,0.0,0.0,0.0,0.0,0.0,0.0
XGBoost,provided_plus_rdkit_descriptors,rdkit_SMR_VSA7,0.0,0.0,0.0,0.0,0.0,0.0
XGBoost,provided_plus_rdkit_descriptors,rdkit_SlogP_VSA4,0.0,0.0,0.0,0.0,0.0,0.0
XGBoost,provided_plus_rdkit_descriptors,rdkit_SlogP_VSA6,0.0,0.0,0.0,0.0,0.0,0.0
XGBoost,provided_plus_rdkit_descriptors,rdkit_VSA_EState10,0.0,0.0,0.0,0.0,0.0,0.0
XGBoost,provided_plus_rdkit_descriptors,rdkit_VSA_EState4,0.0,0.0,0.0,0.0,0.0,0.0
XGBoost,provided_plus_rdkit_descriptors,rdkit_VSA_EState6,0.0,0.0,0.0,0.0,0.0,0.0
XGBoost,provided_plus_rdkit_descriptors,rdkit_fr_Al_COO,0.0,0.0,0.0,0.0,0.0,0.0
XGBoost,provided_plus_rdkit_descriptors,rdkit_fr_Al_OH_noTert,0.0,0.0,0.0,0.0,0.0,0.0
XGBoost,provided_plus_rdkit_descriptors,rdkit_fr_COO,0.0,0.0,0.0,0.0,0.0,0.0
XGBoost,provided_plus_rdkit_descriptors,rdkit_fr_COO2,0.0,0.0,0.0,0.0,0.0,0.0
XGBoost,provided_plus_rdkit_descriptors,rdkit_fr_C_O,0.0,0.0,0.0,0.0,0.0,0.0
XGBoost,provided_plus_rdkit_descriptors,rdkit_fr_NH1,0.0,0.0,0.0,0.0,0.0,0.0
XGBoost,provided_plus_rdkit_descriptors,rdkit_fr_NH2,0.0,0.0,0.0,0.0,0.0,0.0
XGBoost,provided_plus_rdkit_descriptors,rdkit_fr_alkyl_halide,0.0,0.0,0.0,0.0,0.0,0.0
XGBoost,provided_plus_rdkit_descriptors,rdkit_fr_allylic_oxid,0.0,0.0,0.0,0.0,0.0,0.0
XGBoost,provided_plus_rdkit_descriptors,rdkit_fr_amide,0.0,0.0,0.0,0.0,0.0,0.0
XGBoost,provided_plus_rdkit_descriptors,rdkit_fr_bicyclic,0.0,0.0,0.0,0.0,0.0,0.0
XGBoost,provided_plus_rdkit_descriptors,rdkit_fr_halogen,0.0,0.0,0.0,0.0,0.0,0.0
XGBoost,provided_plus_rdkit_descriptors,rdkit_fr_ketone_Topliss,0.0,0.0,0.0,0.0,0.0,0.0
XGBoost,provided_plus_rdkit_descriptors,rdkit_fr_methoxy,0.0,0.0,0.0,0.0,0.0,0.0
XGBoost,provided_plus_rdkit_descriptors,rdkit_fr_phos_acid,0.0,0.0,0.0,0.0,0.0,0.0
XGBoost,provided_plus_rdkit_descriptors,rdkit_fr_phos_ester,0.0,0.0,0.0,0.0,0.0,0.0
XGBoost,rdkit_descriptors_only,rdkit_VSA_EState3,654627.2,134557.88195276755,44372.566,104998.49079818436,478324.62,86187.9568848022
XGBoost,rdkit_descriptors_only,rdkit_EState_VSA10,646888.2,127695.18177395353,-39301.246,98609.96177514209,286101.78,68348.4416788528
XGBoost,rdkit_descriptors_only,rdkit_Kappa2,541070.0,,116143.86,,364037.7,
XGBoost,rdkit_descriptors_only,rdkit_VSA_EState7,524066.12,132726.1847372387,33228.2,91492.7018960707,269547.0,66689.07012444017
XGBoost,rdkit_descriptors_only,rdkit_HallKierAlpha,466152.16,96844.59009761494,-46447.645,79368.41331637886,244903.2,48244.97080199748
XGBoost,rdkit_descriptors_only,rdkit_BCUT2D_CHGLO,420739.3,65346.12413483536,-20772.8,36439.18943328746,313954.2,105525.20202435243
XGBoost,rdkit_descriptors_only,rdkit_BCUT2D_LOGPLOW,315357.22,69537.08838056061,-9156.284,52608.206486865114,267004.66,61056.53049298748
XGBoost,rdkit_descriptors_only,rdkit_BCUT2D_MRLOW,306076.28,,-40874.504,,206749.25,
XGBoost,rdkit_descriptors_only,rdkit_MolLogP,283945.9,76887.79603652473,1876.3844,81551.46493758904,343901.2,117778.99224347621
XGBoost,rdkit_descriptors_only,rdkit_PEOE_VSA1,282819.7,70266.30524130922,-46933.49,64033.48149918748,162426.92,38474.14810651221
XGBoost,rdkit_descriptors_only,rdkit_PEOE_VSA10,233482.31,62910.58962319588,16769.387,52763.590147570394,193832.98,53915.98535092003
XGBoost,rdkit_descriptors_only,rdkit_BCUT2D_CHGHI,231787.48,,66551.98,,135087.67,
XGBoost,rdkit_descriptors_only,rdkit_qed,229334.05,87197.41055818931,-18531.85,44269.7530920684,115781.51,28789.652662291544
XGBoost,rdkit_descriptors_only,rdkit_Kappa3,226768.08,55390.651977530615,-27316.982,48175.0626002677,121397.695,27924.19443343023
XGBoost,rdkit_descriptors_only,rdkit_PEOE_VSA11,206991.56,65268.06716685602,-3637.4568,46449.497274645706,136845.45,40277.93802060398
XGBoost,rdkit_descriptors_only,rdkit_SMR_VSA5,173219.88,52411.652819813404,22538.107,49386.60314273148,184025.69,64465.401446007374
XGBoost,rdkit_descriptors_only,rdkit_SlogP_VSA2,167971.5,63858.54330537999,2879.4768,36585.757136751,126672.53,51334.336615419765
XGBoost,rdkit_descriptors_only,rdkit_NumAtomStereoCenters,135524.3,27634.447246299937,8821.372,45310.26436395966,223955.22,61511.49358701246
XGBoost,rdkit_descriptors_only,rdkit_Chi0,130725.24,,-35666.055,,80404.41,
XGBoost,rdkit_descriptors_only,rdkit_fr_Al_OH_noTert,106658.03,63710.015281609296,21039.686,22012.746321136732,49944.68,30906.909955786447
XGBoost,rdkit_descriptors_only,rdkit_EState_VSA1,106126.53,41456.325301126526,21081.09,30537.71592244096,75816.69,32235.23065866751
XGBoost,rdkit_descriptors_only,rdkit_SMR_VSA1,103371.06,40654.18238084496,35123.316,29303.40781072183,76954.62,27639.75727812697
XGBoost,rdkit_descriptors_only,rdkit_NHOHCount,96773.94,74043.10849737229,-7126.5723,18551.10738295427,33983.25,19545.198620900002
XGBoost,rdkit_descriptors_only,rdkit_fr_Al_OH,94361.0,46496.305942349594,18041.352,19321.888709627885,56707.11,25720.806040544172
XGBoost,rdkit_descriptors_only,rdkit_SlogP_VSA3,94136.05,45649.51488452853,-122.37078,25313.25595533971,73543.27,37696.39633732626
XGBoost,rdkit_descriptors_only,rdkit_TPSA,74780.42,35987.65757176564,10520.185,25346.68639340593,65776.4,32282.207660953263
XGBoost,rdkit_descriptors_only,rdkit_NumHeteroatoms,51821.996,31090.530374870556,12764.213,17137.20779924488,40416.3,25467.48882198447
XGBoost,rdkit_descriptors_only,rdkit_NumHDonors,48971.5,22464.578348675404,-3579.829,10160.18007354106,26073.643,15017.834857229944
XGBoost,rdkit_descriptors_only,rdkit_fr_ether,44787.105,28773.166287343825,-10198.024,20537.77105667759,27703.041,18519.07962256634
XGBoost,rdkit_descriptors_only,rdkit_NumHAcceptors,11761.191,14202.335259294417,-1028.3384,8836.361045988588,8542.937,9080.025146076405
XGBoost,rdkit_descriptors_only,rdkit_NOCount,8158.19,7622.656801477594,-1102.0967,2706.2304895352745,6210.055,7118.111918756739
