model,feature_set,feature,used_by_xgboost_after_pipeline,n_samples,pearson_r_with_target,spearman_r_with_target,abs_pearson_r_with_target,abs_spearman_r_with_target
XGBoost,provided_plus_rdkit_descriptors,rdkit_HallKierAlpha,True,300,0.4215797083798948,0.40906157594563197,0.4215797083798948,0.40906157594563197
XGBoost,provided_plus_rdkit_descriptors,Solubility (mg/mL),True,300,0.3952763994669732,0.1450405218717228,0.3952763994669732,0.1450405218717228
XGBoost,provided_plus_rdkit_descriptors,rdkit_EState_VSA10,True,300,-0.38846856482216957,-0.5150275312356628,0.38846856482216957,0.5150275312356628
XGBoost,provided_plus_rdkit_descriptors,rdkit_VSA_EState7,True,300,0.3784595647300316,0.4836563841872588,0.3784595647300316,0.4836563841872588
XGBoost,provided_plus_rdkit_descriptors,rdkit_MolLogP,True,300,0.3692551921939379,0.46264818630152155,0.3692551921939379,0.46264818630152155
XGBoost,provided_plus_rdkit_descriptors,rdkit_qed,True,300,0.35458820977770544,0.43548489945060165,0.35458820977770544,0.43548489945060165
XGBoost,provided_plus_rdkit_descriptors,rdkit_SlogP_VSA3,True,300,-0.3531661932331053,-0.4862481885487772,0.3531661932331053,0.4862481885487772
XGBoost,provided_plus_rdkit_descriptors,rdkit_PEOE_VSA1,True,300,-0.3525912117068236,-0.4561389298449294,0.3525912117068236,0.4561389298449294
XGBoost,provided_plus_rdkit_descriptors,rdkit_TPSA,True,300,-0.3480435454567385,-0.42858971060862083,0.3480435454567385,0.42858971060862083
XGBoost,provided_plus_rdkit_descriptors,rdkit_NOCount,True,300,-0.3471931678210349,-0.44940491618543593,0.3471931678210349,0.44940491618543593
XGBoost,provided_plus_rdkit_descriptors,rdkit_PEOE_VSA10,True,300,-0.3451200741999944,-0.38117033539574696,0.3451200741999944,0.38117033539574696
XGBoost,provided_plus_rdkit_descriptors,rdkit_SMR_VSA1,True,300,-0.3450682098090948,-0.42081006661972864,0.3450682098090948,0.42081006661972864
XGBoost,provided_plus_rdkit_descriptors,rdkit_NumHDonors,True,300,-0.34429923454466177,-0.42140121267473635,0.34429923454466177,0.42140121267473635
XGBoost,provided_plus_rdkit_descriptors,rdkit_BCUT2D_LOGPLOW,True,296,0.3437638286785092,0.44359520399334695,0.3437638286785092,0.44359520399334695
XGBoost,provided_plus_rdkit_descriptors,rdkit_NumHAcceptors,True,300,-0.33973888764250615,-0.4366528316664661,0.33973888764250615,0.4366528316664661
XGBoost,provided_plus_rdkit_descriptors,rdkit_NumHeteroatoms,True,300,-0.33730405528202545,-0.414217517748983,0.33730405528202545,0.414217517748983
XGBoost,provided_plus_rdkit_descriptors,rdkit_NHOHCount,True,300,-0.33612000043271945,-0.42229363054080354,0.33612000043271945,0.42229363054080354
XGBoost,provided_plus_rdkit_descriptors,rdkit_Kappa3,True,300,-0.3359492676028691,-0.4030732125963093,0.3359492676028691,0.4030732125963093
XGBoost,provided_plus_rdkit_descriptors,rdkit_VSA_EState3,True,300,-0.33166548700870574,-0.3872494876841825,0.33166548700870574,0.3872494876841825
XGBoost,provided_plus_rdkit_descriptors,rdkit_SlogP_VSA2,True,300,-0.33075513882571766,-0.41281239507011225,0.33075513882571766,0.41281239507011225
XGBoost,provided_plus_rdkit_descriptors,rdkit_NumAtomStereoCenters,True,300,-0.3307269373534672,-0.4545759933513413,0.3307269373534672,0.4545759933513413
XGBoost,provided_plus_rdkit_descriptors,rdkit_EState_VSA1,True,300,-0.3297388564603978,-0.37467569120710303,0.3297388564603978,0.37467569120710303
XGBoost,provided_plus_rdkit_descriptors,rdkit_fr_Al_OH_noTert,True,300,-0.3285106355921528,-0.36119148106416743,0.3285106355921528,0.36119148106416743
XGBoost,provided_plus_rdkit_descriptors,rdkit_PEOE_VSA11,True,300,-0.328496450942998,-0.4448936100227714,0.328496450942998,0.4448936100227714
XGBoost,provided_plus_rdkit_descriptors,rdkit_fr_Al_OH,True,300,-0.32669980953710415,-0.359404132079772,0.32669980953710415,0.359404132079772
XGBoost,provided_plus_rdkit_descriptors,rdkit_fr_ether,True,300,-0.32440416564265895,-0.41170902330678383,0.32440416564265895,0.41170902330678383
XGBoost,provided_plus_rdkit_descriptors,rdkit_Kappa2,True,300,-0.3230187821780499,-0.3664990437745731,0.3230187821780499,0.3664990437745731
XGBoost,provided_plus_rdkit_descriptors,rdkit_Chi0,True,300,-0.32000320693662687,-0.4389246488850791,0.32000320693662687,0.4389246488850791
XGBoost,provided_plus_rdkit_descriptors,rdkit_Chi1,True,300,-0.3189973528310366,-0.42740082902933485,0.3189973528310366,0.42740082902933485
XGBoost,provided_plus_rdkit_descriptors,rdkit_NumValenceElectrons,True,300,-0.31821444752711303,-0.4268578715459468,0.31821444752711303,0.4268578715459468
XGBoost,provided_plus_rdkit_descriptors,rdkit_HeavyAtomCount,True,300,-0.31786791506820916,-0.4400456509013083,0.31786791506820916,0.4400456509013083
XGBoost,provided_plus_rdkit_descriptors,rdkit_HeavyAtomMolWt,True,300,-0.31574474919211437,-0.4276008098100929,0.31574474919211437,0.4276008098100929
XGBoost,provided_plus_rdkit_descriptors,rdkit_ExactMolWt,True,300,-0.3145261605415077,-0.4169851882801411,0.3145261605415077,0.4169851882801411
XGBoost,provided_plus_rdkit_descriptors,Molecular weight (Da),True,300,-0.3144354946208565,-0.41568879414227244,0.3144354946208565,0.41568879414227244
XGBoost,provided_plus_rdkit_descriptors,rdkit_MolWt,True,300,-0.31443452951891093,-0.41448216528579535,0.31443452951891093,0.41448216528579535
XGBoost,provided_plus_rdkit_descriptors,rdkit_Kappa1,True,300,-0.3143896213257099,-0.41185238551801295,0.3143896213257099,0.41185238551801295
XGBoost,provided_plus_rdkit_descriptors,rdkit_Phi,True,300,-0.3129605182777538,-0.34805444928817897,0.3129605182777538,0.34805444928817897
XGBoost,provided_plus_rdkit_descriptors,rdkit_SMR_VSA5,True,300,-0.3121279137917167,-0.48906735886878117,0.3121279137917167,0.48906735886878117
XGBoost,provided_plus_rdkit_descriptors,rdkit_LabuteASA,True,300,-0.3068939679384217,-0.3897781926172107,0.3068939679384217,0.3897781926172107
XGBoost,provided_plus_rdkit_descriptors,rdkit_Chi0n,True,300,-0.30640368852698174,-0.40736669954429167,0.30640368852698174,0.40736669954429167
XGBoost,provided_plus_rdkit_descriptors,rdkit_Chi1n,True,300,-0.3050723795822259,-0.4121497987906154,0.3050723795822259,0.4121497987906154
XGBoost,provided_plus_rdkit_descriptors,rdkit_VSA_EState1,True,300,-0.30188653394530374,-0.35813722592472735,0.30188653394530374,0.35813722592472735
XGBoost,provided_plus_rdkit_descriptors,rdkit_MolMR,True,300,-0.30173675605842243,-0.39856142652003423,0.30173675605842243,0.39856142652003423
XGBoost,provided_plus_rdkit_descriptors,rdkit_BCUT2D_CHGHI,True,296,-0.29937877092327053,-0.41964703173866247,0.29937877092327053,0.41964703173866247
XGBoost,provided_plus_rdkit_descriptors,rdkit_BertzCT,True,300,-0.2977206005111617,-0.4327549041939441,0.2977206005111617,0.4327549041939441
XGBoost,provided_plus_rdkit_descriptors,rdkit_NumRotatableBonds,True,300,-0.2974659682567909,-0.3082262291507931,0.2974659682567909,0.3082262291507931
XGBoost,provided_plus_rdkit_descriptors,rdkit_Chi1v,True,300,-0.29617516668508964,-0.38623131920350534,0.29617516668508964,0.38623131920350534
XGBoost,provided_plus_rdkit_descriptors,rdkit_Chi0v,True,300,-0.2961482592398627,-0.3692722304271319,0.2961482592398627,0.3692722304271319
XGBoost,provided_plus_rdkit_descriptors,rdkit_BCUT2D_MRLOW,True,296,0.29507686868893934,0.3968059683710176,0.29507686868893934,0.3968059683710176
XGBoost,provided_plus_rdkit_descriptors,rdkit_Chi2n,True,300,-0.2901867874686901,-0.43651386978086626,0.2901867874686901,0.43651386978086626
XGBoost,provided_plus_rdkit_descriptors,rdkit_BCUT2D_CHGLO,True,296,0.2892020918919683,0.42922685604633243,0.2892020918919683,0.42922685604633243
XGBoost,provided_plus_rdkit_descriptors,rdkit_Chi3n,True,300,-0.2772909317892259,-0.43119892885482625,0.2772909317892259,0.43119892885482625
XGBoost,provided_plus_rdkit_descriptors,rdkit_Chi2v,True,300,-0.2772022664484561,-0.4102138625513238,0.2772022664484561,0.4102138625513238
XGBoost,provided_plus_rdkit_descriptors,rdkit_VSA_EState8,True,300,0.269755366174154,0.26851898234117283,0.269755366174154,0.26851898234117283
XGBoost,provided_plus_rdkit_descriptors,rdkit_PEOE_VSA9,True,300,-0.26550019996424123,-0.30414201830905024,0.26550019996424123,0.30414201830905024
XGBoost,provided_plus_rdkit_descriptors,rdkit_Chi4n,True,300,-0.26462145652166996,-0.4238299016762349,0.26462145652166996,0.4238299016762349
XGBoost,provided_plus_rdkit_descriptors,rdkit_BCUT2D_LOGPHI,True,296,-0.2603646020048343,-0.4078819299528876,0.2603646020048343,0.4078819299528876
XGBoost,provided_plus_rdkit_descriptors,rdkit_NumAliphaticHeterocycles,True,300,-0.26032265249475184,-0.3876363242253684,0.26032265249475184,0.3876363242253684
XGBoost,provided_plus_rdkit_descriptors,rdkit_NumHeterocycles,True,300,-0.26032265249475184,-0.3876363242253684,0.26032265249475184,0.3876363242253684
XGBoost,provided_plus_rdkit_descriptors,rdkit_NumSaturatedHeterocycles,True,300,-0.26032265249475184,-0.3876363242253684,0.26032265249475184,0.3876363242253684
XGBoost,provided_plus_rdkit_descriptors,rdkit_Chi3v,True,300,-0.25776438975111404,-0.40140961112945495,0.25776438975111404,0.40140961112945495
XGBoost,provided_plus_rdkit_descriptors,rdkit_SMR_VSA6,True,300,-0.2543665754823755,-0.26156652955365217,0.2543665754823755,0.26156652955365217
XGBoost,provided_plus_rdkit_descriptors,rdkit_MinAbsPartialCharge,True,296,-0.2500883957999598,-0.3361709154232793,0.2500883957999598,0.3361709154232793
XGBoost,provided_plus_rdkit_descriptors,rdkit_FpDensityMorgan1,True,300,0.24694969576935316,0.3015188783036242,0.24694969576935316,0.3015188783036242
XGBoost,provided_plus_rdkit_descriptors,rdkit_NumSaturatedRings,True,300,-0.2460898621224352,-0.38896843257241437,0.2460898621224352,0.38896843257241437
XGBoost,provided_plus_rdkit_descriptors,rdkit_Chi4v,True,300,-0.24463127865876338,-0.3963979686410448,0.24463127865876338,0.3963979686410448
XGBoost,provided_plus_rdkit_descriptors,rdkit_NumAliphaticRings,True,300,-0.24367966584234524,-0.3933271940091128,0.24367966584234524,0.3933271940091128
XGBoost,provided_plus_rdkit_descriptors,rdkit_RingCount,True,300,-0.24367966584234524,-0.3933271940091128,0.24367966584234524,0.3933271940091128
XGBoost,provided_plus_rdkit_descriptors,rdkit_SPS,True,300,-0.2423391002470562,-0.3450122621921517,0.2423391002470562,0.3450122621921517
XGBoost,provided_plus_rdkit_descriptors,rdkit_MaxAbsEStateIndex,True,300,-0.2407734814528097,-0.334605000817433,0.2407734814528097,0.334605000817433
XGBoost,provided_plus_rdkit_descriptors,rdkit_MaxEStateIndex,True,300,-0.2407734814528097,-0.334605000817433,0.2407734814528097,0.334605000817433
XGBoost,provided_plus_rdkit_descriptors,rdkit_MaxPartialCharge,True,296,-0.23108898817246612,-0.3361709154232793,0.23108898817246612,0.3361709154232793
XGBoost,provided_plus_rdkit_descriptors,rdkit_PEOE_VSA12,True,300,-0.22800806542152396,-0.2204943791577521,0.22800806542152396,0.2204943791577521
XGBoost,provided_plus_rdkit_descriptors,rdkit_VSA_EState5,True,300,0.22427165532917892,0.19618788550749805,0.22427165532917892,0.19618788550749805
XGBoost,provided_plus_rdkit_descriptors,rdkit_BalabanJ,True,300,0.21559840036591166,0.31545108729680627,0.21559840036591166,0.31545108729680627
XGBoost,provided_plus_rdkit_descriptors,rdkit_FpDensityMorgan2,True,300,0.21303144482732053,0.19659705514708495,0.21303144482732053,0.19659705514708495
XGBoost,provided_plus_rdkit_descriptors,rdkit_MinEStateIndex,True,300,0.1849689395892854,0.34414479446832313,0.1849689395892854,0.34414479446832313
XGBoost,provided_plus_rdkit_descriptors,rdkit_SlogP_VSA12,True,300,0.17519310942922817,0.13709614080694169,0.17519310942922817,0.13709614080694169
XGBoost,provided_plus_rdkit_descriptors,rdkit_EState_VSA2,True,300,0.174787023379296,0.11504066948601883,0.174787023379296,0.11504066948601883
XGBoost,provided_plus_rdkit_descriptors,rdkit_PEOE_VSA3,True,300,-0.1703593961343676,-0.15696591877391045,0.1703593961343676,0.15696591877391045
XGBoost,provided_plus_rdkit_descriptors,rdkit_fr_halogen,True,300,0.16919103528622165,0.15706156681172245,0.16919103528622165,0.15706156681172245
XGBoost,provided_plus_rdkit_descriptors,rdkit_PEOE_VSA5,True,300,0.16897115262056095,0.15706156681172245,0.16897115262056095,0.15706156681172245
XGBoost,provided_plus_rdkit_descriptors,Viscosity (mPa.s),True,300,-0.16682595307472817,-0.14777764136299876,0.16682595307472817,0.14777764136299876
XGBoost,provided_plus_rdkit_descriptors,rdkit_VSA_EState10,True,300,0.1646325110033256,0.2044380369954085,0.1646325110033256,0.2044380369954085
XGBoost,provided_plus_rdkit_descriptors,rdkit_FpDensityMorgan3,True,300,0.16444118725682755,0.09615960958367202,0.16444118725682755,0.09615960958367202
XGBoost,provided_plus_rdkit_descriptors,rdkit_fr_alkyl_halide,True,300,0.16322200995657796,0.14715194612191906,0.16322200995657796,0.14715194612191906
XGBoost,provided_plus_rdkit_descriptors,rdkit_fr_Al_COO,True,300,-0.16132164250517714,-0.15219855683086825,0.16132164250517714,0.15219855683086825
XGBoost,provided_plus_rdkit_descriptors,rdkit_fr_COO,True,300,-0.16132164250517714,-0.15219855683086825,0.16132164250517714,0.15219855683086825
XGBoost,provided_plus_rdkit_descriptors,rdkit_fr_COO2,True,300,-0.16132164250517714,-0.15219855683086825,0.16132164250517714,0.15219855683086825
XGBoost,provided_plus_rdkit_descriptors,rdkit_EState_VSA3,True,300,0.15828814790241316,0.17881639344575337,0.15828814790241316,0.17881639344575337
XGBoost,provided_plus_rdkit_descriptors,rdkit_fr_NH1,True,300,-0.15681279093128248,-0.1504467691948442,0.15681279093128248,0.1504467691948442
XGBoost,provided_plus_rdkit_descriptors,rdkit_SMR_VSA3,True,300,-0.15681279093128225,-0.1504467691948442,0.15681279093128225,0.1504467691948442
XGBoost,provided_plus_rdkit_descriptors,"Glass transition temperature (Tg, degC)",True,300,-0.15604841154451699,-0.1888842538547979,0.15604841154451699,0.1888842538547979
XGBoost,provided_plus_rdkit_descriptors,rdkit_VSA_EState2,True,300,-0.15537501289003172,-0.13638400013961097,0.15537501289003172,0.13638400013961097
XGBoost,provided_plus_rdkit_descriptors,rdkit_MaxAbsPartialCharge,True,296,-0.15237823127777703,0.22290134188888822,0.15237823127777703,0.22290134188888822
XGBoost,provided_plus_rdkit_descriptors,rdkit_EState_VSA9,True,300,-0.1502382209242804,0.12606828360318284,0.1502382209242804,0.12606828360318284
XGBoost,provided_plus_rdkit_descriptors,rdkit_VSA_EState6,True,300,0.14837459893573593,0.11644440863988652,0.14837459893573593,0.11644440863988652
XGBoost,provided_plus_rdkit_descriptors,rdkit_AvgIpc,True,300,-0.14791564255572465,-0.2171664567546113,0.14791564255572465,0.2171664567546113
XGBoost,provided_plus_rdkit_descriptors,rdkit_SMR_VSA10,True,300,0.1429890434028955,0.020122015884573664,0.1429890434028955,0.020122015884573664
XGBoost,provided_plus_rdkit_descriptors,rdkit_SMR_VSA4,True,300,0.14022801566123688,0.1462892646629241,0.14022801566123688,0.1462892646629241
XGBoost,provided_plus_rdkit_descriptors,rdkit_MinPartialCharge,True,296,0.1400411976033353,-0.24654670245167204,0.1400411976033353,0.24654670245167204
XGBoost,provided_plus_rdkit_descriptors,rdkit_PEOE_VSA14,True,300,0.13951926495030226,-0.08151444637621932,0.13951926495030226,0.08151444637621932
XGBoost,provided_plus_rdkit_descriptors,rdkit_SlogP_VSA4,True,300,0.13564451833778807,0.13221862433759657,0.13564451833778807,0.13221862433759657
XGBoost,provided_plus_rdkit_descriptors,rdkit_EState_VSA6,True,300,0.13564451833778798,0.13221862433759657,0.13564451833778798,0.13221862433759657
XGBoost,provided_plus_rdkit_descriptors,rdkit_fr_bicyclic,True,300,0.13564451833778796,0.13221862433759657,0.13564451833778796,0.13221862433759657
XGBoost,provided_plus_rdkit_descriptors,rdkit_fr_allylic_oxid,True,300,0.13564451833778793,0.13221862433759657,0.13564451833778793,0.13221862433759657
XGBoost,provided_plus_rdkit_descriptors,rdkit_EState_VSA8,True,300,0.1347199477581345,0.0864236199143104,0.1347199477581345,0.0864236199143104
XGBoost,provided_plus_rdkit_descriptors,rdkit_fr_C_O,True,300,-0.12767449580900994,-0.03909924850752494,0.12767449580900994,0.03909924850752494
XGBoost,provided_plus_rdkit_descriptors,rdkit_Ipc,True,292,-0.12680618058987994,-0.3822820677009158,0.12680618058987994,0.3822820677009158
XGBoost,provided_plus_rdkit_descriptors,rdkit_SlogP_VSA1,True,300,-0.12283058153165965,-0.10374713101440251,0.12283058153165965,0.10374713101440251
XGBoost,provided_plus_rdkit_descriptors,rdkit_PEOE_VSA6,True,300,0.12228632384977374,0.00415985411186594,0.12228632384977374,0.00415985411186594
XGBoost,provided_plus_rdkit_descriptors,rdkit_NumAmideBonds,True,300,-0.11710427393932515,-0.10072341183629772,0.11710427393932515,0.10072341183629772
XGBoost,provided_plus_rdkit_descriptors,rdkit_fr_amide,True,300,-0.11710427393932515,-0.10072341183629772,0.11710427393932515,0.10072341183629772
XGBoost,provided_plus_rdkit_descriptors,rdkit_PEOE_VSA7,True,300,0.1160977701148424,0.03227612452429923,0.1160977701148424,0.03227612452429923
XGBoost,provided_plus_rdkit_descriptors,rdkit_EState_VSA7,True,300,-0.11474789709683059,-0.14027255069318623,0.11474789709683059,0.14027255069318623
XGBoost,provided_plus_rdkit_descriptors,rdkit_NumSaturatedCarbocycles,True,300,0.11179645366722347,0.07322107681743815,0.11179645366722347,0.07322107681743815
XGBoost,provided_plus_rdkit_descriptors,rdkit_BCUT2D_MWLOW,True,296,0.11122467901745808,0.4473458580800086,0.11122467901745808,0.4473458580800086
XGBoost,provided_plus_rdkit_descriptors,rdkit_fr_methoxy,True,300,-0.10898856830431643,-0.0949670565261105,0.10898856830431643,0.0949670565261105
XGBoost,provided_plus_rdkit_descriptors,rdkit_SlogP_VSA5,True,300,0.10778780498317099,-0.0036081359028816793,0.10778780498317099,0.0036081359028816793
XGBoost,provided_plus_rdkit_descriptors,rdkit_EState_VSA5,True,300,-0.09955478303615964,-0.03238301035759552,0.09955478303615964,0.03238301035759552
XGBoost,provided_plus_rdkit_descriptors,rdkit_fr_aldehyde,True,300,-0.09830696632068978,-0.024041790839482477,0.09830696632068978,0.024041790839482477
XGBoost,provided_plus_rdkit_descriptors,rdkit_NumBridgeheadAtoms,True,300,-0.0942161468963788,-0.09664711626707569,0.0942161468963788,0.09664711626707569
XGBoost,provided_plus_rdkit_descriptors,rdkit_NumAliphaticCarbocycles,True,300,0.08925657688826924,-0.013762555389333892,0.08925657688826924,0.013762555389333892
XGBoost,provided_plus_rdkit_descriptors,rdkit_fr_C_O_noCOO,True,300,-0.08321291373992701,-0.009727674419486776,0.08321291373992701,0.009727674419486776
XGBoost,provided_plus_rdkit_descriptors,rdkit_fr_ketone,True,300,0.08108087663002164,0.06034971716730069,0.08108087663002164,0.06034971716730069
XGBoost,provided_plus_rdkit_descriptors,rdkit_fr_ketone_Topliss,True,300,0.08108087663002164,0.06034971716730069,0.08108087663002164,0.06034971716730069
XGBoost,provided_plus_rdkit_descriptors,rdkit_MinAbsEStateIndex,True,300,-0.0745819466493813,-0.10768455448370533,0.0745819466493813,0.10768455448370533
XGBoost,provided_plus_rdkit_descriptors,rdkit_BCUT2D_MWHI,True,296,0.07210501841855398,-0.3369634898683931,0.07210501841855398,0.3369634898683931
XGBoost,provided_plus_rdkit_descriptors,rdkit_EState_VSA4,True,300,0.06601424767171385,-0.025473151577941975,0.06601424767171385,0.025473151577941975
XGBoost,provided_plus_rdkit_descriptors,rdkit_BCUT2D_MRHI,True,296,-0.06074411052251258,-0.1109210172301837,0.06074411052251258,0.1109210172301837
XGBoost,provided_plus_rdkit_descriptors,rdkit_fr_phos_ester,True,300,-0.06026499178901938,-0.049215631809757895,0.06026499178901938,0.049215631809757895
XGBoost,provided_plus_rdkit_descriptors,rdkit_PEOE_VSA8,True,300,-0.05385737354662515,-0.03572655238405347,0.05385737354662515,0.03572655238405347
XGBoost,provided_plus_rdkit_descriptors,rdkit_VSA_EState9,True,300,-0.04754138128827839,-0.0873674640809617,0.04754138128827839,0.0873674640809617
XGBoost,provided_plus_rdkit_descriptors,rdkit_fr_NH2,True,300,0.04318955009260599,0.07248533720030677,0.04318955009260599,0.07248533720030677
XGBoost,provided_plus_rdkit_descriptors,rdkit_fr_phos_acid,True,300,0.042924585601757693,0.04144459041773532,0.042924585601757693,0.04144459041773532
XGBoost,provided_plus_rdkit_descriptors,rdkit_FractionCSP3,True,300,-0.03712300820377376,-0.11052891370230178,0.03712300820377376,0.11052891370230178
XGBoost,provided_plus_rdkit_descriptors,rdkit_PEOE_VSA2,True,300,-0.024888713564744924,0.008218868650694926,0.024888713564744924,0.008218868650694926
XGBoost,provided_plus_rdkit_descriptors,rdkit_SMR_VSA7,True,300,0.017101307304867513,0.0016723758381956568,0.017101307304867513,0.0016723758381956568
XGBoost,provided_plus_rdkit_descriptors,rdkit_SlogP_VSA6,True,300,0.017101307304867513,0.0016723758381956568,0.017101307304867513,0.0016723758381956568
XGBoost,provided_plus_rdkit_descriptors,Concentration (% w/v),True,300,-0.015356288560392476,0.0013598565517422795,0.015356288560392476,0.0013598565517422795
XGBoost,provided_plus_rdkit_descriptors,rdkit_NumUnspecifiedAtomStereoCenters,True,300,0.007857486564280588,0.043949622271423995,0.007857486564280588,0.043949622271423995
XGBoost,provided_plus_rdkit_descriptors,rdkit_VSA_EState4,True,300,-7.453093560901028e-05,-0.10686006789474414,7.453093560901028e-05,0.10686006789474414
XGBoost,provided_plus_rdkit_descriptors,rdkit_NumRadicalElectrons,False,300,,,,
XGBoost,provided_plus_rdkit_descriptors,rdkit_PEOE_VSA13,False,300,,,,
XGBoost,provided_plus_rdkit_descriptors,rdkit_PEOE_VSA4,False,300,,,,
XGBoost,provided_plus_rdkit_descriptors,rdkit_SMR_VSA2,False,300,,,,
XGBoost,provided_plus_rdkit_descriptors,rdkit_SMR_VSA8,False,300,,,,
XGBoost,provided_plus_rdkit_descriptors,rdkit_SMR_VSA9,False,300,,,,
XGBoost,provided_plus_rdkit_descriptors,rdkit_SlogP_VSA10,False,300,,,,
XGBoost,provided_plus_rdkit_descriptors,rdkit_SlogP_VSA11,False,300,,,,
XGBoost,provided_plus_rdkit_descriptors,rdkit_SlogP_VSA7,False,300,,,,
XGBoost,provided_plus_rdkit_descriptors,rdkit_SlogP_VSA8,False,300,,,,
XGBoost,provided_plus_rdkit_descriptors,rdkit_SlogP_VSA9,False,300,,,,
XGBoost,provided_plus_rdkit_descriptors,rdkit_EState_VSA11,False,300,,,,
XGBoost,provided_plus_rdkit_descriptors,rdkit_NumAromaticCarbocycles,False,300,,,,
XGBoost,provided_plus_rdkit_descriptors,rdkit_NumAromaticHeterocycles,False,300,,,,
XGBoost,provided_plus_rdkit_descriptors,rdkit_NumAromaticRings,False,300,,,,
XGBoost,provided_plus_rdkit_descriptors,rdkit_NumSpiroAtoms,False,300,,,,
XGBoost,provided_plus_rdkit_descriptors,rdkit_fr_ArN,False,300,,,,
XGBoost,provided_plus_rdkit_descriptors,rdkit_fr_Ar_COO,False,300,,,,
XGBoost,provided_plus_rdkit_descriptors,rdkit_fr_Ar_N,False,300,,,,
XGBoost,provided_plus_rdkit_descriptors,rdkit_fr_Ar_NH,False,300,,,,
XGBoost,provided_plus_rdkit_descriptors,rdkit_fr_Ar_OH,False,300,,,,
XGBoost,provided_plus_rdkit_descriptors,rdkit_fr_C_S,False,300,,,,
XGBoost,provided_plus_rdkit_descriptors,rdkit_fr_HOCCN,False,300,,,,
XGBoost,provided_plus_rdkit_descriptors,rdkit_fr_Imine,False,300,,,,
XGBoost,provided_plus_rdkit_descriptors,rdkit_fr_NH0,False,300,,,,
XGBoost,provided_plus_rdkit_descriptors,rdkit_fr_N_O,False,300,,,,
XGBoost,provided_plus_rdkit_descriptors,rdkit_fr_Ndealkylation1,False,300,,,,
XGBoost,provided_plus_rdkit_descriptors,rdkit_fr_Ndealkylation2,False,300,,,,
XGBoost,provided_plus_rdkit_descriptors,rdkit_fr_Nhpyrrole,False,300,,,,
XGBoost,provided_plus_rdkit_descriptors,rdkit_fr_SH,False,300,,,,
XGBoost,provided_plus_rdkit_descriptors,rdkit_fr_alkyl_carbamate,False,300,,,,
XGBoost,provided_plus_rdkit_descriptors,rdkit_fr_amidine,False,300,,,,
XGBoost,provided_plus_rdkit_descriptors,rdkit_fr_aniline,False,300,,,,
XGBoost,provided_plus_rdkit_descriptors,rdkit_fr_aryl_methyl,False,300,,,,
XGBoost,provided_plus_rdkit_descriptors,rdkit_fr_azide,False,300,,,,
XGBoost,provided_plus_rdkit_descriptors,rdkit_fr_azo,False,300,,,,
XGBoost,provided_plus_rdkit_descriptors,rdkit_fr_barbitur,False,300,,,,
XGBoost,provided_plus_rdkit_descriptors,rdkit_fr_benzene,False,300,,,,
XGBoost,provided_plus_rdkit_descriptors,rdkit_fr_benzodiazepine,False,300,,,,
XGBoost,provided_plus_rdkit_descriptors,rdkit_fr_diazo,False,300,,,,
XGBoost,provided_plus_rdkit_descriptors,rdkit_fr_dihydropyridine,False,300,,,,
XGBoost,provided_plus_rdkit_descriptors,rdkit_fr_epoxide,False,300,,,,
XGBoost,provided_plus_rdkit_descriptors,rdkit_fr_ester,False,300,,,,
XGBoost,provided_plus_rdkit_descriptors,rdkit_fr_furan,False,300,,,,
XGBoost,provided_plus_rdkit_descriptors,rdkit_fr_guanido,False,300,,,,
XGBoost,provided_plus_rdkit_descriptors,rdkit_fr_hdrzine,False,300,,,,
XGBoost,provided_plus_rdkit_descriptors,rdkit_fr_hdrzone,False,300,,,,
XGBoost,provided_plus_rdkit_descriptors,rdkit_fr_imidazole,False,300,,,,
XGBoost,provided_plus_rdkit_descriptors,rdkit_fr_imide,False,300,,,,
XGBoost,provided_plus_rdkit_descriptors,rdkit_fr_isocyan,False,300,,,,
XGBoost,provided_plus_rdkit_descriptors,rdkit_fr_isothiocyan,False,300,,,,
XGBoost,provided_plus_rdkit_descriptors,rdkit_fr_lactam,False,300,,,,
XGBoost,provided_plus_rdkit_descriptors,rdkit_fr_lactone,False,300,,,,
XGBoost,provided_plus_rdkit_descriptors,rdkit_fr_morpholine,False,300,,,,
XGBoost,provided_plus_rdkit_descriptors,rdkit_fr_nitrile,False,300,,,,
XGBoost,provided_plus_rdkit_descriptors,rdkit_fr_nitro,False,300,,,,
XGBoost,provided_plus_rdkit_descriptors,rdkit_fr_nitro_arom,False,300,,,,
XGBoost,provided_plus_rdkit_descriptors,rdkit_fr_nitro_arom_nonortho,False,300,,,,
XGBoost,provided_plus_rdkit_descriptors,rdkit_fr_nitroso,False,300,,,,
XGBoost,provided_plus_rdkit_descriptors,rdkit_fr_oxazole,False,300,,,,
XGBoost,provided_plus_rdkit_descriptors,rdkit_fr_oxime,False,300,,,,
XGBoost,provided_plus_rdkit_descriptors,rdkit_fr_para_hydroxylation,False,300,,,,
XGBoost,provided_plus_rdkit_descriptors,rdkit_fr_phenol,False,300,,,,
XGBoost,provided_plus_rdkit_descriptors,rdkit_fr_phenol_noOrthoHbond,False,300,,,,
XGBoost,provided_plus_rdkit_descriptors,rdkit_fr_piperdine,False,300,,,,
XGBoost,provided_plus_rdkit_descriptors,rdkit_fr_piperzine,False,300,,,,
XGBoost,provided_plus_rdkit_descriptors,rdkit_fr_priamide,False,300,,,,
XGBoost,provided_plus_rdkit_descriptors,rdkit_fr_prisulfonamd,False,300,,,,
XGBoost,provided_plus_rdkit_descriptors,rdkit_fr_pyridine,False,300,,,,
XGBoost,provided_plus_rdkit_descriptors,rdkit_fr_quatN,False,300,,,,
XGBoost,provided_plus_rdkit_descriptors,rdkit_fr_sulfide,False,300,,,,
XGBoost,provided_plus_rdkit_descriptors,rdkit_fr_sulfonamd,False,300,,,,
XGBoost,provided_plus_rdkit_descriptors,rdkit_fr_sulfone,False,300,,,,
XGBoost,provided_plus_rdkit_descriptors,rdkit_fr_term_acetylene,False,300,,,,
XGBoost,provided_plus_rdkit_descriptors,rdkit_fr_tetrazole,False,300,,,,
XGBoost,provided_plus_rdkit_descriptors,rdkit_fr_thiazole,False,300,,,,
XGBoost,provided_plus_rdkit_descriptors,rdkit_fr_thiocyan,False,300,,,,
XGBoost,provided_plus_rdkit_descriptors,rdkit_fr_thiophene,False,300,,,,
XGBoost,provided_plus_rdkit_descriptors,rdkit_fr_unbrch_alkane,False,300,,,,
XGBoost,provided_plus_rdkit_descriptors,rdkit_fr_urea,False,300,,,,
