scenario_run,model,feature_set,n_subset,mean_fold_rmse,std_fold_rmse,mean_fold_mae,std_fold_mae,median_ae_mean,median_ae_std,mean_fold_r2,std_fold_r2,explained_variance_mean,explained_variance_std,mape_mean,mape_std,max_error_mean,max_error_std,mean_error_mean,mean_error_std,std_error_mean,std_error_std,mean_absolute_log_error_mean,mean_absolute_log_error_std,rmse_log1p_mean,rmse_log1p_std,pearson_mean,pearson_std,spearman_mean,spearman_std,mean_train_rmse,train_rmse_std,train_mae_mean,train_mae_std,mean_train_r2,train_r2_std,mean_train_val_rmse_gap,train_val_rmse_gap_std,mean_train_val_rmse_ratio,train_val_rmse_ratio_std,mean_rmse_ratio,rmse_ratio_std,mean_train_val_r2_gap,train_val_r2_gap_std,inner_best_rmse_mean,inner_best_rmse_std,inner_selected_rmse_mean,inner_selected_rmse_std,inner_selected_rmse_gap_vs_min_mean,inner_selected_rmse_gap_vs_min_std,one_se_threshold_mean,one_se_threshold_std,one_se_candidate_count_mean,one_se_candidate_count_std,inner_selected_complexity_score_mean,inner_selected_complexity_score_std,mean_n_train,n_train_std,mean_n_val,n_val_std,pooled_cv_rmse,pooled_cv_mae,pooled_cv_r2,pooled_cv_pearson,pooled_cv_spearman,n_predictions,pooled_cv_rmse_gap_vs_full,pooled_cv_rmse_pct_gap_vs_full,pooled_cv_rmse_improvement_vs_previous,pooled_cv_r2_change_vs_previous
XGBoost__provided_plus_rdkit_descriptors,XGBoost,provided_plus_rdkit_descriptors,30,2253864.8774434263,714297.8691280368,1843317.4424739585,574664.2656723548,1579829.466171875,704638.6827415485,-0.4599855967606708,1.580188671594352,-0.06867313514790827,0.6484108392591995,1.6258622718435647,1.843171678212975,4056063.829375,1622423.0275534908,74174.69877604167,772071.3730632423,2298088.2697553914,849423.537609995,0.7257141170213953,0.23758749109988742,0.924892225915361,0.3472515618029407,0.36516694407369826,0.34183147471240694,0.3654682132475884,0.3640250572988058,908967.3317098172,526315.2939387412,699625.5501432292,435760.761954967,0.8082324813863238,0.16292590288504769,1344897.5457336092,985709.0791023832,7.636541794820334,19.641654381586566,7.636541794820334,19.641654381586566,1.2682180781469945,1.5895234617614717,2234087.7698310055,316875.3845601338,2340664.677588218,311694.86233917193,106576.90775721215,111978.30893061882,2507333.054040521,331365.5475636972,7.06,3.8194454133167195,24.206023349259127,3.3797642848136205,24.0,0.0,6.0,0.0,2362186.2548700743,1843317.4424739582,0.043985741372863485,0.3403134094273704,0.3829236222239499,300,1350146.7018703104,133.40849158201084,,
XGBoost__provided_plus_rdkit_descriptors,XGBoost,provided_plus_rdkit_descriptors,35,2301479.908402236,635985.2725697594,1853143.8101339287,542531.0892866773,1559904.8475,687277.2960614532,-0.30189643155678075,1.1960782280398328,0.020927383640433287,0.507407750449827,1.4424655586907977,1.5113421555536162,4297575.4575,1297009.1621004331,27867.419508928568,936000.7015677462,2274721.761017665,688926.5251283284,0.6829407901585252,0.22365971272481008,0.863110435296508,0.31622054560241625,0.3882996070557903,0.3876636698967485,0.3721363928869865,0.38110898919688485,912924.7083723792,383793.7936948534,696156.8984737722,325624.3885984696,0.8267079385843501,0.13348213724366484,1388555.2000298572,753953.1032520157,3.489449633266397,3.5592476111399614,3.489449633266397,3.5592476111399614,1.1286043701411308,1.2016099519727161,2265228.6844535046,353618.251047991,2365335.5897801835,387672.49403264327,100106.90532667849,111551.62233679341,2510209.799029146,405379.85449635953,7.4,3.282607226593159,23.600598596576496,2.6917808130488456,28.0,0.0,7.0,0.0,2386042.2230895846,1853143.8101339287,0.09005319523681266,0.38896075991738827,0.41615815703650794,350,1374002.6700898206,135.7657085651613,-23855.96821951028,0.04606745386394917
XGBoost__provided_plus_rdkit_descriptors,XGBoost,provided_plus_rdkit_descriptors,40,2222852.7669873517,726820.7041298611,1754931.5429882812,592264.7469885247,1406460.2178125,638074.177853544,-0.21140699743220182,0.8313361107285062,0.023399707707462487,0.572072901853674,1.4780567138901979,1.3199424853841628,4261093.05109375,1445006.597970168,18048.17748046875,861624.0672591896,2186100.3245998747,800326.6410764781,0.7124503814395083,0.23069909503457506,0.9241552415524852,0.32806091348483013,0.44988601289944535,0.3393804486476823,0.47196236546746495,0.31168178459743345,950055.3127052785,455304.4728400613,708461.9664160156,367538.65910730953,0.8118371121989643,0.13540418063082835,1272797.4542820733,982603.3055699527,6.158370044447374,18.106201220851727,6.158370044447374,18.106201220851727,1.023244109631166,0.8680114514961471,2211671.5000274777,294772.4841728786,2307429.666230563,299684.77724138676,95758.16620308506,97390.16744619947,2458956.024683183,327633.6779237222,6.82,3.8634340228583675,18.76144282113752,6.121009524761407,32.0,0.0,8.0,0.0,2336402.6607021564,1754931.5429882812,0.09233280441536329,0.41590674041529363,0.4764531547689856,400,1324363.1077023924,130.86080517079367,49639.56238742825,0.0022796091785506345
XGBoost__provided_plus_rdkit_descriptors,XGBoost,provided_plus_rdkit_descriptors,45,2204731.238261766,573784.4598234147,1703465.6436805555,426011.41771996126,1303567.2853125,583973.6687477499,-0.33079214766842197,1.3801702918644871,-0.014183335862105803,0.5034760000783667,1.3560933780750621,1.0021168286623245,4482046.8925,1425301.3800405788,-53715.866527777776,836637.872135839,2168842.841153769,599817.0495038877,0.8331536583418856,0.5570048653770158,1.259173220182703,1.2974565067136676,0.41500396489407815,0.3074132568471381,0.40952990890874347,0.31804242096861957,1060544.59079875,416411.81246882706,791508.8677387153,336640.6343560615,0.7561106644439621,0.16335496870860566,1144186.6474630157,806170.2870313149,3.4139768394862258,6.152853275501869,3.4139768394862258,6.152853275501869,1.086902812112384,1.412188662315027,2127391.090534959,314482.33324844606,2202992.233236054,321947.12743359327,75601.14270109496,84263.74689079208,2332948.1989088394,346641.36596674257,6.8,3.5225222874108435,18.14245715909142,5.856372547459956,36.0,0.0,9.0,0.0,2276726.5683817654,1703465.6436805555,0.08238737333257229,0.4020065203033208,0.4680579509355583,450,1264687.0153820014,124.96418856687671,59676.09232039098,-0.009945431082791
XGBoost__provided_plus_rdkit_descriptors,XGBoost,provided_plus_rdkit_descriptors,50,2199858.6817676933,566099.3133064836,1690416.379,483156.0359877501,1313308.440625,530208.7884040537,-0.10171833415520279,0.8022377132733991,0.10729646234228717,0.4545578918633294,1.4754343972675001,1.4495015319166982,4615812.6,1180716.8489810724,5515.139374999982,867525.4524758836,2146116.7541453885,553921.3478811374,0.6904442882538337,0.259814341045341,0.9538903611323947,0.5484742473320334,0.49428396024545906,0.26458602113735696,0.5279819770462078,0.23758644241229132,971173.2967496844,408580.3604565468,735137.0021328124,339145.5812716508,0.8127102869861076,0.1499774912815288,1228685.3850180092,706209.1069404139,3.134349093904597,3.3137069614079335,3.134349093904597,3.3137069614079335,0.9144286211413103,0.8370022760897708,2078261.5930401785,394732.5110899662,2173537.7487009256,391489.5862932096,95276.155660747,82847.5320987179,2270363.6208018744,409373.08789066126,6.4,3.2450904833144416,18.080484523625675,5.694682015568648,40.0,0.0,10.0,0.0,2270118.3413258977,1690416.379,0.1467778246493293,0.4587705752054494,0.4943157016340046,500,1258078.7883261337,124.31122722398452,6608.227055867668,0.06439045131675702
XGBoost__provided_plus_rdkit_descriptors,XGBoost,provided_plus_rdkit_descriptors,55,1951439.3183011606,562726.9757830513,1494564.5176988638,420030.3362804064,1138818.97375,441013.1256529666,0.23900898698659048,0.3370041046564667,0.29571437710493165,0.32053640720981025,1.1045731295756744,0.9669692976955413,4222389.75625,1321678.907523077,-114482.04002840909,573381.1589007962,1965716.3347887443,550900.0561147204,0.6009839526484051,0.2524204380852913,0.8338866724468085,0.5471266807728596,0.5512821103132988,0.2834311529399537,0.5608657364575804,0.30101946717637645,811984.4758840135,408641.62270773,593242.0897017046,318767.230357663,0.8523833443037439,0.12830293554577196,1139454.8424171472,752380.3048464603,4.048049707900234,5.325767097249003,4.048049707900234,5.325767097249003,0.6133743573171533,0.36437720289138525,1973587.4184820799,313045.09582719917,2067734.592514621,322297.7574857303,94147.17403254117,81964.838801201,2162640.2803728804,330753.21024522383,6.46,3.506320823068778,19.216306378712698,6.845343504718834,44.0,0.0,11.0,0.0,2029394.9416760057,1494564.5176988635,0.3028050823771389,0.5718318892055119,0.6028142266619929,550,1017355.3886762417,100.52525967594066,240723.399649892,0.15602725772780957
XGBoost__provided_plus_rdkit_descriptors,XGBoost,provided_plus_rdkit_descriptors,60,2085949.8308586257,513298.70235284703,1617241.1159179688,405257.02647960297,1228235.523125,426502.4722583924,0.22475189123931344,0.32646008319292824,0.2910786362380786,0.2753327668535511,1.0883644805212596,0.6558947084667462,4258227.37,1209704.8226509404,-39463.21888671876,627045.2510884808,2089212.4359182674,496487.2678269589,0.6158397701285623,0.21159494352850178,0.8586937487205004,0.5165677054425392,0.5912241722121315,0.19629959906458716,0.6087872475168105,0.18993299279121534,981333.3687293348,379538.36644853133,737462.5271272786,318249.41908993496,0.8167609059250508,0.13305014744915683,1104616.462129291,676072.3371252231,3.2200340670871053,4.722384247614886,3.2200340670871053,4.722384247614886,0.5920090146857373,0.3396622074540233,2126037.545856407,262680.4041118675,2226373.1403651806,297694.06119632034,100335.59450877356,95404.9670266151,2331513.485428302,302557.09068621753,7.02,3.42553436915844,18.145672840874784,5.239732872914857,48.0,0.0,12.0,0.0,2146949.636935972,1617241.1159179688,0.29978461280473256,0.5685004551817242,0.5932416023262762,600,1134910.0839362082,112.14088229775668,-117554.69525996642,-0.0030204695724063146
XGBoost__provided_plus_rdkit_descriptors,XGBoost,provided_plus_rdkit_descriptors,65,2013244.5890918034,481017.81354304636,1512522.2764423077,385525.12136526604,1119694.89875,459066.99645503936,0.17735405541462715,0.29191577107369754,0.25953901212460734,0.23479978187162684,1.0525357436932166,0.76653727687327,4460940.365625,1193767.0697890376,-54506.89855769231,606544.8013455725,2001253.114926807,492543.2512188797,0.5842093114268723,0.16569002901142238,0.772895012206185,0.2388214131047089,0.5603280828744643,0.15907317755320852,0.5947838390790066,0.16279580440329272,879896.2772350747,353528.63337675383,630945.9744290865,271765.98454667494,0.8350548163292255,0.11690619516938232,1133348.3118567287,587502.9526077409,7.312709510280777,30.30664315264078,7.312709510280777,30.30664315264078,0.6577007609145984,0.29796185259316105,1990098.1565959498,252866.3922209145,2087213.9056376338,277628.4267326844,97115.74904168403,74417.642858195,2177982.7089855177,274140.57028498926,7.4,3.3745748031479192,18.414484109525915,6.019528716803488,52.0,0.0,13.0,0.0,2068792.9692732047,1512522.2764423077,0.2546881457724234,0.5406691211578323,0.5965012898475569,650,1056753.4162734407,104.41819325550483,78156.66766276746,-0.045096467032309184
XGBoost__provided_plus_rdkit_descriptors,XGBoost,provided_plus_rdkit_descriptors,70,2094707.0729063817,417437.311095681,1559383.891294643,346960.39465030376,1139455.6965625,457873.757851237,0.08455847631079895,0.5618690419620794,0.19982183627482425,0.3780543812148812,1.0043440975680813,0.680388091190859,4727538.2775,1151987.1193609808,-103849.34607142858,687731.530161104,2058042.6925612856,407708.0511669453,0.6021542963899537,0.1720616347060392,0.8231145213070928,0.40607866180245283,0.5539340846378343,0.18575305408846993,0.5837295980508558,0.19455352989005845,917612.4490195794,338580.2950601905,667043.1502744838,269227.55714305775,0.8321056568951142,0.11583242026807644,1177094.6238868025,521441.10417148913,3.3843450383560896,5.817654671908929,3.3843450383560896,5.817654671908929,0.7475471805843152,0.5940608099060386,2033217.8832876345,210479.87497493438,2111748.9478084026,237325.62931650216,78531.06452076795,68508.13402497843,2198832.9479567665,238126.0557331311,6.88,3.3844783759910504,19.16534311717201,6.257236176635689,56.0,0.0,14.0,0.0,2135079.987214746,1559383.8912946428,0.23793824740935832,0.5163547113212039,0.5671280216937755,700,1123040.434214982,110.96803784854087,-66287.01794154127,-0.016749898363065063
XGBoost__provided_plus_rdkit_descriptors,XGBoost,provided_plus_rdkit_descriptors,75,1921978.3314975975,504627.988198803,1427569.1838645833,362164.06567560666,1032722.5,390850.96078675805,0.26686783432512945,0.38652623767704186,0.3443151010687153,0.34604732832455515,1.0683241599088755,0.7839132243671043,4425734.568125,1327998.3546535254,220.96871874999022,638084.2655840613,1887087.8583412915,491384.9990892663,0.5905860481808896,0.2087719323982447,0.8181035783974915,0.41550086754229604,0.6219386358292577,0.23032225167301762,0.620977795497695,0.2375746367933076,890389.4142063047,325623.52369607956,640492.8660585937,254845.49951558613,0.8509238072373689,0.09417849774474633,1031588.9172912928,576242.3932134733,3.192180895037836,5.578454634760414,3.192180895037836,5.578454634760414,0.5840559729122394,0.3875396174537808,2021952.6551359948,285826.79739413597,2117431.8956744177,285472.4822708515,95479.24053842276,69780.85561175567,2216318.1033145627,294853.6159723963,7.62,3.1486310598449623,18.737345525100366,5.910003566535851,60.0,0.0,15.0,0.0,1985839.1488462475,1427569.1838645833,0.3550905374626633,0.612296517911475,0.6540872084186633,750,973799.5958464835,96.22149578641128,149240.8383684985,0.11715229005330496
XGBoost__provided_plus_rdkit_descriptors,XGBoost,provided_plus_rdkit_descriptors,80,1775389.310204296,446016.25748864206,1308956.8680859376,335641.78834396455,949998.2725,352785.60829196946,0.3827529916651792,0.3313798536624374,0.42915718565638783,0.31434971184670757,0.9380280220857184,0.5932301421188441,4202662.5625,1172643.103236974,-78710.1053515625,524022.6241907287,1761587.356159982,420450.6296648782,0.5311963144210591,0.13472317181642593,0.7358099772907661,0.20173183689765115,0.6876919587329182,0.16388680029925198,0.6721280617326143,0.16041950424631676,921065.3381696382,366033.9795639826,675307.6226062012,289351.85848449764,0.8299051800077977,0.10747033271377797,854323.9720346575,622382.6459865456,3.969490923964799,9.368138781505326,3.969490923964799,9.368138781505326,0.44715218834261855,0.3513145626527733,1925508.5660667717,227340.9699648406,1996785.7650023014,247718.8252456326,71277.19893552968,64283.7541019199,2087371.5792521068,249678.64805851306,7.04,3.6250826873046513,17.430723608595656,5.74999040919373,64.0,0.0,16.0,0.0,1829469.6211451492,1308956.8680859376,0.43663131782239406,0.6666663464174797,0.6921874739900101,800,817430.0681453852,80.77056531263615,156369.52770109824,0.08154078035973078
XGBoost__provided_plus_rdkit_descriptors,XGBoost,provided_plus_rdkit_descriptors,85,1843474.598213899,384832.43631436874,1366811.822904412,302857.14574756776,996101.4275,354619.09703324945,0.3793622224455935,0.2501435638172187,0.41690938759272794,0.233813069812653,1.0757573118807087,0.9909836748323678,4457316.57234375,1167559.1284064457,-59971.83654411766,477465.93763652863,1841527.1390144848,367815.1422058156,0.6109556468327876,0.28962047467066615,0.9310165150188691,0.7735794398462692,0.6625671107781521,0.15945175776320486,0.6806372543206669,0.15041911672811978,947293.1441118787,307527.4116831577,685146.5098391543,252128.47171358106,0.8334230760570125,0.11085484103794202,896181.4541020202,454107.45456294925,2.182822823247702,0.9971182498167763,2.182822823247702,0.9971182498167763,0.4540608536114191,0.24975929800538754,1994668.1312037874,206441.0828520855,2072324.2969067001,211109.75732980517,77656.1657029126,69439.94072335304,2166350.052679473,230809.46926609692,7.32,3.322403850668786,18.19093943078553,6.047879771165487,68.0,0.0,17.0,0.0,1882427.3367699364,1366811.8229044117,0.4175994055745169,0.6532346966776446,0.6991251697289892,850,870387.7837701724,86.00333664729558,-52957.715624787146,-0.019031912247877147
XGBoost__provided_plus_rdkit_descriptors,XGBoost,provided_plus_rdkit_descriptors,90,1830507.3512498708,450247.34836876794,1379463.8667990451,341314.43408181437,1036433.4140332032,341637.74110469635,0.3688402363074627,0.2570338046152417,0.40210190548452374,0.23723821640790277,0.8996949688653502,0.47688228231902235,4369851.97,1350278.7163738406,-58294.62818793403,428460.94339778705,1836217.5023653891,443124.6358067945,0.5727384206021897,0.17597829732328957,0.8414855676531908,0.5225393634926758,0.6620641528487474,0.145489905689924,0.6679271046433854,0.1534068004397832,935662.7604540302,359066.7800117548,672241.8883680556,282867.8008281793,0.8273638250734379,0.10920009988900158,894844.5907958407,505419.2133966952,2.556990129080231,2.0985485955592083,2.556990129080231,2.0985485955592083,0.45852358876597527,0.2623439811199072,1982895.295071037,224083.47044860153,2068582.098720293,240657.90308017863,85686.80364925602,62310.91945354869,2150235.571347813,241013.1705164268,6.9,3.5239703952982886,18.798715033013213,6.208808688860989,72.0,0.0,18.0,0.0,1883991.8747698101,1379463.8667990451,0.3974796681658366,0.6383844781688399,0.6766192486757882,900,871952.3217700461,86.15792922178898,-1564.537999873748,-0.020119737408680338
XGBoost__provided_plus_rdkit_descriptors,XGBoost,provided_plus_rdkit_descriptors,95,1826463.7512729093,403325.5080474099,1356195.6460032896,300666.27390693186,930507.78875,296188.88921411225,0.3352347525134362,0.3252309103325482,0.38296670823710605,0.277714464258505,0.9005419955449885,0.46996397486536867,4305370.945,1106516.532601844,-45812.746069078945,483179.2066044219,1815322.2370595324,391832.7342517072,0.5237896309246605,0.12027864067143547,0.7160187683278382,0.17697565605387466,0.6374313939614242,0.1751562210534487,0.6533326048244696,0.1664749133365837,939458.6154841256,368880.37278061255,677500.8133115749,283585.96883585077,0.8223471262524688,0.11276444836906373,887005.1357887835,468011.73330456327,2.542232330541286,2.085349027186917,2.542232330541286,2.085349027186917,0.4871123737390326,0.32532098992576375,1902285.5879649532,194698.2740780978,1972704.8296657035,204477.10105179012,70419.24170075027,60053.834667414114,2045902.7393260906,210041.70189641166,6.36,3.4978710726406606,19.37228129320428,6.657670574096892,76.0,0.0,19.0,0.0,1869595.6436745287,1356195.6460032894,0.40025800382105525,0.6393983376216593,0.6822371900060757,950,857556.0906747647,84.73543233887467,14396.23109528143,0.0027783356552186778
XGBoost__provided_plus_rdkit_descriptors,XGBoost,provided_plus_rdkit_descriptors,100,1794144.7094521115,363635.884221316,1306417.9948749999,272448.5229005344,893381.4696875,290031.8269247852,0.40245429749017136,0.20543574495875963,0.4401596706947266,0.18181889639492477,0.8424354492074377,0.4319198538045254,4562784.79875,1259483.779452968,-52180.6218125,462257.91058556223,1784357.5470483496,346340.1794463097,0.5055340783458978,0.10718184500563678,0.698047876374155,0.15699323515303307,0.6914346460015475,0.10501654981820747,0.6926047185002163,0.11571204750913447,888136.0603379608,306407.5192148645,640935.5488740234,239376.28495486244,0.8497594493218965,0.09687529618217061,906008.6491141506,411903.38351597596,2.5277822222641015,2.6085711522359794,2.5277822222641015,2.6085711522359794,0.4473051518317251,0.22236652275055294,1877828.1580595872,191475.8828560166,1956487.317043952,218058.27146837415,78659.15898436493,76415.80578250409,2031593.275717482,229429.85842269412,6.4,3.5856858280031805,19.52658452468707,6.675675681972463,80.0,0.0,20.0,0.0,1829902.093999171,1306417.994875,0.4404078360023931,0.6697646812010901,0.710584033294529,1000,817862.540999407,80.81329811420895,39693.54967535776,0.04014983218133783
XGBoost__provided_plus_rdkit_descriptors,XGBoost,provided_plus_rdkit_descriptors,105,1651243.142120195,361435.7632689899,1208260.2770833333,272320.889663124,864462.379375,309345.0683356353,0.4672409976732716,0.23010067140751272,0.5094215460278246,0.19992428964636746,0.8867957735507084,0.5271211188533954,4307538.60625,1166095.7625728166,-23436.81083333334,468794.311170553,1626984.7417656563,355081.01992423163,0.49259282784105685,0.10769221951744758,0.6929468532846983,0.17769831146532486,0.7325415168173929,0.12584939088887678,0.7202173869916961,0.13276707959955591,821888.6835619822,309548.5071238631,589298.0819759115,230000.8427314114,0.8668665917454506,0.08564610579063058,829354.4585582126,485645.65260671364,2.8079872662881358,3.047241347776593,2.8079872662881358,3.047241347776593,0.39962559407217896,0.23178816594963436,1859876.9972652611,178457.22325793552,1939952.561340336,195107.34389339155,80075.56407507457,77765.69787427848,2010829.5579390833,184397.03607178485,6.84,3.6160639329728306,19.110643595602554,6.443064376443736,84.0,0.0,21.0,0.0,1689564.1476870344,1208260.2770833333,0.5151160327832027,0.7189558760465279,0.7332792738136044,1050,677524.5946872705,66.9464540866051,140337.94631213648,0.07470819678080964
XGBoost__provided_plus_rdkit_descriptors,XGBoost,provided_plus_rdkit_descriptors,110,1711283.0458146736,355165.8078556006,1231447.019609375,237474.44779868794,806888.53375,213483.774205253,0.46099050421351323,0.25138954055250123,0.505164240553155,0.2384105753330657,0.7369361386302955,0.358481643513117,4440109.125,1329844.4593017679,-39133.91864346591,518862.37659985747,1675503.2676568786,338265.68786012876,0.5103380035013975,0.16656282324845226,0.7737063735529872,0.5304937830262901,0.7330632237086404,0.1321932199621765,0.7446322894886381,0.12226400210246072,836909.3117683704,271561.18240341014,600855.2262859553,201435.5284868823,0.8730996344951022,0.07680809373523019,874373.7340463032,414861.7452694326,2.460874968184985,2.0689142874819684,2.460874968184985,2.0689142874819684,0.41210913028158896,0.25505954906751704,1844276.2942249358,165570.00881197682,1931329.5943229785,183257.6388783405,87053.30009804261,61241.99711675518,2000800.014086104,189252.48686126617,7.16,3.851106387541542,18.414927886551695,6.346758036365194,88.0,0.0,22.0,0.0,1747028.7802268951,1231447.019609375,0.5062148653169642,0.7160659198764612,0.7520111049135936,1100,734989.2272271311,72.62455553723824,-57464.63253986067,-0.00890116746623848
XGBoost__provided_plus_rdkit_descriptors,XGBoost,provided_plus_rdkit_descriptors,115,1682370.4289325015,440253.6314180306,1233598.2435563859,330345.6985608244,900262.67,329852.1824538125,0.48401162057389974,0.24325647926353305,0.5151613165074247,0.21396022352490235,0.8929254271027672,0.6692570687992611,4368263.559375,1317247.6437157202,-56824.52605638587,438250.38085432915,1669195.4149330086,418009.5938774918,0.47858654061568806,0.1587232083408286,0.719975617937002,0.41689076443616063,0.7208638910543047,0.1485355175197414,0.71315562551614,0.14862526028994735,912422.1737626588,326935.22365393216,648521.8639699388,246877.42601199547,0.8452107388584602,0.10051243301630454,769948.2551698427,461657.43729345937,2.3718632130084423,2.4077674179054345,2.3718632130084423,2.4077674179054345,0.36119911828456047,0.22708883424734036,1800723.2153346476,180676.08673999525,1877058.830388227,197951.76219424466,76335.61505357943,67180.34343508712,1954239.465832767,207281.70344580399,7.32,3.655803326108186,19.450086142957392,6.165076261324611,92.0,0.0,23.0,0.0,1737905.9396077099,1233598.2435563859,0.5076333426987021,0.716038179700972,0.7397613055839709,1150,725866.3866079459,71.72312430442284,9122.840619185241,0.001418477381737837
XGBoost__provided_plus_rdkit_descriptors,XGBoost,provided_plus_rdkit_descriptors,120,1635718.3688637586,392119.32285454724,1183265.7703320312,276339.97114168614,792156.526875,247151.5377584236,0.5130346048677616,0.20188337752896765,0.5365207311652198,0.19549771729718735,0.8064461337875758,0.4211147858353792,4342110.355,1281468.3538284132,-71304.04004557293,371385.0582995203,1628720.8882811922,391302.73283403565,0.5006300915155286,0.17517968868339706,0.7726461417734136,0.5300682691873525,0.7403131096635434,0.1302054299679423,0.7514899502154829,0.11325467212326795,896773.467996068,282949.9286067708,645303.4796232096,218330.29876087766,0.8512158169693427,0.0886631387862374,738944.9008676908,347918.8561348,2.0079979940216552,0.8540257550856811,2.0079979940216552,0.8540257550856811,0.33818121210158103,0.17518796809334794,1747781.2075817895,189101.28582843777,1835936.892213137,206591.36781884427,88155.68463134734,66099.39066042825,1894179.6545694426,216643.69862408386,6.84,3.8404931656106402,18.290694723241533,5.964311879490743,96.0,0.0,24.0,0.0,1681147.523070806,1183265.7703320312,0.5347194825391353,0.7325012475636117,0.7663586571055577,1200,669107.970071042,66.11480431646707,56758.41653690394,0.027086139840433177
XGBoost__provided_plus_rdkit_descriptors,XGBoost,provided_plus_rdkit_descriptors,125,1616743.2399529626,358010.6361301106,1193344.001525,275804.38560039346,865079.37375,293913.46438932937,0.508833322277467,0.2217255655157945,0.53618102398104,0.20605096630544514,0.8663591968461732,0.6039216497024033,4222380.784375,1148403.59708121,-4517.844624999997,376527.07605976105,1608016.5083297424,354485.4747170223,0.4801895074505746,0.13950638467331417,0.674417605170229,0.20913403287034826,0.7437296826104618,0.12979193132130484,0.7651507341552143,0.11433539623732566,848981.8943979539,344682.505043577,606419.0771072266,260378.97640009387,0.8592594213587814,0.09244971722628588,767761.3455550086,406476.1002647286,3.361243779782576,7.519473006875899,3.361243779782576,7.519473006875899,0.3504260990813144,0.2012997880040613,1777400.7039341722,200120.6143381541,1839623.5663735848,205434.35171192698,62222.86243941269,50511.8338625009,1905260.8546815517,216009.4763010019,5.62,3.6415403782644797,21.053405709550464,6.01034156753514,100.0,0.0,25.0,0.0,1655133.4952819496,1193344.001525,0.5418438154805707,0.7366457686466429,0.7608780067105132,1250,643093.9422821857,63.54434867451625,26014.0277888563,0.007124332941435441
XGBoost__provided_plus_rdkit_descriptors,XGBoost,provided_plus_rdkit_descriptors,130,1602598.534433867,391815.61795926717,1147546.81017503,298899.9405015448,757251.84578125,288535.0261861754,0.5383301624891567,0.1937263045649947,0.5612392684566863,0.1850125435516325,0.8073701774881902,0.4676675704896392,4286394.671875,1286056.2846228245,-36253.28858849159,369538.7196287166,1593273.601511392,389208.45861633436,0.48744453326444576,0.14815096260632035,0.7666277655918533,0.46542345170192245,0.7582793976463396,0.11373515997274382,0.78381948551386,0.10243575404071424,793839.260357829,338847.4218087472,566775.7920140662,259690.35645781283,0.8798319845801872,0.08618605225894704,808759.274076038,376841.24122087687,2.7646481946785118,2.406178352250373,2.7646481946785118,2.406178352250373,0.3415018220910306,0.1712935528992864,1742143.6480167878,196572.66008691286,1813312.7059788078,215948.90520722402,71169.05796202019,65770.44125288952,1877867.297476926,223779.85268630533,5.88,3.662496082048472,20.70060767085137,6.756220828493085,104.0,0.0,26.0,0.0,1648869.6587289262,1147546.81017503,0.5609205794913867,0.7498950555615886,0.7870688383562002,1300,636830.1057291622,62.925416683720336,6263.83655302343,0.01907676401081604
XGBoost__provided_plus_rdkit_descriptors,XGBoost,provided_plus_rdkit_descriptors,135,1633153.8715562269,423838.7957552806,1159996.3814836515,297643.5950658416,753867.545,268615.36584323284,0.5036940186006341,0.24047359429858844,0.5365600329995488,0.20951692871830818,0.726033087575861,0.44184265638257614,4232398.8575,1195879.368380618,-77425.85652994791,403117.4938241203,1615127.428351756,419368.69200041174,0.4586752988143583,0.1262520092521575,0.6846257936687161,0.4075796360199479,0.7461336877021345,0.12405134635670927,0.7677461137707006,0.11844586777032035,789673.7221394116,303090.0633484792,552494.3375148292,224422.158601251,0.8806701502432291,0.08359417385820381,843480.1494168155,456156.102743202,2.6144413685937966,2.345993808198805,2.6144413685937966,2.345993808198805,0.376976131642595,0.2355437016568871,1639399.2438162523,170009.20081296182,1708120.4216481766,191297.10778001236,68721.17783192446,68397.35888279686,1771592.2990678041,196122.2456386853,6.22,3.506786423551933,21.18921333343737,6.1664651428898365,108.0,0.0,27.0,0.0,1686190.4122816718,1159996.3814836517,0.5255157020078853,0.7272517160272755,0.7779313640705486,1350,674150.8592819078,66.61309405187497,-37320.75355274556,-0.03540487748350141
XGBoost__provided_plus_rdkit_descriptors,XGBoost,provided_plus_rdkit_descriptors,140,1524901.062211632,296790.45381719497,1096748.648468192,221505.50200830874,724634.7032421875,223795.4820989702,0.5962243219343385,0.14407721498789922,0.6202810734543601,0.13352508311433225,0.7284464605216808,0.2736899637906946,4337358.03625,1006620.0219892905,-10054.810454799102,379743.27312364144,1506378.1865474551,294734.94486344274,0.45479457703205795,0.12013377575291583,0.6994375525354627,0.39224335687197737,0.7956986303152738,0.08206360768396025,0.8006671955651415,0.08556909949314861,793216.8870042732,291521.5140096416,565831.6923488072,213603.59706760486,0.8851239604930282,0.07325861090572341,731684.1752073589,344828.8648476456,2.297650213417372,1.2997246777847755,2.297650213417372,1.2997246777847755,0.28889963855868966,0.11289883340883197,1643052.3515069112,169071.93285904103,1708796.4206505322,184257.69904591268,65744.06914362116,59973.55145477909,1766398.6979786283,194011.65811195338,6.14,3.3381529782384822,20.860388437271226,6.3011103832331825,112.0,0.0,28.0,0.0,1552947.562392768,1096748.648468192,0.6152231237982244,0.7845414784307768,0.8167361096637235,1400,540908.009393004,53.44731910820191,133242.8498889038,0.08970742179033908
XGBoost__provided_plus_rdkit_descriptors,XGBoost,provided_plus_rdkit_descriptors,145,1511500.6330011988,335494.49995919084,1082302.6734832975,239648.45748649447,727298.8725,237909.38048861097,0.5799604593116299,0.1619071310514986,0.5994367651427617,0.15032832027421258,0.6751030967604373,0.2598143765414051,4227720.5675,1144847.885526386,-74581.95119881466,320229.16251102416,1503943.162833449,333169.79097889084,0.44479248970031504,0.10547893814569904,0.6831202014536996,0.3836485056070178,0.7806213541908646,0.0937158139480501,0.8079124373463705,0.08871523115920514,823901.0050845471,237391.65365478978,589009.189557432,181221.54172943556,0.8746085429299347,0.06822197271629073,687599.6279166517,410377.0903635364,2.0635245532702937,1.0859452495831294,2.0635245532702937,1.0859452495831294,0.2946480836183049,0.17587813229783697,1603619.5920523154,142452.4436053308,1673912.9704483442,156899.43304084256,70293.37839602865,62288.48649542992,1735260.5997725504,166972.18420520634,6.76,4.053519508792732,18.919755280386056,5.516253560720573,116.0,0.0,29.0,0.0,1547559.236952122,1082302.6734832975,0.5950270334019283,0.7720717383912069,0.821871964735953,1450,535519.6839523581,52.914896692035015,5388.325440645916,-0.020196090396296107
XGBoost__provided_plus_rdkit_descriptors,XGBoost,provided_plus_rdkit_descriptors,150,1453960.88075179,370032.34849216655,1025606.2644244791,249547.17710658663,666730.1078125,201887.43495379394,0.6061102493067716,0.19754638934127589,0.6197407214318221,0.1947489996828506,0.6539181360584999,0.29563226108896834,4143475.84875,1334061.4884710533,-37859.813091145836,287034.64423700963,1450982.5524070496,371638.6385865953,0.46154473087926734,0.16567985621019102,0.8000147374504835,0.6368723607635075,0.7928847578013625,0.12148980465469617,0.7995442706844849,0.11076515930740537,686473.0139210873,259490.89885761394,485867.07248990884,188603.0658414459,0.9103038025476465,0.058590354712343216,767487.8668307029,359537.1778648375,3.0111750206934427,4.146903982814408,3.0111750206934427,4.146903982814408,0.3041935532408748,0.1865572089599625,1590649.1887398604,176839.8843825196,1655253.4276185012,193562.55523824168,64604.238878640776,53865.71348712778,1709598.4114583237,192451.32600134317,5.54,3.4179000594409623,21.405748891445217,6.676219129994527,120.0,0.0,30.0,0.0,1499395.7792752841,1025606.2644244792,0.6317470341981624,0.7956049327627999,0.8304436693948452,1500,487356.22627552017,48.15584774636113,48163.45767683792,0.036720000796234054
XGBoost__provided_plus_rdkit_descriptors,XGBoost,provided_plus_rdkit_descriptors,155,1407639.9861931829,306656.36132146214,1000353.497155683,224919.9616563237,652574.5784375,206941.49686563152,0.6549067549235178,0.13618971074327124,0.6673037403703473,0.1313163521840031,0.7198541978654796,0.49336986143246386,3936813.65,965878.2623207531,1763.6328846396202,274663.8370310318,1405488.0586069208,304611.2478886192,0.4693082786527121,0.19014319300425003,0.8577315843299984,0.6747665186886106,0.8229567342502123,0.07730108807725707,0.8322921640406987,0.08999413485698943,716881.1803217639,302954.27307771705,502416.88294638356,220264.87605981523,0.9000027249118628,0.06984320832844954,690758.8058714187,368424.8369027232,2.5574307947402364,1.8090953415792568,2.5574307947402364,1.8090953415792568,0.24509596998834493,0.1344860198675424,1587373.5429339847,153415.37773867365,1646758.3833466142,163151.3759032121,59384.84041262975,54453.677226178486,1706709.3741351746,166618.35327991802,6.06,3.2097428214098147,21.049273189031446,6.1090170919076066,124.0,0.0,31.0,0.0,1440002.670896858,1000353.497155683,0.6647952066954383,0.8153928327292569,0.8410002213593216,1550,427963.117897094,42.28719288970259,59393.10837842617,0.033048172497275985
XGBoost__provided_plus_rdkit_descriptors,XGBoost,provided_plus_rdkit_descriptors,160,1477781.0827352435,316081.613286757,1061010.170230713,216762.75777849133,721067.51140625,197844.74572099338,0.6189221793182254,0.15844667743766216,0.6302195148768427,0.1514358479370377,0.6722746868590411,0.2935984400415546,4155487.76,991620.1776533118,-64612.61325805664,258317.27552832133,1479393.2191997054,311242.75005684816,0.4357596313787228,0.10221455771079367,0.6469753645456104,0.2642801258144237,0.8012517662513565,0.09352147580405734,0.8274447486634561,0.08454497991574897,764859.2003506483,284854.5897323414,536548.1411975097,205720.7788879,0.8907365634458299,0.06701526437458477,712921.8823845951,345700.8625770239,3.436600932468908,6.904177234349551,3.436600932468908,6.904177234349551,0.27181438412760445,0.1525467958886664,1579099.2303636551,173466.76917533734,1640183.9888382382,194950.21386463122,61084.75847458306,54107.56870076886,1690946.455920321,190549.76410208872,4.98,3.1654383582688825,20.729916963384714,5.9968342475632435,128.0,0.0,32.0,0.0,1510545.0549463753,1061010.170230713,0.6321671708067926,0.7958297701417442,0.8302805605848813,1600,498505.50194661133,49.257511771057,-70542.38404951734,-0.03262803588864571
XGBoost__provided_plus_rdkit_descriptors,XGBoost,provided_plus_rdkit_descriptors,165,1440118.5478941402,295273.285290612,1018030.7188967803,201370.4185224855,679387.38125,201807.972163231,0.6306939924130963,0.13317956860076222,0.6446862930948672,0.12990891003384827,0.6379963483164504,0.42665310400632894,4184056.83375,1135825.0960914216,-38708.53010890151,294619.90816582815,1433535.4028322601,290272.03048775386,0.4262914791784345,0.1690631048090685,0.6838667089709195,0.5407501683141779,0.8083092032944867,0.08167054129703581,0.8286169541203919,0.07855434810486517,698718.4749695584,276502.91713763715,488777.27544071083,195865.69082618604,0.9053462237877156,0.0632374354062974,741400.0729245816,365153.38137052656,2.787877843824694,2.3631499694689855,2.787877843824694,2.3631499694689855,0.27465223137461925,0.13292135289150073,1590470.8060977387,190636.49221652604,1652089.3205037469,212841.8677402896,61618.514406008035,60883.48947076868,1720983.5116560757,228480.8129385507,5.58,3.3690669694884314,21.92470223934022,5.584778113050504,132.0,0.0,33.0,0.0,1469484.2696452765,1018030.7188967803,0.6410606166434971,0.8013634018675735,0.836946066532014,1650,457444.7166455125,45.20028049196405,41060.78530109883,0.008893445836704483
XGBoost__provided_plus_rdkit_descriptors,XGBoost,provided_plus_rdkit_descriptors,170,1358146.4583338874,276887.5758556641,970512.6348046875,184205.40060789682,663714.7984375,168684.14546743094,0.6568650540270669,0.14880395890347592,0.6679310575560065,0.1446152198085746,0.6233983111875695,0.3260867637988456,3879109.97,1156600.316019725,-13061.016054687498,260063.1422044673,1355815.7970596647,269479.60523439874,0.4102734076506344,0.10966237718848307,0.6315241755674844,0.3413510027301482,0.823018683479346,0.08329615369721222,0.8431621656056224,0.08942153762702858,717630.7405031377,235057.91311574398,503376.8926812385,166765.72799741183,0.9038106078911221,0.05625212542670561,640515.7178307498,328553.98835318215,2.1627476188417245,1.0882309849113982,2.1627476188417245,1.0882309849113982,0.24694555386405523,0.13681454226428177,1514353.301996048,165272.182209912,1575942.957866591,173819.395036773,61589.65587054292,52104.75937486843,1633539.5318311518,175029.00946123694,5.42,3.17573709907621,21.00395906813006,5.335639272626264,136.0,0.0,34.0,0.0,1385530.655508872,970512.6348046875,0.677725966005879,0.8233532967068707,0.849978311055873,1700,373491.1025091079,36.90479303917038,83953.61413640459,0.03666534936238186
XGBoost__provided_plus_rdkit_descriptors,XGBoost,provided_plus_rdkit_descriptors,175,1341278.3238320702,312339.8644528534,960024.3938348214,216627.14567565313,659155.714375,193184.81872557368,0.6868190689015627,0.13407953946579662,0.6950862942083219,0.13120191879253904,0.556438305608326,0.2249477573649395,3978092.73625,1169092.0644097242,-26438.974620535708,229298.66830829944,1342010.1609146295,312338.84835753357,0.4178664541234931,0.1668077977237399,0.7095899356201363,0.5796538489554656,0.8364415445919309,0.07993115919113164,0.8484869476501871,0.08288849342551025,752305.9692380375,210831.02011580023,540412.1149547991,161213.76208069836,0.9010807652836218,0.050053864122752006,588972.3545940329,339780.073506342,1.987545980934396,1.025632289350702,1.987545980934396,1.025632289350702,0.21426169638205905,0.12916389516979654,1474741.442191502,121647.94580987586,1543545.8630913105,135929.059582586,68804.42089980842,52177.366723595405,1584690.4594129594,137120.89581531283,5.48,3.124883671304209,20.423014108482416,4.758973586790283,140.0,0.0,35.0,0.0,1376456.540937514,960024.3938348214,0.6946312697980495,0.8335345825694802,0.8634242387551343,1750,364416.98793775006,36.00817644504009,9074.114571357844,0.01690530379217048
XGBoost__provided_plus_rdkit_descriptors,XGBoost,provided_plus_rdkit_descriptors,180,1332024.984478905,259413.48705952376,952309.6737011719,179345.66192240015,649014.788046875,178048.00938532664,0.6846582307430994,0.12695988629134722,0.6953976531069253,0.12138930316602867,0.5916518013826293,0.27895206421721197,3804928.87,1019214.5067704867,-25377.247945963543,247959.61882642563,1328428.987633231,258442.09670155958,0.4138490512619425,0.1575508061594635,0.6729549089852963,0.5314884287907471,0.8409506696243683,0.07226838018558637,0.8552451685999494,0.057204036112049654,729663.0732717399,316355.20851441444,518052.2983981662,233153.21863443058,0.8985122271875409,0.06782950128028699,602361.9112071652,369746.3250081726,2.75812967561846,3.2838114128496665,2.75812967561846,3.2838114128496665,0.21385399644444159,0.12462098904042888,1533161.2459182942,137236.5223026636,1602642.7447689164,165898.28188109765,69481.49885062197,63394.35747129391,1651810.8987636855,170258.76928000164,5.52,3.4537173111455024,21.7394246766492,6.8610370776309315,144.0,0.0,36.0,0.0,1356554.4623785072,952309.6737011719,0.700642215513468,0.8371148221700063,0.8675218864601799,1800,344514.90937874326,34.04164475168725,19902.078559006797,0.006010945715418492
XGBoost__provided_plus_rdkit_descriptors,XGBoost,provided_plus_rdkit_descriptors,185,1333929.8627253508,269854.22069249244,949297.6620861485,183469.13431820567,636416.436875,139533.26735402842,0.6852783166150944,0.13212555398287243,0.6956633437409152,0.12594760754386108,0.5836181055059364,0.36389503813365986,3926822.95875,958960.5428140768,-21837.438488175674,243580.6173947482,1330615.0524945087,269838.3176098724,0.40123374567984466,0.14253422327022436,0.6815051048123816,0.5231911417483571,0.8370553120845275,0.07926703517127409,0.8502203532217559,0.07757994432899207,702714.0205349998,231193.42793103264,493024.198202927,172381.69896834655,0.9095808192584413,0.05074211010467411,631215.8421903511,297199.3795634149,2.213579121365797,1.1933321851991356,2.213579121365797,1.1933321851991356,0.22430250264334692,0.13513896532068057,1477137.1607192098,131845.1855441363,1536442.876547928,147354.21901251754,59305.715828718094,58619.408016817404,1593490.822952575,163989.3475651845,5.06,3.334482795007958,22.231499413243412,5.5602134194516495,148.0,0.0,37.0,0.0,1360416.7571327232,949297.6620861486,0.6964461919521538,0.8345930513385473,0.8635101463234794,1850,348377.20413295925,34.42327951514761,-3862.294754215982,-0.0041960235613140995
XGBoost__provided_plus_rdkit_descriptors,XGBoost,provided_plus_rdkit_descriptors,190,1269725.9310995217,233241.86948164715,881403.0830941611,166344.08727860943,557981.34125,156466.0922288195,0.7074615369053296,0.10744731974831055,0.719952514391787,0.10493624522693808,0.5243818236943628,0.20214654449732872,3845764.4725,820105.3046688309,14209.860902549344,267340.26818308857,1258527.5817121281,235818.59319806288,0.3678755849149365,0.11971307326607618,0.5802207524943067,0.4173213537361439,0.8575411791050916,0.05866745231210821,0.8752972640835126,0.049161737754081176,612762.35300494,279308.26441581256,432929.34249466745,206712.95227863107,0.9249083875087979,0.05889056450886412,656963.5780945816,324821.1519563991,2.9833674173974987,2.5625118809037177,2.9833674173974987,2.5625118809037177,0.2174468506034682,0.11199026518504686,1421755.8908177451,151678.76378801727,1472390.7438619626,173731.924524572,50634.85304421741,57038.95290934216,1522632.6237681804,177103.49144339867,4.24,2.825250575847482,22.76248266437647,6.6990051616981,152.0,0.0,38.0,0.0,1290549.3692192696,881403.0830941612,0.7233493773608142,0.8508472845873323,0.8861916979296856,1900,278509.8162195056,27.5196572499544,69867.38791345363,0.026903185408660324
XGBoost__provided_plus_rdkit_descriptors,XGBoost,provided_plus_rdkit_descriptors,195,1279415.0416754265,211027.86167320513,926902.229682492,145815.41412873342,637834.6725,156905.11755868985,0.7115362297585567,0.09275307221553597,0.7188542846409649,0.08920221305711083,0.5436398647572566,0.19750559167434809,3755097.34875,1072434.878196923,-35246.37937800481,195697.56574195085,1280591.0891816432,214433.3353231541,0.3844525075515617,0.08842155128066306,0.6114269094306305,0.36241144579071916,0.8510181811705398,0.052472132489189825,0.8693981633702602,0.04934673251293544,724773.182185472,230827.209214398,513104.12020376354,173418.83728297317,0.9032114124476714,0.049550781486593115,554641.8594899545,305199.8809157539,2.270377918465732,2.126037989277894,2.270377918465732,2.126037989277894,0.19167518268911482,0.10012107716115944,1477850.4388862355,134640.45816718848,1536456.3232472308,153478.11434842562,58605.88436099548,56159.366294011146,1594086.7165336458,157397.18963851954,5.52,3.345664267041017,21.359784136674627,5.784242214643241,156.0,0.0,39.0,0.0,1296358.3424731186,926902.229682492,0.7210981354987538,0.8494852841070293,0.8790147661329546,1950,284318.7894733546,28.093644031066926,-5808.9732538489625,-0.0022512418620603825
XGBoost__provided_plus_rdkit_descriptors,XGBoost,provided_plus_rdkit_descriptors,200,1302862.4975269944,238989.38628166405,920231.6780852051,171225.8821837665,593551.8415625,168771.35308371874,0.6979101203893877,0.11585637027751441,0.7079824454665424,0.11105457237996914,0.5428232265335877,0.2611128730132611,3850976.28,1054564.452409691,-32965.99225708008,242034.08812042853,1297591.2333147777,236136.74134319607,0.4010889124917665,0.1338617817359898,0.6914163131857939,0.5291906975816227,0.8484980849864132,0.06425845457563852,0.866070072249735,0.06442934899547109,696231.1971324445,221792.42467570922,485027.10668304446,160336.67573595827,0.911913073281378,0.05024513794472208,606631.3003945498,298085.6905985224,2.114154178003755,0.9412132218040296,2.114154178003755,0.9412132218040296,0.21400295289199042,0.12049908120821289,1399134.0835120797,115004.52861029499,1453367.667807645,130364.2237785941,54233.58429556519,58425.28585278509,1512492.5904639058,143426.5079293108,5.04,3.057009342878916,22.36361168234815,5.5554768192732835,160.0,0.0,40.0,0.0,1324169.285130288,920231.678085205,0.7109951842652547,0.8434241378936368,0.8769423098025843,2000,312129.732130524,30.84165349124421,-27810.94265716942,-0.010102951233499136
XGBoost__provided_plus_rdkit_descriptors,XGBoost,provided_plus_rdkit_descriptors,205,1297131.1041565123,263270.94197175425,914363.862269436,183299.86539543522,591645.84,143805.58440495864,0.6997237029989869,0.12674466644561377,0.7140796291476394,0.12142640348323128,0.4969945036780893,0.19702997147035894,3954037.0975,1023274.9326226107,-18725.959174923784,290906.6683321542,1281835.9379746667,259052.45349485584,0.3701582226529072,0.09408633186596743,0.5770211589725978,0.355917749277872,0.8522033048810941,0.0713564795095306,0.8762297872740864,0.06262192034164399,738925.8892101955,240448.6346054537,518602.3351219512,174644.8395544101,0.8985939241499863,0.054692941584641934,558205.2149463169,293296.8404173077,2.4210151588020206,2.6898043985169826,2.4210151588020206,2.6898043985169826,0.19887022115099942,0.11890471912261363,1394322.5101875553,127098.14569131966,1452160.525300653,153062.85852731645,57838.015113097856,58105.93498222925,1504176.8640184784,149077.15323846202,5.32,3.0668736990157077,21.26881800290979,5.677856225953241,164.0,0.0,41.0,0.0,1323054.9718281752,914363.862269436,0.7093772186818739,0.8426681438334905,0.8830943713100997,2050,311015.41882841126,30.731547784524565,1114.3133021127433,-0.0016179655833807871
XGBoost__provided_plus_rdkit_descriptors,XGBoost,provided_plus_rdkit_descriptors,210,1236393.1247347512,233809.03353647384,875556.2495307849,166904.31258856956,568315.41734375,154983.00571960045,0.7308486244180797,0.09407485914624598,0.7403247318288195,0.08691329277300179,0.523300022348212,0.2898490079235775,3715635.5775,1001351.787558536,18236.043021298367,237002.3448789264,1230234.2344888016,227287.2245610139,0.36252617667230447,0.09902638402370112,0.58868082468575,0.372633487802778,0.8650624620766262,0.05070259738253262,0.8783018286424101,0.052878739002995785,690726.8188017324,267534.8213432472,486596.36655819847,195292.67002758937,0.908346925107695,0.05612963317250283,545666.3059330189,271210.2809399443,2.3533450871585795,1.8057746818384819,2.3533450871585795,1.8057746818384819,0.17749830068961533,0.08841032838028183,1355451.1791203343,110940.45914913107,1406226.2463913795,140192.477898977,50775.06727104504,53110.649551084396,1450736.5100080776,133277.58779250027,5.02,3.548440301234977,22.217235732643793,5.57457250283485,168.0,0.0,42.0,0.0,1257871.7302536683,875556.249530785,0.7369573027740436,0.8589872646073294,0.8877524177578834,2100,245832.1772539043,24.290767739782364,65183.241574506974,0.02758008409216972
XGBoost__provided_plus_rdkit_descriptors,XGBoost,provided_plus_rdkit_descriptors,215,1266237.2674424753,226684.92087431517,882392.2574654797,138538.92758744722,575863.871875,140869.8711015102,0.7106922958089615,0.11510453023050261,0.725199732585429,0.10510778764258256,0.5364852647406103,0.2345775020138421,3955321.9475,1154371.353643354,-7070.375314316857,281552.381776604,1251387.7566177214,220229.09983171,0.36282678048766237,0.10084783591302536,0.5564582668122646,0.32333929065551476,0.8583451584818204,0.06148453254435455,0.8745133644241824,0.05571373190737513,712079.1438206609,261323.70134083802,503525.5076469173,188104.11807788283,0.9048797810577234,0.051589512904388214,554158.1236218147,357905.11867062893,3.476737186152006,7.1975281922559775,3.476737186152006,7.1975281922559775,0.19418748524876184,0.12727573685899454,1389426.5571895675,125318.03748789185,1446747.9006437447,155982.73115698618,57321.34345417723,55014.946894120985,1501531.1436730733,164331.57986953278,5.44,3.233498137324596,21.663682698882695,6.593797950376505,172.0,0.0,43.0,0.0,1285968.5648354494,882392.2574654797,0.7274486457208069,0.8529215588466474,0.8844160420330606,2150,273929.01183568547,27.06702628605162,-28096.83458178118,-0.009508657053236669
XGBoost__provided_plus_rdkit_descriptors,XGBoost,provided_plus_rdkit_descriptors,220,1208571.5506285771,268128.02332937456,854452.7998552913,181564.69438435606,563534.3446875,149282.86621641714,0.7368502879204,0.11771456343790045,0.7474199595441375,0.10924943742774985,0.48254895929577346,0.20202158268749842,3632651.63125,1113487.865410705,20027.027594992895,248825.8881066624,1199511.4768304452,258294.35479220148,0.34749439662923726,0.0886403605883607,0.5169195058590572,0.23779929852334067,0.8702234602245401,0.05879958414340966,0.8864988729131982,0.05615233828103282,643130.8701039494,270053.69368080975,447220.64730368875,191904.649504325,0.9186322254042659,0.057244020427465285,565440.6805246276,280361.9021063154,2.717441522755432,3.169175249571355,2.717441522755432,3.169175249571355,0.18178193748386598,0.09851241971063758,1371815.1218676341,97625.9963315123,1422107.820474302,122108.50606167119,50292.69860666783,51231.21782639245,1477271.5944605074,129444.35575235079,4.8,3.1943828249996997,23.576913883486004,6.39692449570054,176.0,0.0,44.0,0.0,1237376.2472042975,854452.7998552911,0.7465633746051754,0.8642498585086167,0.8941488730396192,2200,225336.69420453347,22.265601530752228,48592.31763115199,0.019114728884368493
XGBoost__provided_plus_rdkit_descriptors,XGBoost,provided_plus_rdkit_descriptors,225,1183838.8951898988,205658.75350592515,828204.2968849826,135077.16021418633,531600.89125,114554.91394283035,0.7531459386210024,0.089857591377535,0.7610882630800326,0.0847968609543953,0.45338135254568535,0.13164318487388962,3679855.21875,877157.9909881385,16497.461309461807,212778.75458941844,1178826.1150436148,203115.5690341765,0.33712234273230207,0.07507457541067951,0.556315152638099,0.33444142566690477,0.8750872285519122,0.04731588140459244,0.8933611776382046,0.058709323839152464,645782.1275984532,210694.785390909,452392.4474144152,151402.02346216686,0.9236645556243928,0.040013351304379045,538056.7675914457,280293.8978455818,2.1588423013246865,1.221241189652418,2.1588423013246865,1.221241189652418,0.17051861700339027,0.09417687753466637,1344322.1378606067,133918.51631460834,1381546.3874046365,144587.58407431052,37224.24954402991,37114.68875269097,1432873.5219896503,155457.34012548137,3.78,2.6364013815991596,23.604835081810265,5.521911911173798,180.0,0.0,45.0,0.0,1201217.7746770894,828204.2968849826,0.7614166282098245,0.8727644862955894,0.9013586979466048,2250,189178.22167732543,18.692769577689575,36158.47252720804,0.014853253604649064
XGBoost__provided_plus_rdkit_descriptors,XGBoost,provided_plus_rdkit_descriptors,230,1151397.9682047188,222387.93095746264,826882.6926120924,154145.01558860252,540136.43125,128843.1182462036,0.7670820083918667,0.09428198710135316,0.7720866758854962,0.09147852065536903,0.46922689299642756,0.20463440699458327,3284971.56625,785977.8011508498,6472.626382472826,172206.539134415,1151965.6054537864,221190.1601296093,0.3803167928237973,0.154578227045853,0.7316550658062614,0.6379879799227736,0.8819882687032252,0.05281564325440373,0.9015312658953216,0.05340059571431092,637889.8005837238,265616.9609276415,451159.302478452,193053.86685121682,0.9217814917790773,0.05620056064078151,513508.16762099497,259950.40450470592,2.289325319558597,1.4144189775399407,2.289325319558597,1.4144189775399407,0.1546994833872106,0.08336850879635042,1326372.0235089113,120850.01813238935,1375610.079235389,142607.78574550306,49238.05572647768,47365.44184619364,1417958.50057624,145291.05906288352,4.28,2.725840068975554,23.606063453686296,6.011951174275185,184.0,0.0,46.0,0.0,1172256.1772858289,826882.6926120924,0.7754859984015818,0.8806931412028024,0.9096057547221172,2300,160216.62428606488,15.831063500549,28961.597391260555,0.014069370191757358
XGBoost__provided_plus_rdkit_descriptors,XGBoost,provided_plus_rdkit_descriptors,235,1137776.4247767976,183375.98421159052,809928.1842161528,141200.5133199859,549251.885625,136157.59779746432,0.7716046799479094,0.07679683624650004,0.7761226342827523,0.07468817470361208,0.47684081803298606,0.1656005982412788,3576152.5375,894615.3553819015,12479.767233315324,162380.98659748302,1138968.9072652988,182210.33871074152,0.348669976442318,0.11599843052733116,0.5785287548477624,0.44254048918261973,0.8845112955878424,0.04123242031548323,0.8981079879927892,0.04311781792912518,596181.5434825581,247957.11842318476,421030.2759824842,181094.94028602837,0.9300788722108422,0.04776731098849417,541594.8812942394,248121.44468279436,2.6022206140710513,2.15101234011919,2.6022206140710513,2.15101234011919,0.15847419226293286,0.07736944549197511,1312621.5790063757,108832.65846873904,1349477.6907673615,121805.63881662615,36856.111760985645,42992.450036061775,1407875.9271876991,127971.7422199384,4.72,2.814249455894058,22.855569883563486,5.941796868743815,188.0,0.0,47.0,0.0,1152167.2662125623,809928.1842161528,0.7797942447439145,0.8830750755747384,0.9062574761682772,2350,140127.71321279835,13.846070817830084,20088.91107326653,0.004308246342332622
XGBoost__provided_plus_rdkit_descriptors,XGBoost,provided_plus_rdkit_descriptors,240,1140600.4452387374,167751.2038603155,799690.0394433594,127066.57511449401,520332.40203125,151370.5267823159,0.7781886465092447,0.060681593002826106,0.7839608815978123,0.06058708453650283,0.4439236895412607,0.2222667916836558,3528701.955,723972.8982280525,-3267.9282714843757,185544.23150899107,1137317.1259562178,171597.76825668328,0.34331380272329953,0.09627041504463944,0.6187043166901368,0.4718064122616657,0.888744077894897,0.03440777493200387,0.9064490856202246,0.04186842893099859,610460.4795904019,231829.5810746644,425460.4398098405,164515.8191640406,0.9296831389067988,0.04313285910825785,530139.9656483356,217770.06329025986,2.334727918840538,1.4979971105261594,2.334727918840538,1.4979971105261594,0.15149449239755408,0.052762080231418165,1276137.788061737,105880.82183660229,1329522.5857890726,116839.77014721525,53384.79772733551,48585.583490223085,1369265.053664675,121024.49365017242,4.92,2.8631365703382303,22.735047229672045,5.059438817555405,192.0,0.0,48.0,0.0,1152626.146132153,799690.0394433594,0.7828131447922194,0.8847869323349382,0.9146316483730544,2400,140586.593132389,13.891412911252274,-458.8799195906613,0.003018900048304962
XGBoost__provided_plus_rdkit_descriptors,XGBoost,provided_plus_rdkit_descriptors,245,1141118.5128536914,192528.48077767156,797807.908531569,132660.22589548057,522313.49875,121031.29960830067,0.771371016260831,0.07762276315896556,0.7758567970520654,0.07604350424241403,0.42044528902262845,0.15216240271939457,3649830.425,798314.05495562,2109.4680564413297,158743.098840104,1142094.2983182557,193697.84065909634,0.3154636744964934,0.06433698293444817,0.465980643434007,0.21916028263624326,0.8852661609480263,0.0375979200803709,0.9075363985467275,0.033480802301378815,603112.7080028548,263716.2998138687,420908.6643101906,190497.72894669123,0.9280944621116377,0.04725116952183291,538005.8048508363,252862.97026468295,2.7926648639446556,2.9565089354545564,2.7926648639446556,2.9565089354545564,0.1567234458508067,0.07766717177067912,1280593.2060986517,105016.69854012321,1320162.658387335,117863.73668174754,39569.4522886833,42052.12363806078,1370339.850291285,127798.65163275186,4.36,2.833905504451986,23.4869614540316,5.854658163484807,196.0,0.0,49.0,0.0,1156925.8109186462,797807.9085315688,0.7788395735274324,0.8825421572167648,0.9172600483698806,2450,144886.25791888218,14.316264368267825,-4299.664786493173,-0.003973571264787035
XGBoost__provided_plus_rdkit_descriptors,XGBoost,provided_plus_rdkit_descriptors,250,1182203.4089375031,229977.10703042784,817343.5253130859,145902.08488190206,520345.763671875,135835.70195817956,0.7490544834787382,0.15661954706022663,0.7602520733886244,0.1272707788817457,0.448794485556447,0.15523618378701518,3808540.295,1027080.9721175442,5275.940749414066,235940.7857925597,1174242.4398913505,213032.4138831466,0.34186612081140166,0.08118250641001525,0.5800364512171847,0.37589210650287547,0.8817490426912209,0.04704869445003114,0.9066084168652522,0.03666978656433861,600821.6696293819,237587.48085362476,420833.7342482422,172073.60903276005,0.9317565550051734,0.04293188483157515,581381.7393081214,290872.0475847882,2.445461666419133,1.426096165280869,2.445461666419133,1.426096165280869,0.18270207152643525,0.1553576412867345,1253081.0228720114,97501.28830149482,1290318.4415980957,109990.75125005793,37237.41872608424,38136.27766919175,1334480.2629835017,123212.35852483052,4.18,2.7157139099721688,23.77931455600008,7.112302027655225,200.0,0.0,50.0,0.0,1203925.487921232,817343.525313086,0.7625419890943644,0.8734037253190624,0.9093525453443424,2500,191885.9349214679,18.960319718009348,-46999.677002585726,-0.016297584433067946
XGBoost__provided_plus_rdkit_descriptors,XGBoost,provided_plus_rdkit_descriptors,255,1134159.7479717585,197590.2813607153,797152.2429568782,128737.7399030648,508489.494375,98711.32278574325,0.774948134225344,0.07029437772941978,0.7804396121898813,0.07005128318067398,0.467856414110485,0.2533995200526834,3472215.9325,771967.2042667274,-19487.443937270218,181474.95576853474,1130757.979879129,199872.54119664666,0.35200159484253857,0.12060861957415818,0.633385697217814,0.4924966389041117,0.8863920287009937,0.03990385822352672,0.9058181936014145,0.032167501283709224,653704.2904603971,217029.07627823495,457214.0743739708,156235.35004920492,0.9208876424757176,0.04241685110740911,480455.4575113614,206137.91914993493,2.020501790610764,1.0578997687005551,2.020501790610764,1.0578997687005551,0.14593950825037358,0.06451464714466881,1249294.3797249505,106910.47764400479,1305499.055031331,123088.7243719799,56204.675306380406,49376.69645509768,1346416.7762170308,128011.48550791998,5.04,2.3986390699217552,21.960244681886415,4.836162485581289,204.0,0.0,51.0,0.0,1150903.7382951735,797152.242956878,0.7788885703391819,0.8826063593888609,0.9127981775041774,2550,138864.18529540952,13.721221160161704,53021.74962605839,0.01634658124481747
XGBoost__provided_plus_rdkit_descriptors,XGBoost,provided_plus_rdkit_descriptors,260,1114937.9169892734,182833.45302792534,782678.9854597355,139421.69278587317,498188.3796875,120508.32177288862,0.7798918950965488,0.08142274900321021,0.7836721962889854,0.07953035255520294,0.4350330837169226,0.1403094328873357,3637011.9575,874990.7290152158,10678.81813401442,144615.89248107787,1116622.437146561,183512.6773980763,0.3273389503625188,0.07861823391557364,0.5226712967183945,0.32971084832779646,0.8891838301027893,0.043575402173872534,0.9089967565972711,0.04199377753298933,594721.0375931306,241757.0114121288,416104.924430096,175667.19668761807,0.9314921408342659,0.04764536742776655,520216.8793961428,235889.84401055548,2.3134583020770427,1.2823158481923482,2.3134583020770427,1.2823158481923482,0.15160024573771705,0.07798875515937997,1256917.1914939613,86302.5473101968,1305112.2242547206,104923.81993276211,48195.032760759444,54147.8249826495,1345688.1558143308,109266.04632134954,4.04,2.6415827043031364,23.635866517048903,6.467803901361906,208.0,0.0,52.0,0.0,1129533.5625184283,782678.9854597356,0.7878515163761243,0.8876877061622899,0.9180141644830027,2600,117494.00951866433,11.609626241425342,21370.175776745193,0.008962946036942365
XGBoost__provided_plus_rdkit_descriptors,XGBoost,provided_plus_rdkit_descriptors,265,1091441.4427948727,185392.89579271775,768214.92796875,133856.8651226939,490398.2225,116836.2907699383,0.7920065998937236,0.06627431186287526,0.7994581089968742,0.06305666348238206,0.42086933113461944,0.11874808895700109,3455367.775,826789.1967761834,-6417.812449882078,209601.70194808158,1082599.2270370412,182215.92006701656,0.31765578307873776,0.08834235822779245,0.5056811000837481,0.34822664978331697,0.8980736530087793,0.035607061276783224,0.922083897047663,0.02843949597040223,612526.836557805,240943.40989253946,428696.4909925238,176316.3176926676,0.9282466542559763,0.044620307336422284,478914.6062370677,245300.87187104372,2.369432699973469,2.139039971765364,2.369432699973469,2.139039971765364,0.1362400543622527,0.06422413759700099,1243477.7578456032,100232.76876948353,1292843.8298369115,125302.48511929401,49366.07199130857,47892.90411918628,1332400.1435129077,124724.36874543666,4.66,2.684878289340399,23.595016612761093,6.23912826815988,212.0,0.0,53.0,0.0,1106764.445735566,768214.92796875,0.7961378250523004,0.8924089064098485,0.923569248174278,2650,94724.8927358021,9.359801447979986,22769.116782862227,0.00828630867617608
XGBoost__provided_plus_rdkit_descriptors,XGBoost,provided_plus_rdkit_descriptors,270,1088305.4010662185,191743.4555892677,770835.6050124782,136584.2062852451,504461.93875,121750.300039206,0.7948057302896104,0.07113489627445747,0.8004734882498817,0.06982510408129393,0.42705689589865203,0.17262686276619957,3402978.055,797269.0462854262,21665.51458821615,183590.99588566224,1083168.5899994764,191872.6560700455,0.3483487820063836,0.09956071233698513,0.687404811063567,0.506967921167769,0.8971968952179504,0.038359099844410466,0.9167943972103642,0.034324838477996576,563135.9285662323,250943.69153158995,394042.1093730559,180115.83106148615,0.938513792237642,0.043591969219308746,525169.4724999862,241872.99277692963,2.6379032003747143,2.116955729854148,2.6379032003747143,2.116955729854148,0.14370806194803146,0.05522778671014425,1208512.4943865987,98517.19464922904,1244903.5277069896,115098.83500163825,36391.03332039108,40564.92800871227,1289333.8819714654,115982.03325584398,3.74,2.553988477432336,25.03371066992322,6.386585341748258,216.0,0.0,54.0,0.0,1104734.7589788192,770835.6050124783,0.8008756900036671,0.8949667455693961,0.9226378979731653,2700,92695.20597905526,9.1592473539497,2029.6867567468435,0.004737864951366744
XGBoost__provided_plus_rdkit_descriptors,XGBoost,provided_plus_rdkit_descriptors,275,1049792.810030748,175394.13892223945,745539.4535880681,125586.66270759948,487751.8515625,135807.10582734903,0.8094381780280238,0.0556749972079416,0.8142913803339888,0.05388324912146616,0.4236270551246173,0.2282173131388235,3265925.1825,767225.8918685167,6388.162911931819,169406.58528935688,1046178.4995357475,174972.96144358168,0.3313208107283751,0.10411601558642423,0.6084930422235544,0.5022723763432598,0.9055224877794162,0.029822978647098954,0.9249225747694504,0.026557992819457848,567462.4826917346,247809.09021096033,395630.48085813207,177768.16678006088,0.9358853348183515,0.044086038969052554,482330.3273390132,264675.4384743334,2.6069480416104924,2.4778050703814203,2.6069480416104924,2.4778050703814203,0.12644715679032772,0.05645160776819742,1188195.5703271131,107706.27540377152,1228644.648274135,133853.3985952989,40449.07794702192,47346.218060058345,1273240.3421271131,134402.54207679248,3.7,2.1309191271680423,23.95338935845095,6.432806758008259,220.0,0.0,55.0,0.0,1064054.8791679696,745539.4535880681,0.8114560391827212,0.9008361655915836,0.9262084937130824,2750,52015.32616820559,5.139653486272164,40679.87981084967,0.01058034917905415
XGBoost__provided_plus_rdkit_descriptors,XGBoost,provided_plus_rdkit_descriptors,280,1078510.7381636286,201858.16577251643,751784.6334428188,127856.72552775133,475486.356875,102905.85021874597,0.8018060711621381,0.06746407366892074,0.8061463139827897,0.0664725156559193,0.4069734966543742,0.1293798784910472,3550489.595,1054392.5570384793,3289.984085083008,157607.2458924459,1076607.68834406,204817.17152022407,0.3062756681523123,0.06507009620097527,0.48208293603072044,0.2559204718532025,0.9012763890390656,0.03575765561522241,0.9222806624292572,0.027738697032109908,577031.2900768162,239380.18231850848,401925.5316224452,174926.11083091708,0.935675654894436,0.04526183154525498,501479.44808681234,233339.14609071528,2.364591126928289,1.6254466263663023,2.364591126928289,1.6254466263663023,0.13386958373229801,0.06588091606122888,1222218.270654665,97464.71471990959,1258365.6354361204,119288.16428676774,36147.36478145537,41064.07655896616,1302380.388827506,120700.62729121998,3.68,2.461458004964553,24.58666929143483,6.395551972849234,224.0,0.0,56.0,0.0,1096866.9914996617,751784.6334428188,0.8026322901815686,0.8959849023933152,0.9260223374675056,2800,84827.43849989772,8.381830359145805,-32812.11233169213,-0.008823749001152681
XGBoost__provided_plus_rdkit_descriptors,XGBoost,provided_plus_rdkit_descriptors,285,1079918.8782712687,184575.47161989898,764231.8723358689,130799.97250165361,491621.42203125,107075.44730809744,0.7994770617476198,0.060737870833684204,0.8037921435486112,0.05777371513694895,0.43437537325765674,0.154719350855719,3374738.44,715296.6918785818,-5539.317127535636,165070.12016918662,1078138.346640913,179112.3521573488,0.3302960758502468,0.1278191454620418,0.5539590141017318,0.483659910744269,0.8994951357046165,0.03111562759099224,0.9196239681773328,0.026126580389681152,627172.6316611494,210476.83788505598,438607.03401926137,149756.47965602344,0.9275498659679805,0.040001895691945163,452746.2466101192,211116.6285291532,1.9976064600158532,1.0575464969206032,1.9976064600158532,1.0575464969206032,0.12807280422036077,0.054445985586667266,1188891.133053231,109150.56926796846,1228480.7045794863,126160.35177661265,39589.57152625533,44224.328678258054,1269324.2579983603,123760.08234647916,4.08,2.2024105532116303,23.01058188176291,4.6790919588667155,228.0,0.0,57.0,0.0,1095267.7874729582,764231.872335869,0.8015110722920482,0.8953875857298168,0.9279073898679275,2850,83228.23447319423,8.22381242180696,1599.20402670349,-0.001121217889520354
XGBoost__provided_plus_rdkit_descriptors,XGBoost,provided_plus_rdkit_descriptors,290,1049285.6523438636,211182.0240413174,739472.9510455112,141002.97481177183,480525.5925390625,105593.10430516764,0.8107138904889437,0.0645728914139351,0.8172747032776606,0.056261387982497225,0.38073621123197954,0.13073443457564393,3380628.56,934820.5258011912,-15078.426368787037,205317.29737772368,1041757.2275258653,194994.78188327322,0.3091488422183032,0.07989706600756219,0.5333066572906224,0.39224162602904755,0.9087924780337754,0.028912785977057962,0.9301973357642662,0.020920582750239412,592525.8377805495,238916.8011485276,411971.18077951367,170414.8485264861,0.9328378165192527,0.04172989057625145,456759.8145633142,245269.42035581687,2.254929090386191,1.4985401311301147,2.254929090386191,1.4985401311301147,0.12212392603030889,0.05781812026601569,1170487.281371275,106281.73349923322,1214041.8563792643,138775.037513567,43554.575007989326,52008.486813519434,1254037.450566016,129708.16576160256,3.78,2.401445143139898,24.168363087037235,5.570554841380341,232.0,0.0,58.0,0.0,1069909.4683884762,739472.9510455112,0.8114080205691944,0.9008500421364194,0.9334135909377133,2900,57869.915388712194,5.71814759780695,25358.319084482035,0.009896948277146156
XGBoost__provided_plus_rdkit_descriptors,XGBoost,provided_plus_rdkit_descriptors,295,1022906.5875459049,161885.000059817,709017.5259321,114262.70481010547,457002.2571875,115699.42464199902,0.8194683072680295,0.04925357063940086,0.8239646462699048,0.04726258371165583,0.3658416471020864,0.10949091871549294,3350527.8625,750399.7491713864,3677.8377596373466,165439.8861367388,1018785.1582976272,160615.03368710604,0.32030920304253585,0.11382152770970144,0.6300021945100213,0.5452770916128433,0.9103181151160976,0.02597841246602382,0.9306101634079895,0.02708854528355606,511309.7877228012,238736.7361664961,353650.3595260465,168692.46990400087,0.9471996080355334,0.04227790315743508,511596.7998231037,257382.92794096944,2.8715363205198288,2.8628017626504927,2.8715363205198288,2.8628017626504927,0.12773130076750377,0.050801171106569565,1148227.6569972606,96628.58145962878,1190059.3788117717,125038.69992031682,41831.721814511,49095.989550951206,1233968.0237836663,122959.88757336512,3.44,2.348773018807384,25.300486927389933,5.268245336226681,236.0,0.0,59.0,0.0,1035384.2306237272,709017.5259320999,0.8219615434767541,0.9066416307334086,0.9348169759879369,2950,23344.677623963216,2.306696171584181,34525.23776474898,0.010553522907559731
XGBoost__provided_plus_rdkit_descriptors,XGBoost,provided_plus_rdkit_descriptors,300,992652.2465323652,199145.0458226991,697163.5674954428,144782.18533230486,446050.4646875,107108.2463839797,0.829984927030992,0.05994399241936981,0.8338121410917807,0.058019799791199776,0.36535109942811234,0.12499670605443854,3176002.125,774934.1393299691,11418.505192057293,148901.62505775262,990248.6912229556,198879.9975427113,0.3058593901562491,0.10506903524966131,0.5811126341573903,0.49377908193151604,0.9151106357592051,0.0314636414459426,0.9356046737719533,0.02569602202389789,515759.8210501625,264085.45659142965,358649.751618454,186423.43836947813,0.9445572979213966,0.045768849220419065,476892.42548220285,204544.36766620466,2.575420499626046,1.5161977477671573,2.575420499626046,1.5161977477671573,0.11457237089040456,0.04710835066270605,1145947.3920309,88101.37486212868,1182436.223834252,113199.70700300999,36488.83180335188,42916.967588085776,1219378.7881196635,111072.28051863404,3.06,2.2804403441584054,26.10382400055029,7.458405141261835,240.0,0.0,60.0,0.0,1012039.552999764,697163.5674954427,0.8313345919059789,0.911852670638725,0.940435737937086,3000,0.0,0.0,23344.677623963216,0.009373048429224817
