n_subset,repeat_01,repeat_02,repeat_03,repeat_04,repeat_05,repeat_06,repeat_07,repeat_08,repeat_09,repeat_10
30,1849790.3875,1908185.6580729163,2016383.7083333333,1225437.1177083333,2146349.9083333337,1812812.4875,1697781.3895833332,2095155.6885416668,1863293.2416666665,1817984.8375
35,1503317.030357143,2241826.2888392857,1994811.267857143,1232389.032142857,2230790.151785714,1993520.8964285715,1782958.526785714,1743000.3330357142,1825830.3455357142,1982994.2285714287
40,1603379.784375,2107839.646875,1790864.33515625,1811773.98515625,1653026.7046875,1761037.7966796875,1540292.79296875,1883095.990625,1787795.556640625,1610208.83671875
45,1511350.1194444443,1772476.0541666667,1302217.2361111112,1541539.5600694444,1660578.538888889,1762250.1958333333,1899755.362152778,1936755.609722222,1821358.9041666668,1826374.85625
50,1914985.860625,2086522.34625,1113082.4368750001,1559723.5725,1557229.3725,1885575.871875,1448399.0,1698719.40875,1629237.853125,2010688.0675000001
55,1717363.780681818,1460982.5465909091,1155423.4443181818,1322824.5056818181,1484613.8755681817,1505522.2420454544,1496004.065909091,1510864.7826704546,1537180.878409091,1754865.0551136364
60,1560028.0940104167,1578718.5114583333,1649068.5536458334,1662890.408203125,1850218.14375,1372793.066666667,1635116.4354166666,1496147.902604167,1702469.9798828126,1664960.0635416666
65,1367876.4442307693,1560513.4894230769,1716086.5740384615,1507863.9908653847,1722435.296153846,1667171.585576923,1497376.11875,1369282.6230769232,1482787.9740384617,1233828.6682692308
70,1912795.64375,1631704.5745535712,1382163.4892857142,1735537.78125,1541151.9933035714,1450845.089285714,1554916.4392857142,1591630.1544642858,1366168.4915178572,1426925.25625
75,1238708.095,1416641.9289583333,1457087.1643750002,1557536.8775,1097974.2491666668,1381277.6091666666,1454387.886875,1874017.675,1341055.3063541665,1457005.0462500001
80,1321447.80078125,1376977.408203125,1206543.53359375,1264025.66484375,1192897.274609375,1433866.233984375,1323873.24296875,1380602.2359375,1238320.0828125,1351015.203125
85,1166334.427757353,1259766.4908088236,1186908.622242647,1728886.139522059,1320882.5698529412,1300550.3551470588,1297499.1376838235,1439318.644117647,1377349.2922794118,1590622.549632353
90,1584859.1552083334,1376597.6715277778,1353939.3743055556,1367184.1045138887,1527533.471875,1190551.5225694445,1362980.7690321181,1425496.7392361113,1459082.007638889,1146413.8520833333
95,1358266.2039473685,1527738.6006578947,1403957.332894737,1397480.554276316,1389625.1085526315,1330957.29375,1290103.6674342104,1355698.1690789475,1245965.5356907896,1262163.99375
100,1188524.78875,1287581.2606249999,1231869.0231249998,1394012.13453125,1407197.2271874999,1279816.5371875,1281139.3621874999,1414235.64203125,1241193.9375,1338610.035625
105,1053805.1952380952,1241891.8745535715,1151281.7104166667,1146932.5876488094,1112326.5114583333,1429725.9111607142,1188412.4026785714,1308014.2696428571,1246212.2258928572,1204000.0821428571
110,1149655.5261363636,1099114.3556818182,1468112.927840909,1113109.0839488637,1265280.4132102274,1274351.394034091,1222909.3397727273,1119900.1738636363,1366003.1974431819,1236033.7841619318
115,1494611.472826087,1191552.7978600543,1179901.7260869567,1111751.2330163042,1422842.2592391304,1050614.769361413,1029184.9402173914,1370958.4880434782,1440251.4375,1044313.3114130435
120,1187602.6018229167,1138823.171875,1321443.0572916667,1105080.4651041667,1105158.5188802083,1288772.0015625,1106845.09296875,1273887.2944010417,1227400.594140625,1077644.9052734375
125,1091861.9125,1067343.47125,1373559.903,1100233.418,1173587.99275,1167391.4945,1092028.29175,1094938.62225,1268700.85025,1503794.059
130,1265185.50398137,916902.885152494,1034096.2990985576,1153502.0297438402,1394767.2110576923,1269658.208653846,1022250.4197115384,1128402.094110577,1079131.7724759616,1211571.6777644232
135,1198156.8111111112,1307448.816435185,1243085.8662037037,1148754.2398148149,890989.555649595,1265356.0578703703,1172580.4466435185,1140284.085691551,1154445.131712963,1078862.8037037037
140,1303370.6133928571,1132356.767075893,1052548.16015625,1075001.8620535715,1087151.1562220983,1051061.532924107,1104116.9055803572,1077406.5917410715,1093090.2763392855,991382.6191964286
145,1145166.53908944,900872.9195581896,1113698.6510775862,1188764.4290948275,1254651.8551724139,1175924.8235991378,1038689.6326508621,958782.3681034483,1091174.452262931,955301.0642241379
150,1050839.7189583334,1019596.0,1098688.1388541667,867862.4171354168,1117727.8678124999,968320.840625,1010509.9495833333,1164914.9410937498,923961.7451822916,1033641.025
155,847206.5901209678,1029161.2779737903,963821.9344758065,1133380.3469758064,832981.9442130796,1112238.7472026208,956999.3403225805,1093972.521219758,940052.4615927419,1093719.8074596773
160,944280.684375,1146631.3431152343,1039362.6229614258,1065308.9731445312,926421.3904296875,962738.0033203125,1127417.0743164062,1141561.89609375,1178254.8092773438,1078124.9052734375
165,991142.8199810606,1020607.9443181818,1064627.6438210227,967424.8370501895,965865.4833333334,1204686.3073390152,1044004.6553030303,1028183.6936553031,1020641.618465909,873122.1857007577
170,1000409.5080652575,931103.538235294,885652.3619485295,1066739.4165441175,974934.1244485294,1003919.4207720587,984680.920680147,873575.756617647,973032.7953814337,1011078.5053538602
175,896445.7554464287,1052593.9217410716,875194.2720535714,888217.7282589286,1063821.7908928571,965897.1082142858,769863.3821874999,999124.0409821428,1108395.6022321428,980690.3363392856
180,947701.2368055556,922474.4450846354,1053417.9933159722,1006683.2316840278,973319.4949652778,962439.6518229168,1047314.9919270832,855434.1095052084,933980.5935763888,820330.9883246528
185,942571.1279560812,917916.3407094594,904863.3048141891,892239.3343961149,985033.3172297297,953237.6623099663,992283.1950591216,1049649.8184543918,890440.3103040541,964742.2096283784
190,905428.0365953946,826317.4379523026,809198.5965460527,933486.047368421,945031.794819079,913670.4560032894,817102.4007195723,1010528.5136513158,824852.8910361843,828414.65625
195,954795.3638221154,889874.9673076924,880952.6630208334,972107.5035957532,840426.1532852564,900988.0919070512,972168.7870192308,938570.1167067308,978265.8788461538,940872.7713141026
200,835210.9299999999,1037199.1145434572,944494.5214453125,1042243.4398828124,975367.9703710938,798869.7459374999,855770.59109375,897052.078515625,893367.9330468749,922740.456015625
205,958677.3708079269,855018.6896341464,1057473.1328887194,911130.1044207318,961842.6064596036,790835.8172256097,816054.2679115854,1029916.824352134,937605.2783536585,825084.5306402439
210,788239.7764880953,956268.4563988096,876673.790922619,916904.0301339285,979721.7406575519,733469.9634300595,923441.9370535715,832960.0008556547,828203.6818452381,919679.1175223214
215,985828.2021802325,944874.0983284883,916644.0082122093,1012059.9876453489,856611.648582849,752457.8415697674,848380.444803779,887744.4924418606,814321.4749273255,805000.3759629361
220,806172.6791370738,729231.2814630682,908621.1203835227,892619.011825284,845473.6733931107,813461.0207386364,902345.3229403408,903148.7859730113,773232.5407670455,970222.5619318181
225,815429.239375,868948.4671180556,880158.0944444444,855748.3505555555,770435.7984548612,828003.7840277778,862773.1818880208,812586.7541840278,806711.631857639,781247.6669444444
230,781597.3741847826,856499.3107676631,838959.5472146738,813753.1588315218,931265.4148097826,852569.2379755436,988511.6101222826,752687.0980298913,722756.5459239131,730227.6282608695
235,809070.6352393618,810258.788031915,809270.8293218085,701247.3574800532,754672.696875,782522.3691489361,826014.3979128574,825192.6770611701,894015.9194148935,887016.1716755319
240,831986.9759073893,710893.027327474,784011.6194661458,786983.917631022,740518.288671875,875440.5493815104,822628.3615885417,764689.5029947917,784880.7800455729,894867.3714192708
245,756672.2085140307,790631.6055006378,862946.9685586735,816760.8804846939,855736.0348533163,761804.7882971938,810131.4914540816,749660.5044961735,766128.486607143,807606.116549745
250,717429.646453125,881112.31659375,824490.0353125001,928976.2256875001,763717.238625,731125.39053125,756196.208703125,843256.011125,825692.5341308594,901439.6459687499
255,710947.852879902,756791.575490196,789161.7983685662,800060.3699754903,835668.2003982842,875944.520132506,816923.2877757353,842859.1132582721,721544.9489889706,821620.7623008579
260,801402.9568359375,773083.9518028846,784963.7702599159,761492.7302884615,757364.3418569712,805803.7538461538,715765.9721754808,779192.1680363582,822414.5109375,825305.6985576923
265,715403.3530881486,770518.7885023585,746752.5207252358,857764.7829599057,685386.0560510023,789422.6304245283,780996.0449292453,790157.3722287735,708294.4764740566,837453.2543042453
270,781972.4030960648,797815.2797670718,707828.0655381945,773788.7354673032,757441.5796585649,817398.2713234231,780830.4765046297,700181.9351996528,722089.6558846933,869009.6476851851
275,763549.5742613636,685357.3315340909,725732.2418607954,744255.5776988637,794499.8262499999,675801.9333664773,771335.7631818182,722413.3271164773,752529.0860653409,819919.8745454546
280,754482.8357142856,691022.2375,767840.5902483258,748458.51484375,822428.965234375,749758.8423941477,737314.2763950892,783831.5419363839,786530.1319754465,676178.398186384
285,690871.5081688596,842454.877055921,798843.6662828948,778917.1648574562,762211.6133669134,767147.433580044,723637.3587993421,731380.8760690789,743870.5505071272,802983.6746710527
290,675732.1234105604,854352.035075431,636745.5951508621,700145.2581155711,776136.8127247777,704430.6837823276,715717.7565732759,782356.7609913793,764245.3395878233,784867.1450431034
295,731511.5506620763,717338.9522775423,722258.3580111229,660304.7144332627,736100.609099204,619988.066181144,738220.8615730932,693816.1026483051,712502.1392180879,758133.905217161
300,708659.9294010417,768170.5881315104,727009.7869531249,715393.8583854167,637399.4080078125,723223.5118880209,698321.9595833333,630011.42359375,690990.4658854167,672454.743125
